{
	"credit": "Yuushya",
	"textures": {
		"1": "block/carrots_stage3",
		"particle": "block/crop/carrot0"
	},
	"elements": [
		{
			"name": "1",
			"from": [11, -1, 7],
			"to": [12, 0, 8],
			
			"faces": {
				"north": {"uv": [9, 5, 10, 6], "texture": "#1"},
				"east": {"uv": [9, 5, 10, 6], "texture": "#1"},
				"south": {"uv": [9, 5, 10, 6], "texture": "#1"},
				"west": {"uv": [9, 5, 10, 6], "texture": "#1"},
				"up": {"uv": [9, 5, 10, 6], "texture": "#1"},
				"down": {"uv": [9, 5, 10, 6], "texture": "#1"}
			}
		},
		{
			"name": "1",
			"from": [10, -5, 6],
			"to": [13, -1, 9],
			
			"faces": {
				"north": {"uv": [1, 7, 4, 10], "texture": "#1"},
				"east": {"uv": [1, 7, 4, 10], "texture": "#1"},
				"south": {"uv": [1, 7, 4, 10], "texture": "#1"},
				"west": {"uv": [1, 7, 4, 10], "texture": "#1"},
				"up": {"uv": [1, 7, 4, 10], "texture": "#1"},
				"down": {"uv": [1, 7, 4, 10], "texture": "#1"}
			}
		},
		{
			"name": "1",
			"from": [4, -5, 10],
			"to": [7, -1, 13],
			
			"faces": {
				"north": {"uv": [1, 7, 4, 10], "texture": "#1"},
				"east": {"uv": [1, 7, 4, 10], "texture": "#1"},
				"south": {"uv": [1, 7, 4, 10], "texture": "#1"},
				"west": {"uv": [1, 7, 4, 10], "texture": "#1"},
				"up": {"uv": [1, 7, 4, 10], "texture": "#1"},
				"down": {"uv": [1, 7, 4, 10], "texture": "#1"}
			}
		},
		{
			"name": "1",
			"from": [5, -1, 11],
			"to": [6, 0, 12],
			
			"faces": {
				"north": {"uv": [9, 5, 10, 6], "texture": "#1"},
				"east": {"uv": [9, 5, 10, 6], "texture": "#1"},
				"south": {"uv": [9, 5, 10, 6], "texture": "#1"},
				"west": {"uv": [9, 5, 10, 6], "texture": "#1"},
				"up": {"uv": [9, 5, 10, 6], "texture": "#1"},
				"down": {"uv": [9, 5, 10, 6], "texture": "#1"}
			}
		},
		{
			"from": [-0.96614, -1, 4.31089],
			"to": [8.03386, 10, 4.31089],
			
			"faces": {
				"north": {"uv": [4, 3, 13, 14], "texture": "#1"},
				"east": {"uv": [0, 0, 0, 7], "texture": "#1"},
				"south": {"uv": [4, 3, 13, 14], "texture": "#1"},
				"west": {"uv": [0, 0, 0, 7], "texture": "#1"},
				"up": {"uv": [0, 0, 3, 0], "texture": "#1"},
				"down": {"uv": [0, 0, 3, 0], "texture": "#1"}
			}
		},
		{
			"from": [11.53386, -1, 3.81089],
			"to": [11.53386, 10, 12.81089],
			
			"faces": {
				"north": {"uv": [0, 0, 0, 7], "texture": "#1"},
				"east": {"uv": [4, 3, 13, 14], "texture": "#1"},
				"south": {"uv": [0, 0, 0, 7], "texture": "#1"},
				"west": {"uv": [4, 3, 13, 14], "texture": "#1"},
				"up": {"uv": [0, 0, 3, 0], "rotation": 270, "texture": "#1"},
				"down": {"uv": [0, 0, 3, 0], "rotation": 90, "texture": "#1"}
			}
		},
		{
			"from": [5.53386, -1, 6.81089],
			"to": [5.53386, 10, 15.81089],
			
			"faces": {
				"north": {"uv": [0, 0, 0, 7], "texture": "#1"},
				"east": {"uv": [4, 3, 13, 14], "texture": "#1"},
				"south": {"uv": [0, 0, 0, 7], "texture": "#1"},
				"west": {"uv": [4, 3, 13, 14], "texture": "#1"},
				"up": {"uv": [0, 0, 3, 0], "rotation": 270, "texture": "#1"},
				"down": {"uv": [0, 0, 3, 0], "rotation": 90, "texture": "#1"}
			}
		},
		{
			"from": [1.03386, -1, 11.31089],
			"to": [10.03386, 10, 11.31089],
			"rotation": {"angle": 45, "axis": "y", "origin": [5.53386, 3.5, 11.31089]},
			"faces": {
				"north": {"uv": [4, 3, 13, 14], "texture": "#1"},
				"east": {"uv": [0, 0, 0, 7], "texture": "#1"},
				"south": {"uv": [4, 3, 13, 14], "texture": "#1"},
				"west": {"uv": [0, 0, 0, 7], "texture": "#1"},
				"up": {"uv": [0, 0, 3, 0], "texture": "#1"},
				"down": {"uv": [0, 0, 3, 0], "texture": "#1"}
			}
		},
		{
			"from": [5.53386, -1, 6.81089],
			"to": [5.53386, 10, 15.81089],
			"rotation": {"angle": 45, "axis": "y", "origin": [5.53386, 3.5, 11.31089]},
			"faces": {
				"north": {"uv": [0, 0, 0, 7], "texture": "#1"},
				"east": {"uv": [4, 3, 13, 14], "texture": "#1"},
				"south": {"uv": [0, 0, 0, 7], "texture": "#1"},
				"west": {"uv": [4, 3, 13, 14], "texture": "#1"},
				"up": {"uv": [0, 0, 3, 0], "rotation": 270, "texture": "#1"},
				"down": {"uv": [0, 0, 3, 0], "rotation": 90, "texture": "#1"}
			}
		},
		{
			"from": [1.03386, -1, 11.31089],
			"to": [10.03386, 10, 11.31089],
			
			"faces": {
				"north": {"uv": [4, 3, 13, 14], "texture": "#1"},
				"east": {"uv": [0, 0, 0, 7], "texture": "#1"},
				"south": {"uv": [4, 3, 13, 14], "texture": "#1"},
				"west": {"uv": [0, 0, 0, 7], "texture": "#1"},
				"up": {"uv": [0, 0, 3, 0], "texture": "#1"},
				"down": {"uv": [0, 0, 3, 0], "texture": "#1"}
			}
		},
		{
			"from": [7.03386, -1, 8.31089],
			"to": [16.03386, 10, 8.31089],
			"rotation": {"angle": 45, "axis": "y", "origin": [11.53386, 3.5, 8.31089]},
			"faces": {
				"north": {"uv": [4, 3, 13, 14], "texture": "#1"},
				"east": {"uv": [0, 0, 0, 7], "texture": "#1"},
				"south": {"uv": [4, 3, 13, 14], "texture": "#1"},
				"west": {"uv": [0, 0, 0, 7], "texture": "#1"},
				"up": {"uv": [0, 0, 3, 0], "texture": "#1"},
				"down": {"uv": [0, 0, 3, 0], "texture": "#1"}
			}
		},
		{
			"from": [11.53386, -1, 3.81089],
			"to": [11.53386, 10, 12.81089],
			"rotation": {"angle": 45, "axis": "y", "origin": [11.53386, 3.5, 8.31089]},
			"faces": {
				"north": {"uv": [0, 0, 0, 7], "texture": "#1"},
				"east": {"uv": [4, 3, 13, 14], "texture": "#1"},
				"south": {"uv": [0, 0, 0, 7], "texture": "#1"},
				"west": {"uv": [4, 3, 13, 14], "texture": "#1"},
				"up": {"uv": [0, 0, 3, 0], "rotation": 270, "texture": "#1"},
				"down": {"uv": [0, 0, 3, 0], "rotation": 90, "texture": "#1"}
			}
		},
		{
			"from": [7.03386, -1, 8.31089],
			"to": [16.03386, 10, 8.31089],
			
			"faces": {
				"north": {"uv": [4, 3, 13, 14], "texture": "#1"},
				"east": {"uv": [0, 0, 0, 7], "texture": "#1"},
				"south": {"uv": [4, 3, 13, 14], "texture": "#1"},
				"west": {"uv": [0, 0, 0, 7], "texture": "#1"},
				"up": {"uv": [0, 0, 3, 0], "texture": "#1"},
				"down": {"uv": [0, 0, 3, 0], "texture": "#1"}
			}
		},
		{
			"from": [3.53386, -1, -0.18911],
			"to": [3.53386, 10, 8.81089],
			"rotation": {"angle": 45, "axis": "y", "origin": [3.53386, 3.5, 4.31089]},
			"faces": {
				"north": {"uv": [0, 0, 0, 7], "texture": "#1"},
				"east": {"uv": [4, 3, 13, 14], "texture": "#1"},
				"south": {"uv": [0, 0, 0, 7], "texture": "#1"},
				"west": {"uv": [4, 3, 13, 14], "texture": "#1"},
				"up": {"uv": [0, 0, 3, 0], "rotation": 270, "texture": "#1"},
				"down": {"uv": [0, 0, 3, 0], "rotation": 90, "texture": "#1"}
			}
		},
		{
			"from": [-0.96614, -1, 4.31089],
			"to": [8.03386, 10, 4.31089],
			"rotation": {"angle": 45, "axis": "y", "origin": [3.53386, 3.5, 4.31089]},
			"faces": {
				"north": {"uv": [4, 3, 13, 14], "texture": "#1"},
				"east": {"uv": [0, 0, 0, 7], "texture": "#1"},
				"south": {"uv": [4, 3, 13, 14], "texture": "#1"},
				"west": {"uv": [0, 0, 0, 7], "texture": "#1"},
				"up": {"uv": [0, 0, 3, 0], "texture": "#1"},
				"down": {"uv": [0, 0, 3, 0], "texture": "#1"}
			}
		},
		{
			"from": [3.53386, -1, -0.18911],
			"to": [3.53386, 10, 8.81089],
			
			"faces": {
				"north": {"uv": [0, 0, 0, 7], "texture": "#1"},
				"east": {"uv": [4, 3, 13, 14], "texture": "#1"},
				"south": {"uv": [0, 0, 0, 7], "texture": "#1"},
				"west": {"uv": [4, 3, 13, 14], "texture": "#1"},
				"up": {"uv": [0, 0, 3, 0], "rotation": 270, "texture": "#1"},
				"down": {"uv": [0, 0, 3, 0], "rotation": 90, "texture": "#1"}
			}
		},
		{
			"name": "1",
			"from": [3, -1, 4],
			"to": [4, 0, 5],
			
			"faces": {
				"north": {"uv": [9, 5, 10, 6], "texture": "#1"},
				"east": {"uv": [9, 5, 10, 6], "texture": "#1"},
				"south": {"uv": [9, 5, 10, 6], "texture": "#1"},
				"west": {"uv": [9, 5, 10, 6], "texture": "#1"},
				"up": {"uv": [9, 5, 10, 6], "texture": "#1"},
				"down": {"uv": [9, 5, 10, 6], "texture": "#1"}
			}
		}
	]
}