{
	"credit": "Yuushya",
	"textures": {
		"0": "block/crop/carrot",
		"1": "block/carrots_stage3",
		"particle": "block/crop/carrot"
	},
	"elements": [
		{
			"name": "1",
			"from": [9.25, -2, 5.25],
			"to": [13.75, 3, 9.75],
			
			"faces": {
				"north": {"uv": [0, 0, 5, 6], "texture": "#0"},
				"east": {"uv": [0, 0, 5, 6], "texture": "#0"},
				"south": {"uv": [0, 0, 5, 6], "texture": "#0"},
				"west": {"uv": [0, 0, 5, 6], "texture": "#0"},
				"up": {"uv": [0, 6, 5, 11], "texture": "#0"},
				"down": {"uv": [0, 6, 5, 11], "texture": "#0"}
			}
		},
		{
			"name": "1",
			"from": [10, 0, 6],
			"to": [13, 4, 9],
			
			"faces": {
				"north": {"uv": [1, 7, 4, 10], "texture": "#0"},
				"east": {"uv": [1, 7, 4, 10], "texture": "#0"},
				"south": {"uv": [1, 7, 4, 10], "texture": "#0"},
				"west": {"uv": [1, 7, 4, 10], "texture": "#0"},
				"up": {"uv": [1, 7, 4, 10], "texture": "#0"},
				"down": {"uv": [1, 7, 4, 10], "texture": "#0"}
			}
		},
		{
			"name": "1",
			"from": [4, 0, 10],
			"to": [7, 4, 13],
			
			"faces": {
				"north": {"uv": [1, 7, 4, 10], "texture": "#0"},
				"east": {"uv": [1, 7, 4, 10], "texture": "#0"},
				"south": {"uv": [1, 7, 4, 10], "texture": "#0"},
				"west": {"uv": [1, 7, 4, 10], "texture": "#0"},
				"up": {"uv": [1, 7, 4, 10], "texture": "#0"},
				"down": {"uv": [1, 7, 4, 10], "texture": "#0"}
			}
		},
		{
			"name": "1",
			"from": [3.25, -2, 9.25],
			"to": [7.75, 3, 13.75],
			
			"faces": {
				"north": {"uv": [0, 0, 5, 6], "texture": "#0"},
				"east": {"uv": [0, 0, 5, 6], "texture": "#0"},
				"south": {"uv": [0, 0, 5, 6], "texture": "#0"},
				"west": {"uv": [0, 0, 5, 6], "texture": "#0"},
				"up": {"uv": [0, 6, 5, 11], "texture": "#0"},
				"down": {"uv": [0, 6, 5, 11], "texture": "#0"}
			}
		},
		{
			"name": "1",
			"from": [2, 0, 3],
			"to": [5, 4, 6],
			
			"faces": {
				"north": {"uv": [1, 7, 4, 10], "texture": "#1"},
				"east": {"uv": [1, 7, 4, 10], "texture": "#1"},
				"south": {"uv": [1, 7, 4, 10], "texture": "#1"},
				"west": {"uv": [1, 7, 4, 10], "texture": "#1"},
				"up": {"uv": [1, 7, 4, 10], "texture": "#1"},
				"down": {"uv": [0, 6, 5, 11], "texture": "#1"}
			}
		},
		{
			"from": [7.03386, 4, 8.31089],
			"to": [16.03386, 15, 8.31089],
			
			"faces": {
				"north": {"uv": [4, 3, 13, 14], "texture": "#1"},
				"east": {"uv": [0, 0, 0, 7], "texture": "#1"},
				"south": {"uv": [4, 3, 13, 14], "texture": "#1"},
				"west": {"uv": [0, 0, 0, 7], "texture": "#1"},
				"up": {"uv": [0, 0, 3, 0], "texture": "#1"},
				"down": {"uv": [0, 0, 3, 0], "texture": "#1"}
			}
		},
		{
			"from": [11.53386, 4, 3.81089],
			"to": [11.53386, 15, 12.81089],
			"rotation": {"angle": 45, "axis": "y", "origin": [11.53386, 8.5, 8.31089]},
			"faces": {
				"north": {"uv": [0, 0, 0, 7], "texture": "#1"},
				"east": {"uv": [4, 3, 13, 14], "texture": "#1"},
				"south": {"uv": [0, 0, 0, 7], "texture": "#1"},
				"west": {"uv": [4, 3, 13, 14], "texture": "#1"},
				"up": {"uv": [0, 0, 3, 0], "rotation": 270, "texture": "#1"},
				"down": {"uv": [0, 0, 3, 0], "rotation": 90, "texture": "#1"}
			}
		},
		{
			"from": [7.03386, 4, 8.31089],
			"to": [16.03386, 15, 8.31089],
			"rotation": {"angle": 45, "axis": "y", "origin": [11.53386, 8.5, 8.31089]},
			"faces": {
				"north": {"uv": [4, 3, 13, 14], "texture": "#1"},
				"east": {"uv": [0, 0, 0, 7], "texture": "#1"},
				"south": {"uv": [4, 3, 13, 14], "texture": "#1"},
				"west": {"uv": [0, 0, 0, 7], "texture": "#1"},
				"up": {"uv": [0, 0, 3, 0], "texture": "#1"},
				"down": {"uv": [0, 0, 3, 0], "texture": "#1"}
			}
		},
		{
			"from": [11.53386, 4, 3.81089],
			"to": [11.53386, 15, 12.81089],
			
			"faces": {
				"north": {"uv": [0, 0, 0, 7], "texture": "#1"},
				"east": {"uv": [4, 3, 13, 14], "texture": "#1"},
				"south": {"uv": [0, 0, 0, 7], "texture": "#1"},
				"west": {"uv": [4, 3, 13, 14], "texture": "#1"},
				"up": {"uv": [0, 0, 3, 0], "rotation": 270, "texture": "#1"},
				"down": {"uv": [0, 0, 3, 0], "rotation": 90, "texture": "#1"}
			}
		},
		{
			"from": [1.03386, 4, 11.31089],
			"to": [10.03386, 15, 11.31089],
			
			"faces": {
				"north": {"uv": [4, 3, 13, 14], "texture": "#1"},
				"east": {"uv": [0, 0, 0, 7], "texture": "#1"},
				"south": {"uv": [4, 3, 13, 14], "texture": "#1"},
				"west": {"uv": [0, 0, 0, 7], "texture": "#1"},
				"up": {"uv": [0, 0, 3, 0], "texture": "#1"},
				"down": {"uv": [0, 0, 3, 0], "texture": "#1"}
			}
		},
		{
			"from": [5.53386, 4, 6.81089],
			"to": [5.53386, 15, 15.81089],
			"rotation": {"angle": 45, "axis": "y", "origin": [5.53386, 8.5, 11.31089]},
			"faces": {
				"north": {"uv": [0, 0, 0, 7], "texture": "#1"},
				"east": {"uv": [4, 3, 13, 14], "texture": "#1"},
				"south": {"uv": [0, 0, 0, 7], "texture": "#1"},
				"west": {"uv": [4, 3, 13, 14], "texture": "#1"},
				"up": {"uv": [0, 0, 3, 0], "rotation": 270, "texture": "#1"},
				"down": {"uv": [0, 0, 3, 0], "rotation": 90, "texture": "#1"}
			}
		},
		{
			"from": [1.03386, 4, 11.31089],
			"to": [10.03386, 15, 11.31089],
			"rotation": {"angle": 45, "axis": "y", "origin": [5.53386, 8.5, 11.31089]},
			"faces": {
				"north": {"uv": [4, 3, 13, 14], "texture": "#1"},
				"east": {"uv": [0, 0, 0, 7], "texture": "#1"},
				"south": {"uv": [4, 3, 13, 14], "texture": "#1"},
				"west": {"uv": [0, 0, 0, 7], "texture": "#1"},
				"up": {"uv": [0, 0, 3, 0], "texture": "#1"},
				"down": {"uv": [0, 0, 3, 0], "texture": "#1"}
			}
		},
		{
			"from": [5.53386, 4, 6.81089],
			"to": [5.53386, 15, 15.81089],
			
			"faces": {
				"north": {"uv": [0, 0, 0, 7], "texture": "#1"},
				"east": {"uv": [4, 3, 13, 14], "texture": "#1"},
				"south": {"uv": [0, 0, 0, 7], "texture": "#1"},
				"west": {"uv": [4, 3, 13, 14], "texture": "#1"},
				"up": {"uv": [0, 0, 3, 0], "rotation": 270, "texture": "#1"},
				"down": {"uv": [0, 0, 3, 0], "rotation": 90, "texture": "#1"}
			}
		}
	]
}