{
	"credit": "Yuushya",
	"textures": {
		"0": "block/crop/carrot0",
		"1": "block/carrots_stage3",
		"particle": "block/crop/carrot0"
	},
	"elements": [
		{
			"name": "1",
			"from": [13.10614, 1.70948, 7.30407],
			"to": [19.10614, 1.70948, 11.30407],
			"rotation": {"angle": 45, "axis": "z", "origin": [12.81931, 2.51373, 9.4782]},
			"faces": {
				"north": {"uv": [0, 0, 0, 7], "rotation": 270, "texture": "#missing"},
				"east": {"uv": [0, 0, 3, 0], "texture": "#missing"},
				"south": {"uv": [0, 0, 0, 7], "rotation": 90, "texture": "#missing"},
				"west": {"uv": [0, 0, 3, 0], "rotation": 180, "texture": "#missing"},
				"up": {"uv": [6, 0, 15, 11], "rotation": 90, "texture": "#0"},
				"down": {"uv": [6, 0, 15, 11], "rotation": 90, "texture": "#0"}
			}
		},
		{
			"name": "1",
			"from": [6.22321, 1.2473, 7.30407],
			"to": [12.22321, 1.2473, 11.30407],
			"rotation": {"angle": -45, "axis": "z", "origin": [12.81931, 2.51373, 9.4782]},
			"faces": {
				"north": {"uv": [0, 0, 0, 7], "rotation": 90, "texture": "#0"},
				"east": {"uv": [0, 0, 3, 0], "texture": "#0"},
				"south": {"uv": [0, 0, 0, 7], "rotation": 270, "texture": "#0"},
				"west": {"uv": [0, 0, 3, 0], "rotation": 180, "texture": "#0"},
				"up": {"uv": [6, 0, 15, 11], "rotation": 270, "texture": "#0"},
				"down": {"uv": [6, 0, 15, 11], "rotation": 270, "texture": "#0"}
			}
		},
		{
			"name": "1",
			"from": [10.5392, 1.3808, 3.86269],
			"to": [14.5392, 1.3808, 9.86269],
			"rotation": {"angle": 45, "axis": "x", "origin": [12.81931, 2.51373, 9.4782]},
			"faces": {
				"north": {"uv": [0, 0, 3, 0], "texture": "#missing"},
				"east": {"uv": [0, 0, 0, 7], "rotation": 90, "texture": "#missing"},
				"south": {"uv": [0, 0, 3, 0], "rotation": 180, "texture": "#missing"},
				"west": {"uv": [0, 0, 0, 7], "rotation": 270, "texture": "#missing"},
				"up": {"uv": [6, 0, 15, 11], "texture": "#0"},
				"down": {"uv": [6, 0, 15, 11], "rotation": 180, "texture": "#0"}
			}
		},
		{
			"name": "1",
			"from": [10.52862, 1.63454, 9.83997],
			"to": [14.52862, 1.63454, 15.83997],
			"rotation": {"angle": -45, "axis": "x", "origin": [12.81931, 2.51373, 9.4782]},
			"faces": {
				"north": {"uv": [0, 0, 3, 0], "rotation": 180, "texture": "#missing"},
				"east": {"uv": [0, 0, 0, 7], "rotation": 270, "texture": "#missing"},
				"south": {"uv": [0, 0, 3, 0], "texture": "#missing"},
				"west": {"uv": [0, 0, 0, 7], "rotation": 90, "texture": "#missing"},
				"up": {"uv": [6, 0, 15, 11], "rotation": 180, "texture": "#0"},
				"down": {"uv": [6, 0, 15, 11], "texture": "#0"}
			}
		},
		{
			"name": "1",
			"from": [12, 2, 9],
			"to": [13, 3, 10],
			
			"faces": {
				"north": {"uv": [9, 5, 10, 6], "texture": "#0"},
				"east": {"uv": [9, 5, 10, 6], "texture": "#0"},
				"south": {"uv": [9, 5, 10, 6], "texture": "#0"},
				"west": {"uv": [9, 5, 10, 6], "texture": "#0"},
				"up": {"uv": [9, 5, 10, 6], "texture": "#0"},
				"down": {"uv": [9, 5, 10, 6], "texture": "#0"}
			}
		},
		{
			"name": "1",
			"from": [10.25, -4, 7.25],
			"to": [14.75, 1, 11.75],
			
			"faces": {
				"north": {"uv": [0, 0, 5, 6], "texture": "#0"},
				"east": {"uv": [0, 0, 5, 6], "texture": "#0"},
				"south": {"uv": [0, 0, 5, 6], "texture": "#0"},
				"west": {"uv": [0, 0, 5, 6], "texture": "#0"},
				"up": {"uv": [0, 6, 5, 11], "texture": "#0"},
				"down": {"uv": [0, 6, 5, 11], "texture": "#0"}
			}
		},
		{
			"name": "1",
			"from": [11, -2, 8],
			"to": [14, 2, 11],
			
			"faces": {
				"north": {"uv": [1, 7, 4, 10], "texture": "#0"},
				"east": {"uv": [1, 7, 4, 10], "texture": "#0"},
				"south": {"uv": [1, 7, 4, 10], "texture": "#0"},
				"west": {"uv": [1, 7, 4, 10], "texture": "#0"},
				"up": {"uv": [1, 7, 4, 10], "texture": "#0"},
				"down": {"uv": [1, 7, 4, 10], "texture": "#0"}
			}
		},
		{
			"name": "1",
			"from": [0.22321, 1.2473, 11.30407],
			"to": [6.22321, 1.2473, 15.30407],
			"rotation": {"angle": -45, "axis": "z", "origin": [6.81931, 2.51373, 13.4782]},
			"faces": {
				"north": {"uv": [0, 0, 0, 7], "rotation": 90, "texture": "#0"},
				"east": {"uv": [0, 0, 3, 0], "texture": "#0"},
				"south": {"uv": [0, 0, 0, 7], "rotation": 270, "texture": "#0"},
				"west": {"uv": [0, 0, 3, 0], "rotation": 180, "texture": "#0"},
				"up": {"uv": [6, 0, 15, 11], "rotation": 270, "texture": "#0"},
				"down": {"uv": [6, 0, 15, 11], "rotation": 270, "texture": "#0"}
			}
		},
		{
			"name": "1",
			"from": [4.5392, 1.3808, 7.86269],
			"to": [8.5392, 1.3808, 13.86269],
			"rotation": {"angle": 45, "axis": "x", "origin": [6.81931, 2.51373, 13.4782]},
			"faces": {
				"north": {"uv": [0, 0, 3, 0], "texture": "#0"},
				"east": {"uv": [0, 0, 0, 7], "rotation": 90, "texture": "#0"},
				"south": {"uv": [0, 0, 3, 0], "rotation": 180, "texture": "#0"},
				"west": {"uv": [0, 0, 0, 7], "rotation": 270, "texture": "#0"},
				"up": {"uv": [6, 0, 15, 11], "texture": "#0"},
				"down": {"uv": [6, 0, 15, 11], "rotation": 180, "texture": "#0"}
			}
		},
		{
			"name": "1",
			"from": [6, 2, 13],
			"to": [7, 3, 14],
			
			"faces": {
				"north": {"uv": [9, 5, 10, 6], "texture": "#0"},
				"east": {"uv": [9, 5, 10, 6], "texture": "#0"},
				"south": {"uv": [9, 5, 10, 6], "texture": "#0"},
				"west": {"uv": [9, 5, 10, 6], "texture": "#0"},
				"up": {"uv": [9, 5, 10, 6], "texture": "#0"},
				"down": {"uv": [9, 5, 10, 6], "texture": "#0"}
			}
		},
		{
			"name": "1",
			"from": [3, -2, 5],
			"to": [6, 2, 8],
			
			"faces": {
				"north": {"uv": [1, 7, 4, 10], "texture": "#0"},
				"east": {"uv": [1, 7, 4, 10], "texture": "#0"},
				"south": {"uv": [1, 7, 4, 10], "texture": "#0"},
				"west": {"uv": [1, 7, 4, 10], "texture": "#0"},
				"up": {"uv": [1, 7, 4, 10], "texture": "#0"},
				"down": {"uv": [0, 6, 5, 11], "texture": "#0"}
			}
		},
		{
			"from": [0.03386, 2, 6.31089],
			"to": [9.03386, 13, 6.31089],
			
			"faces": {
				"north": {"uv": [4, 3, 13, 14], "texture": "#1"},
				"east": {"uv": [0, 0, 0, 7], "texture": "#1"},
				"south": {"uv": [4, 3, 13, 14], "texture": "#1"},
				"west": {"uv": [0, 0, 0, 7], "texture": "#1"},
				"up": {"uv": [0, 0, 3, 0], "texture": "#1"},
				"down": {"uv": [0, 0, 3, 0], "texture": "#1"}
			}
		},
		{
			"from": [12.53386, 2, 5.81089],
			"to": [12.53386, 13, 14.81089],
			
			"faces": {
				"north": {"uv": [0, 0, 0, 7], "texture": "#1"},
				"east": {"uv": [4, 3, 13, 14], "texture": "#1"},
				"south": {"uv": [0, 0, 0, 7], "texture": "#1"},
				"west": {"uv": [4, 3, 13, 14], "texture": "#1"},
				"up": {"uv": [0, 0, 3, 0], "rotation": 270, "texture": "#1"},
				"down": {"uv": [0, 0, 3, 0], "rotation": 90, "texture": "#1"}
			}
		},
		{
			"from": [8.03386, 2, 10.31089],
			"to": [17.03386, 13, 10.31089],
			"rotation": {"angle": 45, "axis": "y", "origin": [12.53386, 6.5, 10.31089]},
			"faces": {
				"north": {"uv": [4, 3, 13, 14], "texture": "#1"},
				"east": {"uv": [0, 0, 0, 7], "texture": "#1"},
				"south": {"uv": [4, 3, 13, 14], "texture": "#1"},
				"west": {"uv": [0, 0, 0, 7], "texture": "#1"},
				"up": {"uv": [0, 0, 3, 0], "texture": "#1"},
				"down": {"uv": [0, 0, 3, 0], "texture": "#1"}
			}
		},
		{
			"from": [12.53386, 2, 5.81089],
			"to": [12.53386, 13, 14.81089],
			"rotation": {"angle": 45, "axis": "y", "origin": [12.53386, 6.5, 10.31089]},
			"faces": {
				"north": {"uv": [0, 0, 0, 7], "texture": "#1"},
				"east": {"uv": [4, 3, 13, 14], "texture": "#1"},
				"south": {"uv": [0, 0, 0, 7], "texture": "#1"},
				"west": {"uv": [4, 3, 13, 14], "texture": "#1"},
				"up": {"uv": [0, 0, 3, 0], "rotation": 270, "texture": "#1"},
				"down": {"uv": [0, 0, 3, 0], "rotation": 90, "texture": "#1"}
			}
		},
		{
			"from": [8.03386, 2, 10.31089],
			"to": [17.03386, 13, 10.31089],
			
			"faces": {
				"north": {"uv": [4, 3, 13, 14], "texture": "#1"},
				"east": {"uv": [0, 0, 0, 7], "texture": "#1"},
				"south": {"uv": [4, 3, 13, 14], "texture": "#1"},
				"west": {"uv": [0, 0, 0, 7], "texture": "#1"},
				"up": {"uv": [0, 0, 3, 0], "texture": "#1"},
				"down": {"uv": [0, 0, 3, 0], "texture": "#1"}
			}
		},
		{
			"from": [4.53386, 2, 1.81089],
			"to": [4.53386, 13, 10.81089],
			"rotation": {"angle": 45, "axis": "y", "origin": [4.53386, 6.5, 6.31089]},
			"faces": {
				"north": {"uv": [0, 0, 0, 7], "texture": "#1"},
				"east": {"uv": [4, 3, 13, 14], "texture": "#1"},
				"south": {"uv": [0, 0, 0, 7], "texture": "#1"},
				"west": {"uv": [4, 3, 13, 14], "texture": "#1"},
				"up": {"uv": [0, 0, 3, 0], "rotation": 270, "texture": "#1"},
				"down": {"uv": [0, 0, 3, 0], "rotation": 90, "texture": "#1"}
			}
		},
		{
			"from": [0.03386, 2, 6.31089],
			"to": [9.03386, 13, 6.31089],
			"rotation": {"angle": 45, "axis": "y", "origin": [4.53386, 6.5, 6.31089]},
			"faces": {
				"north": {"uv": [4, 3, 13, 14], "texture": "#1"},
				"east": {"uv": [0, 0, 0, 7], "texture": "#1"},
				"south": {"uv": [4, 3, 13, 14], "texture": "#1"},
				"west": {"uv": [0, 0, 0, 7], "texture": "#1"},
				"up": {"uv": [0, 0, 3, 0], "texture": "#1"},
				"down": {"uv": [0, 0, 3, 0], "texture": "#1"}
			}
		},
		{
			"from": [4.53386, 2, 1.81089],
			"to": [4.53386, 13, 10.81089],
			
			"faces": {
				"north": {"uv": [0, 0, 0, 7], "texture": "#1"},
				"east": {"uv": [4, 3, 13, 14], "texture": "#1"},
				"south": {"uv": [0, 0, 0, 7], "texture": "#1"},
				"west": {"uv": [4, 3, 13, 14], "texture": "#1"},
				"up": {"uv": [0, 0, 3, 0], "rotation": 270, "texture": "#1"},
				"down": {"uv": [0, 0, 3, 0], "rotation": 90, "texture": "#1"}
			}
		},
		{
			"name": "1",
			"from": [5.10614, 1.70948, 4.30407],
			"to": [11.10614, 1.70948, 8.30407],
			"rotation": {"angle": 45, "axis": "z", "origin": [4.81931, 2.51373, 6.4782]},
			"faces": {
				"north": {"uv": [0, 0, 0, 7], "rotation": 270, "texture": "#0"},
				"east": {"uv": [0, 0, 3, 0], "texture": "#0"},
				"south": {"uv": [0, 0, 0, 7], "rotation": 90, "texture": "#0"},
				"west": {"uv": [0, 0, 3, 0], "rotation": 180, "texture": "#0"},
				"up": {"uv": [6, 0, 15, 11], "rotation": 90, "texture": "#0"},
				"down": {"uv": [6, 0, 15, 11], "rotation": 90, "texture": "#0"}
			}
		},
		{
			"name": "1",
			"from": [-1.77679, 1.2473, 4.30407],
			"to": [4.22321, 1.2473, 8.30407],
			"rotation": {"angle": -45, "axis": "z", "origin": [4.81931, 2.51373, 6.4782]},
			"faces": {
				"north": {"uv": [0, 0, 0, 7], "rotation": 90, "texture": "#0"},
				"east": {"uv": [0, 0, 3, 0], "texture": "#0"},
				"south": {"uv": [0, 0, 0, 7], "rotation": 270, "texture": "#0"},
				"west": {"uv": [0, 0, 3, 0], "rotation": 180, "texture": "#0"},
				"up": {"uv": [6, 0, 15, 11], "rotation": 270, "texture": "#0"},
				"down": {"uv": [6, 0, 15, 11], "rotation": 270, "texture": "#0"}
			}
		},
		{
			"name": "1",
			"from": [2.5392, 1.3808, 0.86269],
			"to": [6.5392, 1.3808, 6.86269],
			"rotation": {"angle": 45, "axis": "x", "origin": [4.81931, 2.51373, 6.4782]},
			"faces": {
				"north": {"uv": [0, 0, 3, 0], "texture": "#0"},
				"east": {"uv": [0, 0, 0, 7], "rotation": 90, "texture": "#0"},
				"south": {"uv": [0, 0, 3, 0], "rotation": 180, "texture": "#0"},
				"west": {"uv": [0, 0, 0, 7], "rotation": 270, "texture": "#0"},
				"up": {"uv": [6, 0, 15, 11], "texture": "#0"},
				"down": {"uv": [6, 0, 15, 11], "rotation": 180, "texture": "#0"}
			}
		},
		{
			"name": "1",
			"from": [2.52862, 1.63454, 6.83997],
			"to": [6.52862, 1.63454, 12.83997],
			"rotation": {"angle": -45, "axis": "x", "origin": [4.81931, 2.51373, 6.4782]},
			"faces": {
				"north": {"uv": [0, 0, 3, 0], "rotation": 180, "texture": "#0"},
				"east": {"uv": [0, 0, 0, 7], "rotation": 270, "texture": "#0"},
				"south": {"uv": [0, 0, 3, 0], "texture": "#0"},
				"west": {"uv": [0, 0, 0, 7], "rotation": 90, "texture": "#0"},
				"up": {"uv": [6, 0, 15, 11], "rotation": 180, "texture": "#0"},
				"down": {"uv": [6, 0, 15, 11], "texture": "#0"}
			}
		},
		{
			"name": "1",
			"from": [4, 2, 6],
			"to": [5, 3, 7],
			
			"faces": {
				"north": {"uv": [9, 5, 10, 6], "texture": "#0"},
				"east": {"uv": [9, 5, 10, 6], "texture": "#0"},
				"south": {"uv": [9, 5, 10, 6], "texture": "#0"},
				"west": {"uv": [9, 5, 10, 6], "texture": "#0"},
				"up": {"uv": [9, 5, 10, 6], "texture": "#0"},
				"down": {"uv": [9, 5, 10, 6], "texture": "#0"}
			}
		},
		{
			"name": "1",
			"from": [2.25, -4, 4.25],
			"to": [6.75, 1, 8.75],
			
			"faces": {
				"north": {"uv": [0, 0, 5, 6], "texture": "#0"},
				"east": {"uv": [0, 0, 5, 6], "texture": "#0"},
				"south": {"uv": [0, 0, 5, 6], "texture": "#0"},
				"west": {"uv": [0, 0, 5, 6], "texture": "#0"},
				"up": {"uv": [0, 6, 5, 11], "texture": "#0"},
				"down": {"uv": [0, 6, 5, 11], "texture": "#0"}
			}
		}
	]
}