{
    "variants": {
        "bites=0": [
		{ "model": "block/cake/cake2" },
		{ "model": "block/cake/cake2", "y": 180 },
		{ "model": "block/cake/cake3" },
		{ "model": "block/cake/cake3", "y": 180 },
		{ "model": "block/cake/cake4" },
		{ "model": "block/cake/cake4", "y": 180 }
		],
        "bites=1": { "model": "block/cake_slice1" },
        "bites=2": { "model": "block/cake_slice2" },
        "bites=3": { "model": "block/cake_slice3" },
        "bites=4": { "model": "block/cake_slice4" },
        "bites=5": { "model": "block/cake_slice5" },
        "bites=6": { "model": "block/cake_slice6" }
    }
}
