{
    "variants": {
        "facing=north,lit=true,signal_fire=false": { "model": "block/campfire", "y": 180 },
        "facing=south,lit=true,signal_fire=false": { "model": "block/campfire" },
        "facing=east,lit=true,signal_fire=false": { "model": "block/campfire", "y": 270 },
        "facing=west,lit=true,signal_fire=false": { "model": "block/campfire", "y": 90 },
        "facing=north,lit=false,signal_fire=false": { "model": "block/campfire_off", "y": 180 },
        "facing=south,lit=false,signal_fire=false": { "model": "block/campfire_off" },
        "facing=east,lit=false,signal_fire=false": { "model": "block/campfire_off", "y": 270 },
        "facing=west,lit=false,signal_fire=false": { "model": "block/campfire_off", "y": 90 },
		"signal_fire=true,facing=west,lit=true": { "model": "block/chimney" },
		"signal_fire=true,facing=south,lit=true": { "model": "block/chimney" },
		"signal_fire=true,facing=east,lit=true": { "model": "block/chimney" },
		"signal_fire=true,facing=north,lit=true": { "model": "block/chimney" },
		"signal_fire=true,facing=west,lit=false": { "model": "block/chimney" },
		"signal_fire=true,facing=south,lit=false": { "model": "block/chimney" },
		"signal_fire=true,facing=east,lit=false": { "model": "block/chimney" },
		"signal_fire=true,facing=north,lit=false": { "model": "block/chimney" }
    }
}
