{
    "variants": {
        "age=0": [ 		
		{ "model": "block/carrot/carrots_stage01" },
		{ "model": "block/carrot/carrots_stage01", "y": 90 },
		{ "model": "block/carrot/carrots_stage01", "y": 180 },
		{ "model": "block/carrot/carrots_stage01", "y": 270 },
		{ "model": "block/carrot/carrots_stage02" },
		{ "model": "block/carrot/carrots_stage02", "y": 90 },
		{ "model": "block/carrot/carrots_stage02", "y": 180 },
		{ "model": "block/carrot/carrots_stage02", "y": 270 }
		],
        "age=1": [ 		
		{ "model": "block/carrot/carrots_stage01" },
		{ "model": "block/carrot/carrots_stage01", "y": 90 },
		{ "model": "block/carrot/carrots_stage01", "y": 180 },
		{ "model": "block/carrot/carrots_stage01", "y": 270 },
		{ "model": "block/carrot/carrots_stage02" },
		{ "model": "block/carrot/carrots_stage02", "y": 90 },
		{ "model": "block/carrot/carrots_stage02", "y": 180 },
		{ "model": "block/carrot/carrots_stage02", "y": 270 }
		],
        "age=2": [ 		
		{ "model": "block/carrot/carrots_stage11" },
		{ "model": "block/carrot/carrots_stage11", "y": 90 },
		{ "model": "block/carrot/carrots_stage11", "y": 180 },
		{ "model": "block/carrot/carrots_stage11", "y": 270 },
		{ "model": "block/carrot/carrots_stage12" },
		{ "model": "block/carrot/carrots_stage12", "y": 90 },
		{ "model": "block/carrot/carrots_stage12", "y": 180 },
		{ "model": "block/carrot/carrots_stage12", "y": 270 }
		],
        "age=3": [ 		
		{ "model": "block/carrot/carrots_stage11" },
		{ "model": "block/carrot/carrots_stage11", "y": 90 },
		{ "model": "block/carrot/carrots_stage11", "y": 180 },
		{ "model": "block/carrot/carrots_stage11", "y": 270 },
		{ "model": "block/carrot/carrots_stage12" },
		{ "model": "block/carrot/carrots_stage12", "y": 90 },
		{ "model": "block/carrot/carrots_stage12", "y": 180 },
		{ "model": "block/carrot/carrots_stage12", "y": 270 }
		],
        "age=4": [ 		
		{ "model": "block/carrot/carrots_stage21" },
		{ "model": "block/carrot/carrots_stage21", "y": 90 },
		{ "model": "block/carrot/carrots_stage21", "y": 180 },
		{ "model": "block/carrot/carrots_stage21", "y": 270 },
		{ "model": "block/carrot/carrots_stage22" },
		{ "model": "block/carrot/carrots_stage22", "y": 90 },
		{ "model": "block/carrot/carrots_stage22", "y": 180 },
		{ "model": "block/carrot/carrots_stage22", "y": 270 }
		],
        "age=5": [ 		
		{ "model": "block/carrot/carrots_stage21" },
		{ "model": "block/carrot/carrots_stage21", "y": 90 },
		{ "model": "block/carrot/carrots_stage21", "y": 180 },
		{ "model": "block/carrot/carrots_stage21", "y": 270 },
		{ "model": "block/carrot/carrots_stage22" },
		{ "model": "block/carrot/carrots_stage22", "y": 90 },
		{ "model": "block/carrot/carrots_stage22", "y": 180 },
		{ "model": "block/carrot/carrots_stage22", "y": 270 }
		],
        "age=6": [ 
		{ "model": "block/carrot/carrots_stage21" },
		{ "model": "block/carrot/carrots_stage21", "y": 90 },
		{ "model": "block/carrot/carrots_stage21", "y": 180 },
		{ "model": "block/carrot/carrots_stage21", "y": 270 },
		{ "model": "block/carrot/carrots_stage22" },
		{ "model": "block/carrot/carrots_stage22", "y": 90 },
		{ "model": "block/carrot/carrots_stage22", "y": 180 },
		{ "model": "block/carrot/carrots_stage22", "y": 270 }
		],
        "age=7": [ 
		{ "model": "block/carrot/carrots_stage31" },
		{ "model": "block/carrot/carrots_stage31", "y": 90 },
		{ "model": "block/carrot/carrots_stage31", "y": 180 },
		{ "model": "block/carrot/carrots_stage31", "y": 270 },
		{ "model": "block/carrot/carrots_stage32" },
		{ "model": "block/carrot/carrots_stage32", "y": 90 },
		{ "model": "block/carrot/carrots_stage32", "y": 180 },
		{ "model": "block/carrot/carrots_stage32", "y": 270 }
		]
    }
}
