{
    "variants": {
        "": [
		{ "model": "block/water_lily/lotus_flower1", "weight": 1 },
		{ "model": "block/water_lily/lotus_flower1", "weight": 1 },
		{ "model": "block/water_lily/lily_pad1", "weight": 1 },
		{ "model": "block/water_lily/lily_pad1", "weight": 1, "y": 90 },
		{ "model": "block/water_lily/lily_pad1", "weight": 1, "y": 180 },
		{ "model": "block/water_lily/lily_pad1", "weight": 1, "y": 270 },
		{ "model": "block/water_lily/lily_pad2", "weight": 1 },
		{ "model": "block/water_lily/lily_pad2", "weight": 1, "y": 90 },
		{ "model": "block/water_lily/lily_pad2", "weight": 1, "y": 180 },
		{ "model": "block/water_lily/lily_pad2", "weight": 1, "y": 270 },
		{ "model": "block/water_lily/lily_pad3", "weight": 1 },
		{ "model": "block/water_lily/lily_pad3", "weight": 1, "y": 90 },
		{ "model": "block/water_lily/lily_pad3", "weight": 1, "y": 180 },
		{ "model": "block/water_lily/lily_pad3", "weight": 1, "y": 270 },
		{ "model": "block/water_lily/lily_pad4", "weight": 1 },
		{ "model": "block/water_lily/lily_pad4", "weight": 1, "y": 90 },
		{ "model": "block/water_lily/lily_pad4", "weight": 1, "y": 180 },
		{ "model": "block/water_lily/lily_pad4", "weight": 1, "y": 270 },
		{ "model": "block/water_lily/lily_pad5", "weight": 1 },
		{ "model": "block/water_lily/lily_pad5", "weight": 1, "y": 90 },
		{ "model": "block/water_lily/lily_pad5", "weight": 1, "y": 180 },
		{ "model": "block/water_lily/lily_pad5", "weight": 1, "y": 270 },
		{ "model": "block/water_lily/lily_pad6", "weight": 1 },
		{ "model": "block/water_lily/lily_pad6", "weight": 1, "y": 90 },
		{ "model": "block/water_lily/lily_pad6", "weight": 1, "y": 180 },
		{ "model": "block/water_lily/lily_pad6", "weight": 1, "y": 270 },
		{ "model": "block/water_lily/lily_pad7", "weight": 1 },
		{ "model": "block/water_lily/lily_pad7", "weight": 1, "y": 90 },
		{ "model": "block/water_lily/lily_pad7", "weight": 1, "y": 180 },
		{ "model": "block/water_lily/lily_pad7", "weight": 1, "y": 270 },
		{ "model": "block/water_lily/lily_pad8", "weight": 1 },
		{ "model": "block/water_lily/lily_pad8", "weight": 1, "y": 90 },
		{ "model": "block/water_lily/lily_pad8", "weight": 1, "y": 180 },
		{ "model": "block/water_lily/lily_pad8", "weight": 1, "y": 270 },
		{ "model": "block/water_lily/lily_pad9", "weight": 1 },
		{ "model": "block/water_lily/lily_pad9", "weight": 1, "y": 90 },
		{ "model": "block/water_lily/lily_pad9", "weight": 1, "y": 180 },
		{ "model": "block/water_lily/lily_pad9", "weight": 1, "y": 270 }
        ]
    }
}
