{
  "variants": {
    "pickles=1,waterlogged=false": [
      {
        "model": "minecraft:block/dead_sea_pickle"
      },
      {
        "model": "minecraft:block/dead_sea_pickle",
        "y": 90
      },
      {
        "model": "minecraft:block/dead_sea_pickle",
        "y": 180
      },
      {
        "model": "minecraft:block/dead_sea_pickle",
        "y": 270
      }
    ],
    "pickles=1,waterlogged=true": [
      {
        "model": "minecraft:block/sea_pickle"
      },
      {
        "model": "minecraft:block/sea_pickle",
        "y": 90
      },
      {
        "model": "minecraft:block/sea_pickle",
        "y": 180
      },
      {
        "model": "minecraft:block/sea_pickle",
        "y": 270
      }
    ],
    "pickles=2,waterlogged=false": [
      {
        "model": "minecraft:block/two_dead_sea_pickles"
      },
      {
        "model": "minecraft:block/two_dead_sea_pickles",
        "y": 90
      },
      {
        "model": "minecraft:block/two_dead_sea_pickles",
        "y": 180
      },
      {
        "model": "minecraft:block/two_dead_sea_pickles",
        "y": 270
      }
    ],
    "pickles=2,waterlogged=true": [
      {
        "model": "minecraft:block/two_sea_pickles"
      },
      {
        "model": "minecraft:block/two_sea_pickles",
        "y": 90
      },
      {
        "model": "minecraft:block/two_sea_pickles",
        "y": 180
      },
      {
        "model": "minecraft:block/two_sea_pickles",
        "y": 270
      }
    ],
    "pickles=3,waterlogged=false": [
      {
        "model": "minecraft:block/three_dead_sea_pickles"
      },
      {
        "model": "minecraft:block/three_dead_sea_pickles",
        "y": 90
      },
      {
        "model": "minecraft:block/three_dead_sea_pickles",
        "y": 180
      },
      {
        "model": "minecraft:block/three_dead_sea_pickles",
        "y": 270
      }
    ],
    "pickles=3,waterlogged=true": [
      {
        "model": "minecraft:block/three_sea_pickles"
      },
      {
        "model": "minecraft:block/three_sea_pickles",
        "y": 90
      },
      {
        "model": "minecraft:block/three_sea_pickles",
        "y": 180
      },
      {
        "model": "minecraft:block/three_sea_pickles",
        "y": 270
      }
    ],
    "pickles=4,waterlogged=false": [
      {
        "model": "minecraft:block/four_dead_sea_pickles"
      },
      {
        "model": "minecraft:block/four_dead_sea_pickles",
        "y": 90
      },
      {
        "model": "minecraft:block/four_dead_sea_pickles",
        "y": 180
      },
      {
        "model": "minecraft:block/four_dead_sea_pickles",
        "y": 270
      }
    ],
    "pickles=4,waterlogged=true": [
      {
        "model": "minecraft:block/four_sea_pickles"
      },
      {
        "model": "minecraft:block/four_sea_pickles",
        "y": 90
      },
      {
        "model": "minecraft:block/four_sea_pickles",
        "y": 180
      },
      {
        "model": "minecraft:block/four_sea_pickles",
        "y": 270
      }
    ]
  }
}