{
  "variants": {
    "layers=1": [
		{ "model": "block/snow_height2", "y": 270 },
		{ "model": "block/snow_height2", "y": 90 },
		{ "model": "block/snow_height2", "y": 180 },
		{ "model": "block/snow_height2", "y": 0 }
	],
    "layers=2": {
      "model": "minecraft:block/snow_height4"
    },
    "layers=3": {
      "model": "minecraft:block/snow_height6"
    },
    "layers=4": {
      "model": "minecraft:block/snow_height8"
    },
    "layers=5": {
      "model": "minecraft:block/snow_height10"
    },
    "layers=6": {
      "model": "minecraft:block/snow_height12"
    },
    "layers=7": {
      "model": "minecraft:block/snow_height14"
    },
    "layers=8": [
		{ "model": "block/snow_block", "y": 270 },
		{ "model": "block/snow_block", "y": 90 },
		{ "model": "block/snow_block", "y": 180 },
		{ "model": "block/snow_block", "y": 0 }
	]
  }
}