{
	"credit": "Yuushya",
	"textures": {
		"3": "block/cake/fruit",
		"4": "block/cake/plate",
		"bottom": "block/cake/cake_bottom",
		"top": "block/cake/cake_top",
		"particle": "block/cake/cake_side",
		"side": "block/cake/cake_side"
	},
	"elements": [
		{
			"from": [1, 1, 1],
			"to": [15, 9, 15],
			
			"faces": {
				"north": {"uv": [1, 8, 15, 16], "texture": "#side"},
				"east": {"uv": [1, 8, 15, 16], "texture": "#side"},
				"south": {"uv": [1, 8, 15, 16], "texture": "#side"},
				"west": {"uv": [1, 8, 15, 16], "texture": "#side"},
				"up": {"uv": [1, 1, 15, 15], "texture": "#top"},
				"down": {"uv": [1, 1, 15, 15], "texture": "#bottom", "cullface": "down"}
			}
		},
		{
			"from": [6, 8, 4],
			"to": [8, 10, 6],
			
			"faces": {
				"north": {"uv": [0, 0, 2, 2], "texture": "#3"},
				"east": {"uv": [0, 0, 2, 2], "texture": "#3"},
				"south": {"uv": [0, 0, 2, 2], "texture": "#3"},
				"west": {"uv": [0, 0, 2, 2], "texture": "#3"},
				"up": {"uv": [0, 0, 2, 2], "texture": "#3"},
				"down": {"uv": [0, 0, 2, 2], "texture": "#3"}
			}
		},
		{
			"from": [10, 8, 7],
			"to": [12, 10, 9],
			
			"faces": {
				"north": {"uv": [0, 0, 2, 2], "texture": "#3"},
				"east": {"uv": [0, 0, 2, 2], "texture": "#3"},
				"south": {"uv": [0, 0, 2, 2], "texture": "#3"},
				"west": {"uv": [0, 0, 2, 2], "texture": "#3"},
				"up": {"uv": [0, 0, 2, 2], "texture": "#3"},
				"down": {"uv": [0, 0, 2, 2], "texture": "#3"}
			}
		},
		{
			"from": [5, 8, 9],
			"to": [7, 10, 11],
			
			"faces": {
				"north": {"uv": [0, 0, 2, 2], "texture": "#3"},
				"east": {"uv": [0, 0, 2, 2], "texture": "#3"},
				"south": {"uv": [0, 0, 2, 2], "texture": "#3"},
				"west": {"uv": [0, 0, 2, 2], "texture": "#3"},
				"up": {"uv": [0, 0, 2, 2], "texture": "#3"},
				"down": {"uv": [0, 0, 2, 2], "texture": "#3"}
			}
		},
		{
			"from": [7, 9, 7],
			"to": [8, 10, 8],
			
			"faces": {
				"north": {"uv": [0, 0, 1, 1], "texture": "#3"},
				"east": {"uv": [0, 0, 1, 1], "texture": "#3"},
				"south": {"uv": [0, 0, 1, 1], "texture": "#3"},
				"west": {"uv": [0, 0, 1, 1], "texture": "#3"},
				"up": {"uv": [0, 0, 1, 1], "texture": "#3"},
				"down": {"uv": [0, 0, 1, 1], "texture": "#3"}
			}
		},
		{
			"from": [9, 9, 10],
			"to": [10, 10, 11],
			
			"faces": {
				"north": {"uv": [0, 0, 1, 1], "texture": "#3"},
				"east": {"uv": [0, 0, 1, 1], "texture": "#3"},
				"south": {"uv": [0, 0, 1, 1], "texture": "#3"},
				"west": {"uv": [0, 0, 1, 1], "texture": "#3"},
				"up": {"uv": [0, 0, 1, 1], "texture": "#3"},
				"down": {"uv": [0, 0, 1, 1], "texture": "#3"}
			}
		},
		{
			"from": [0, 0, 0],
			"to": [16, 1, 16],
			"faces": {
				"north": {"uv": [0, 0, 16, 1], "texture": "#4"},
				"east": {"uv": [0, 0, 16, 1], "texture": "#4"},
				"south": {"uv": [0, 0, 16, 1], "texture": "#4"},
				"west": {"uv": [0, 0, 16, 1], "texture": "#4"},
				"up": {"uv": [0, 0, 16, 16], "texture": "#4"},
				"down": {"uv": [0, 0, 16, 16], "texture": "#4"}
			}
		},
		{
			"name": "cake_side - Copy_0",
			"from": [1, 5, 0],
			"to": [6, 9, 1],
			
			"faces": {
				"north": {"uv": [1, 12, 6, 8], "rotation": 180, "texture": "#side"},
				"east": {"uv": [5, 8, 6, 12], "texture": "#side"},
				"south": {"uv": [1, 8, 6, 12], "texture": "#side"},
				"west": {"uv": [1, 8, 2, 12], "texture": "#side"},
				"up": {"uv": [6, 8, 1, 9], "rotation": 180, "texture": "#side"},
				"down": {"uv": [1, 11, 6, 12], "texture": "#side"}
			}
		},
		{
			"name": "cake_side - Copy_1",
			"from": [6, 6, 0],
			"to": [15, 9, 1],
			
			"faces": {
				"north": {"uv": [6, 11, 15, 8], "rotation": 180, "texture": "#side"},
				"east": {"uv": [14, 8, 15, 11], "texture": "#side"},
				"south": {"uv": [6, 8, 15, 11], "texture": "#side"},
				"west": {"uv": [6, 8, 7, 11], "texture": "#side"},
				"up": {"uv": [15, 8, 6, 9], "rotation": 180, "texture": "#side"},
				"down": {"uv": [6, 10, 15, 11], "texture": "#side"}
			}
		},
		{
			"name": "cake_side - Copy_2",
			"from": [7, 5, 0],
			"to": [9, 6, 1],
			
			"faces": {
				"north": {"uv": [7, 12, 9, 11], "rotation": 180, "texture": "#side"},
				"east": {"uv": [8, 11, 9, 12], "texture": "#side"},
				"south": {"uv": [7, 11, 9, 12], "texture": "#side"},
				"west": {"uv": [7, 11, 8, 12], "texture": "#side"},
				"up": {"uv": [9, 11, 7, 12], "rotation": 180, "texture": "#side"},
				"down": {"uv": [7, 11, 9, 12], "texture": "#side"}
			}
		},
		{
			"name": "cake_side - Copy_3",
			"from": [10, 5, 0],
			"to": [15, 6, 1],
			
			"faces": {
				"north": {"uv": [10, 12, 15, 11], "rotation": 180, "texture": "#side"},
				"east": {"uv": [14, 11, 15, 12], "texture": "#side"},
				"south": {"uv": [10, 11, 15, 12], "texture": "#side"},
				"west": {"uv": [10, 11, 11, 12], "texture": "#side"},
				"up": {"uv": [15, 11, 10, 12], "rotation": 180, "texture": "#side"},
				"down": {"uv": [10, 11, 15, 12], "texture": "#side"}
			}
		},
		{
			"name": "cake_side - Copy_4",
			"from": [3, 4, 0],
			"to": [5, 5, 1],
			
			"faces": {
				"north": {"uv": [3, 13, 5, 12], "rotation": 180, "texture": "#side"},
				"east": {"uv": [4, 12, 5, 13], "texture": "#side"},
				"south": {"uv": [3, 12, 5, 13], "texture": "#side"},
				"west": {"uv": [3, 12, 4, 13], "texture": "#side"},
				"up": {"uv": [5, 12, 3, 13], "rotation": 180, "texture": "#side"},
				"down": {"uv": [3, 12, 5, 13], "texture": "#side"}
			}
		},
		{
			"name": "cake_side - Copy_5",
			"from": [11, 4, 0],
			"to": [13, 5, 1],
			
			"faces": {
				"north": {"uv": [11, 13, 13, 12], "rotation": 180, "texture": "#side"},
				"east": {"uv": [12, 12, 13, 13], "texture": "#side"},
				"south": {"uv": [11, 12, 13, 13], "texture": "#side"},
				"west": {"uv": [11, 12, 12, 13], "texture": "#side"},
				"up": {"uv": [13, 12, 11, 13], "rotation": 180, "texture": "#side"},
				"down": {"uv": [11, 12, 13, 13], "texture": "#side"}
			}
		},
		{
			"name": "cake_side - Copy_0",
			"from": [15, 5, 1],
			"to": [16, 9, 6],
			
			"faces": {
				"north": {"uv": [1, 8, 2, 12], "texture": "#side"},
				"east": {"uv": [1, 12, 6, 8], "rotation": 180, "texture": "#side"},
				"south": {"uv": [5, 8, 6, 12], "texture": "#side"},
				"west": {"uv": [1, 8, 6, 12], "texture": "#side"},
				"up": {"uv": [6, 8, 1, 9], "rotation": 270, "texture": "#side"},
				"down": {"uv": [1, 11, 6, 12], "rotation": 270, "texture": "#side"}
			}
		},
		{
			"name": "cake_side - Copy_1",
			"from": [15, 6, 6],
			"to": [16, 9, 15],
			
			"faces": {
				"north": {"uv": [6, 8, 7, 11], "texture": "#side"},
				"east": {"uv": [6, 11, 15, 8], "rotation": 180, "texture": "#side"},
				"south": {"uv": [14, 8, 15, 11], "texture": "#side"},
				"west": {"uv": [6, 8, 15, 11], "texture": "#side"},
				"up": {"uv": [15, 8, 6, 9], "rotation": 270, "texture": "#side"},
				"down": {"uv": [6, 10, 15, 11], "rotation": 270, "texture": "#side"}
			}
		},
		{
			"name": "cake_side - Copy_2",
			"from": [15, 5, 7],
			"to": [16, 6, 9],
			
			"faces": {
				"north": {"uv": [7, 11, 8, 12], "texture": "#side"},
				"east": {"uv": [7, 12, 9, 11], "rotation": 180, "texture": "#side"},
				"south": {"uv": [8, 11, 9, 12], "texture": "#side"},
				"west": {"uv": [7, 11, 9, 12], "texture": "#side"},
				"up": {"uv": [9, 11, 7, 12], "rotation": 270, "texture": "#side"},
				"down": {"uv": [7, 11, 9, 12], "rotation": 270, "texture": "#side"}
			}
		},
		{
			"name": "cake_side - Copy_3",
			"from": [15, 5, 10],
			"to": [16, 6, 15],
			
			"faces": {
				"north": {"uv": [10, 11, 11, 12], "texture": "#side"},
				"east": {"uv": [10, 12, 15, 11], "rotation": 180, "texture": "#side"},
				"south": {"uv": [14, 11, 15, 12], "texture": "#side"},
				"west": {"uv": [10, 11, 15, 12], "texture": "#side"},
				"up": {"uv": [15, 11, 10, 12], "rotation": 270, "texture": "#side"},
				"down": {"uv": [10, 11, 15, 12], "rotation": 270, "texture": "#side"}
			}
		},
		{
			"name": "cake_side - Copy_4",
			"from": [15, 4, 3],
			"to": [16, 5, 5],
			
			"faces": {
				"north": {"uv": [3, 12, 4, 13], "texture": "#side"},
				"east": {"uv": [3, 13, 5, 12], "rotation": 180, "texture": "#side"},
				"south": {"uv": [4, 12, 5, 13], "texture": "#side"},
				"west": {"uv": [3, 12, 5, 13], "texture": "#side"},
				"up": {"uv": [5, 12, 3, 13], "rotation": 270, "texture": "#side"},
				"down": {"uv": [3, 12, 5, 13], "rotation": 270, "texture": "#side"}
			}
		},
		{
			"name": "cake_side - Copy_5",
			"from": [15, 4, 11],
			"to": [16, 5, 13],
			
			"faces": {
				"north": {"uv": [11, 12, 12, 13], "texture": "#side"},
				"east": {"uv": [11, 13, 13, 12], "rotation": 180, "texture": "#side"},
				"south": {"uv": [12, 12, 13, 13], "texture": "#side"},
				"west": {"uv": [11, 12, 13, 13], "texture": "#side"},
				"up": {"uv": [13, 12, 11, 13], "rotation": 270, "texture": "#side"},
				"down": {"uv": [11, 12, 13, 13], "rotation": 270, "texture": "#side"}
			}
		},
		{
			"name": "cake_side - Copy_0",
			"from": [10, 5, 15],
			"to": [15, 9, 16],
			
			"faces": {
				"north": {"uv": [1, 8, 6, 12], "texture": "#side"},
				"east": {"uv": [1, 8, 2, 12], "texture": "#side"},
				"south": {"uv": [1, 12, 6, 8], "rotation": 180, "texture": "#side"},
				"west": {"uv": [5, 8, 6, 12], "texture": "#side"},
				"up": {"uv": [6, 8, 1, 9], "texture": "#side"},
				"down": {"uv": [1, 11, 6, 12], "rotation": 180, "texture": "#side"}
			}
		},
		{
			"name": "cake_side - Copy_1",
			"from": [1, 6, 15],
			"to": [10, 9, 16],
			
			"faces": {
				"north": {"uv": [6, 8, 15, 11], "texture": "#side"},
				"east": {"uv": [6, 8, 7, 11], "texture": "#side"},
				"south": {"uv": [6, 11, 15, 8], "rotation": 180, "texture": "#side"},
				"west": {"uv": [14, 8, 15, 11], "texture": "#side"},
				"up": {"uv": [15, 8, 6, 9], "texture": "#side"},
				"down": {"uv": [6, 10, 15, 11], "rotation": 180, "texture": "#side"}
			}
		},
		{
			"name": "cake_side - Copy_2",
			"from": [7, 5, 15],
			"to": [9, 6, 16],
			
			"faces": {
				"north": {"uv": [7, 11, 9, 12], "texture": "#side"},
				"east": {"uv": [7, 11, 8, 12], "texture": "#side"},
				"south": {"uv": [7, 12, 9, 11], "rotation": 180, "texture": "#side"},
				"west": {"uv": [8, 11, 9, 12], "texture": "#side"},
				"up": {"uv": [9, 11, 7, 12], "texture": "#side"},
				"down": {"uv": [7, 11, 9, 12], "rotation": 180, "texture": "#side"}
			}
		},
		{
			"name": "cake_side - Copy_3",
			"from": [1, 5, 15],
			"to": [6, 6, 16],
			
			"faces": {
				"north": {"uv": [10, 11, 15, 12], "texture": "#side"},
				"east": {"uv": [10, 11, 11, 12], "texture": "#side"},
				"south": {"uv": [10, 12, 15, 11], "rotation": 180, "texture": "#side"},
				"west": {"uv": [14, 11, 15, 12], "texture": "#side"},
				"up": {"uv": [15, 11, 10, 12], "texture": "#side"},
				"down": {"uv": [10, 11, 15, 12], "rotation": 180, "texture": "#side"}
			}
		},
		{
			"name": "cake_side - Copy_4",
			"from": [11, 4, 15],
			"to": [13, 5, 16],
			
			"faces": {
				"north": {"uv": [3, 12, 5, 13], "texture": "#side"},
				"east": {"uv": [3, 12, 4, 13], "texture": "#side"},
				"south": {"uv": [3, 13, 5, 12], "rotation": 180, "texture": "#side"},
				"west": {"uv": [4, 12, 5, 13], "texture": "#side"},
				"up": {"uv": [5, 12, 3, 13], "texture": "#side"},
				"down": {"uv": [3, 12, 5, 13], "rotation": 180, "texture": "#side"}
			}
		},
		{
			"name": "cake_side - Copy_5",
			"from": [3, 4, 15],
			"to": [5, 5, 16],
			
			"faces": {
				"north": {"uv": [11, 12, 13, 13], "texture": "#side"},
				"east": {"uv": [11, 12, 12, 13], "texture": "#side"},
				"south": {"uv": [11, 13, 13, 12], "rotation": 180, "texture": "#side"},
				"west": {"uv": [12, 12, 13, 13], "texture": "#side"},
				"up": {"uv": [13, 12, 11, 13], "texture": "#side"},
				"down": {"uv": [11, 12, 13, 13], "rotation": 180, "texture": "#side"}
			}
		},
		{
			"name": "cake_side - Copy_0",
			"from": [0, 5, 10],
			"to": [1, 9, 15],
			
			"faces": {
				"north": {"uv": [5, 8, 6, 12], "texture": "#side"},
				"east": {"uv": [1, 8, 6, 12], "texture": "#side"},
				"south": {"uv": [1, 8, 2, 12], "texture": "#side"},
				"west": {"uv": [1, 12, 6, 8], "rotation": 180, "texture": "#side"},
				"up": {"uv": [6, 8, 1, 9], "rotation": 90, "texture": "#side"},
				"down": {"uv": [1, 11, 6, 12], "rotation": 90, "texture": "#side"}
			}
		},
		{
			"name": "cake_side - Copy_1",
			"from": [0, 6, 1],
			"to": [1, 9, 10],
			
			"faces": {
				"north": {"uv": [14, 8, 15, 11], "texture": "#side"},
				"east": {"uv": [6, 8, 15, 11], "texture": "#side"},
				"south": {"uv": [6, 8, 7, 11], "texture": "#side"},
				"west": {"uv": [6, 11, 15, 8], "rotation": 180, "texture": "#side"},
				"up": {"uv": [15, 8, 6, 9], "rotation": 90, "texture": "#side"},
				"down": {"uv": [6, 10, 15, 11], "rotation": 90, "texture": "#side"}
			}
		},
		{
			"name": "cake_side - Copy_2",
			"from": [0, 5, 7],
			"to": [1, 6, 9],
			
			"faces": {
				"north": {"uv": [8, 11, 9, 12], "texture": "#side"},
				"east": {"uv": [7, 11, 9, 12], "texture": "#side"},
				"south": {"uv": [7, 11, 8, 12], "texture": "#side"},
				"west": {"uv": [7, 12, 9, 11], "rotation": 180, "texture": "#side"},
				"up": {"uv": [9, 11, 7, 12], "rotation": 90, "texture": "#side"},
				"down": {"uv": [7, 11, 9, 12], "rotation": 90, "texture": "#side"}
			}
		},
		{
			"name": "cake_side - Copy_3",
			"from": [0, 5, 1],
			"to": [1, 6, 6],
			
			"faces": {
				"north": {"uv": [14, 11, 15, 12], "texture": "#side"},
				"east": {"uv": [10, 11, 15, 12], "texture": "#side"},
				"south": {"uv": [10, 11, 11, 12], "texture": "#side"},
				"west": {"uv": [10, 12, 15, 11], "rotation": 180, "texture": "#side"},
				"up": {"uv": [15, 11, 10, 12], "rotation": 90, "texture": "#side"},
				"down": {"uv": [10, 11, 15, 12], "rotation": 90, "texture": "#side"}
			}
		},
		{
			"name": "cake_side - Copy_4",
			"from": [0, 4, 11],
			"to": [1, 5, 13],
			
			"faces": {
				"north": {"uv": [4, 12, 5, 13], "texture": "#side"},
				"east": {"uv": [3, 12, 5, 13], "texture": "#side"},
				"south": {"uv": [3, 12, 4, 13], "texture": "#side"},
				"west": {"uv": [3, 13, 5, 12], "rotation": 180, "texture": "#side"},
				"up": {"uv": [5, 12, 3, 13], "rotation": 90, "texture": "#side"},
				"down": {"uv": [3, 12, 5, 13], "rotation": 90, "texture": "#side"}
			}
		},
		{
			"name": "cake_side - Copy_5",
			"from": [0, 4, 3],
			"to": [1, 5, 5],
			
			"faces": {
				"north": {"uv": [12, 12, 13, 13], "texture": "#side"},
				"east": {"uv": [11, 12, 13, 13], "texture": "#side"},
				"south": {"uv": [11, 12, 12, 13], "texture": "#side"},
				"west": {"uv": [11, 13, 13, 12], "rotation": 180, "texture": "#side"},
				"up": {"uv": [13, 12, 11, 13], "rotation": 90, "texture": "#side"},
				"down": {"uv": [11, 12, 13, 13], "rotation": 90, "texture": "#side"}
			}
		}
	],
	"groups": [
		{
			"name": "group",
			"origin": [17, 16, 18],
			"children": [0, 1, 2, 3, 4, 5]
		}, 6,
		{
			"name": "cake_side - Copy",
			"origin": [8, 8, 8],
			"children": [7, 8, 9, 10, 11, 12]
		},
		{
			"name": "cake_side - Copy",
			"origin": [8, 8, 8],
			"children": [13, 14, 15, 16, 17, 18]
		},
		{
			"name": "cake_side - Copy",
			"origin": [8, 8, 8],
			"children": [19, 20, 21, 22, 23, 24]
		},
		{
			"name": "cake_side - Copy",
			"origin": [8, 8, 8],
			"children": [25, 26, 27, 28, 29, 30]
		}
	]
}