{
	"credit": "Yuushya",
	"parent": "block/block",
	"texture_size": [32, 32],
	"textures": {
		"1": "block/oriental_lantern",
		"particle": "block/oriental_lantern"
	},
	"elements": [
		{
			"from": [5, 0, 5],
			"to": [11, 8, 11],
			"faces": {
				"north": {"uv": [6.5, 0, 9.5, 4], "texture": "#1"},
				"east": {"uv": [6.5, 0, 9.5, 4], "texture": "#1"},
				"south": {"uv": [6.5, 0, 9.5, 4], "texture": "#1"},
				"west": {"uv": [6.5, 0, 9.5, 4], "texture": "#1"},
				"up": {"uv": [11, 0, 15, 4], "texture": "#1"},
				"down": {"uv": [6.5, 4.5, 9.5, 7.5], "texture": "#1"}
			}
		},
		{
			"from": [4, 8, 4],
			"to": [12, 9, 12],
			"faces": {
				"north": {"uv": [0.5, 6, 4.5, 6.5], "texture": "#1"},
				"east": {"uv": [0.5, 6, 4.5, 6.5], "texture": "#1"},
				"south": {"uv": [0.5, 6, 4.5, 6.5], "texture": "#1"},
				"west": {"uv": [0.5, 6, 4.5, 6.5], "texture": "#1"},
				"up": {"uv": [0.5, 6, 4.5, 10], "texture": "#1"},
				"down": {"uv": [0.5, 6, 4.5, 10], "texture": "#1"}
			}
		},
		{
			"from": [6, -1, 6],
			"to": [10, 0, 10],
			"faces": {
				"north": {"uv": [0.5, 6, 2.5, 6.5], "texture": "#1"},
				"east": {"uv": [0.5, 6, 2.5, 6.5], "texture": "#1"},
				"south": {"uv": [0.5, 6, 2.5, 6.5], "texture": "#1"},
				"west": {"uv": [0.5, 6, 2.5, 6.5], "texture": "#1"},
				"up": {"uv": [0.5, 6, 2.5, 8], "texture": "#1"},
				"down": {"uv": [0, 0, 2, 2], "texture": "#1"}
			}
		},
		{
			"from": [7, 9.4, 7],
			"to": [9, 9.8, 9],
			"faces": {
				"north": {"uv": [0, 0, 1, 0.5], "texture": "#1"},
				"east": {"uv": [0, 0, 1, 0.5], "texture": "#1"},
				"south": {"uv": [0, 0, 1, 0.5], "texture": "#1"},
				"west": {"uv": [0, 0, 1, 0.5], "texture": "#1"},
				"up": {"uv": [0, 0, 1, 0.5], "texture": "#1"},
				"down": {"uv": [0, 0, 1, 0.5], "texture": "#1"}
			}
		},
		{
			"from": [7, -2, 7],
			"to": [9, -1.6, 9],
			"faces": {
				"north": {"uv": [0, 0, 1, 0.5], "texture": "#1"},
				"east": {"uv": [0, 0, 1, 0.5], "texture": "#1"},
				"south": {"uv": [0, 0, 1, 0.5], "texture": "#1"},
				"west": {"uv": [0, 0, 1, 0.5], "texture": "#1"},
				"up": {"uv": [0, 0, 1, 0.5], "texture": "#1"},
				"down": {"uv": [0, 0, 1, 0.5], "texture": "#1"}
			}
		},
		{
			"from": [8, 9, 7.5],
			"to": [8, 12, 8.5],
			
			"faces": {
				"north": {"uv": [0, 0, 0, 3], "texture": "#missing"},
				"east": {"uv": [2.5, 0, 3, 3], "texture": "#1"},
				"south": {"uv": [0, 0, 0, 3], "texture": "#missing"},
				"west": {"uv": [2.5, 0, 3, 3], "texture": "#1"},
				"up": {"uv": [0, 0, 0, 1], "texture": "#missing"},
				"down": {"uv": [0, 0, 0, 1], "texture": "#missing"}
			}
		},
		{
			"from": [7.5, -7, 6.5],
			"to": [7.5, -1, 9.5],
			
			"faces": {
				"north": {"uv": [0, 0, 0, 3], "texture": "#missing"},
				"east": {"uv": [4, 0, 5.5, 3], "texture": "#1"},
				"south": {"uv": [0, 0, 0, 3], "texture": "#missing"},
				"west": {"uv": [4, 0, 5.5, 3], "texture": "#1"},
				"up": {"uv": [0, 0, 0, 1], "texture": "#missing"},
				"down": {"uv": [0, 0, 0, 1], "texture": "#missing"}
			}
		},
		{
			"from": [6.5, -7, 8.5],
			"to": [9.5, -1, 8.5],
			
			"faces": {
				"north": {"uv": [4, 0, 5.5, 3], "texture": "#1"},
				"east": {"uv": [0, 0, 0, 3], "texture": "#1"},
				"south": {"uv": [4, 0, 5.5, 3], "texture": "#1"},
				"west": {"uv": [0, 0, 0, 3], "texture": "#1"},
				"up": {"uv": [0, 0, 0, 1], "rotation": 90, "texture": "#1"},
				"down": {"uv": [0, 0, 0, 1], "rotation": 270, "texture": "#1"}
			}
		},
		{
			"from": [7.5, 9, 8],
			"to": [8.5, 12, 8],
			
			"faces": {
				"north": {"uv": [2.5, 0, 3, 3], "texture": "#1"},
				"east": {"uv": [0, 0, 0, 3], "texture": "#missing"},
				"south": {"uv": [2.5, 0, 3, 3], "texture": "#1"},
				"west": {"uv": [0, 0, 0, 3], "texture": "#missing"},
				"up": {"uv": [0, 0, 0, 1], "rotation": 270, "texture": "#missing"},
				"down": {"uv": [0, 0, 0, 1], "rotation": 90, "texture": "#missing"}
			}
		}
	],
	"display": {
		"thirdperson_righthand": {
			"rotation": [75, 45, 0],
			"translation": [0, 2.5, 0],
			"scale": [0.375, 0.375, 0.375]
		},
		"thirdperson_lefthand": {
			"rotation": [75, 45, 0],
			"translation": [0, 2.5, 0],
			"scale": [0.375, 0.375, 0.375]
		},
		"firstperson_righthand": {
			"rotation": [0, 45, 0],
			"scale": [0.4, 0.4, 0.4]
		},
		"firstperson_lefthand": {
			"rotation": [0, 225, 0],
			"scale": [0.4, 0.4, 0.4]
		},
		"ground": {
			"translation": [0, 3, 0],
			"scale": [0.25, 0.25, 0.25]
		},
		"gui": {
			"rotation": [30, 225, 0],
			"scale": [0.8, 0.8, 0.8]
		},
		"fixed": {
			"scale": [0.5, 0.5, 0.5]
		}
	}
}