{
	"credit": "Yuushya",
	"parent": "block/block",
	"textures": {
		"1": "block/soul_lantern_",
		"particle": "block/soul_lantern_"
	},
	"elements": [
		{
			"from": [4, -3, 4],
			"to": [12, 8, 12],
			"faces": {
				"north": {"uv": [6, 0, 10, 5.5], "texture": "#1"},
				"east": {"uv": [6, 0, 10, 5.5], "texture": "#1"},
				"south": {"uv": [6, 0, 10, 5.5], "texture": "#1"},
				"west": {"uv": [6, 0, 10, 5.5], "texture": "#1"},
				"up": {"uv": [11, 0, 15, 4], "texture": "#1"},
				"down": {"uv": [11, 0, 15, 4], "texture": "#1"}
			}
		},
		{
			"from": [3, 8, 3],
			"to": [13, 9, 13],
			"faces": {
				"north": {"uv": [0, 0, 3, 0.5], "texture": "#1"},
				"east": {"uv": [0, 0, 3, 0.5], "texture": "#1"},
				"south": {"uv": [0, 0, 3, 0.5], "texture": "#1"},
				"west": {"uv": [0, 0, 3, 0.5], "texture": "#1"},
				"up": {"uv": [0, 0, 3, 3], "texture": "#1"},
				"down": {"uv": [0, 0, 3, 3], "texture": "#1"}
			}
		},
		{
			"from": [7, 9.4, 7],
			"to": [9, 9.8, 9],
			"faces": {
				"north": {"uv": [0, 0, 1, 0.5], "texture": "#1"},
				"east": {"uv": [0, 0, 1, 0.5], "texture": "#1"},
				"south": {"uv": [0, 0, 1, 0.5], "texture": "#1"},
				"west": {"uv": [0, 0, 1, 0.5], "texture": "#1"},
				"up": {"uv": [0, 0, 1, 0.5], "texture": "#1"},
				"down": {"uv": [0, 0, 1, 0.5], "texture": "#1"}
			}
		},
		{
			"from": [7, -5, 7],
			"to": [9, -4.6, 9],
			"faces": {
				"north": {"uv": [0, 0, 1, 0.5], "texture": "#1"},
				"east": {"uv": [0, 0, 1, 0.5], "texture": "#1"},
				"south": {"uv": [0, 0, 1, 0.5], "texture": "#1"},
				"west": {"uv": [0, 0, 1, 0.5], "texture": "#1"},
				"up": {"uv": [0, 0, 1, 0.5], "texture": "#1"},
				"down": {"uv": [0, 0, 1, 0.5], "texture": "#1"}
			}
		},
		{
			"from": [5, -4, 5],
			"to": [11, -3, 11],
			"faces": {
				"north": {"uv": [0, 0, 3, 0.5], "texture": "#1"},
				"east": {"uv": [0, 0, 3, 0.5], "texture": "#1"},
				"south": {"uv": [0, 0, 3, 0.5], "texture": "#1"},
				"west": {"uv": [0, 0, 3, 0.5], "texture": "#1"},
				"up": {"uv": [0, 0, 3, 3], "texture": "#1"},
				"down": {"uv": [0, 0, 3, 3], "texture": "#1"}
			}
		},
		{
			"from": [8, 9, 7.5],
			"to": [8, 12, 8.5],
			"faces": {
				"north": {"uv": [0, 0, 0, 3], "texture": "#missing"},
				"east": {"uv": [2.5, 0, 3, 3], "texture": "#1"},
				"south": {"uv": [0, 0, 0, 3], "texture": "#missing"},
				"west": {"uv": [2.5, 0, 3, 3], "texture": "#1"},
				"up": {"uv": [0, 0, 0, 1], "texture": "#missing"},
				"down": {"uv": [0, 0, 0, 1], "texture": "#missing"}
			}
		},
		{
			"from": [8, -10, 6.5],
			"to": [8, -4, 9.5],
			"faces": {
				"north": {"uv": [0, 0, 0, 3], "texture": "#missing"},
				"east": {"uv": [4, 0, 5.5, 3], "texture": "#1"},
				"south": {"uv": [0, 0, 0, 3], "texture": "#missing"},
				"west": {"uv": [4, 0, 5.5, 3], "texture": "#1"},
				"up": {"uv": [0, 0, 0, 1], "texture": "#missing"},
				"down": {"uv": [0, 0, 0, 1], "texture": "#missing"}
			}
		},
		{
			"from": [6.5, -10, 8],
			"to": [9.5, -4, 8],
			"faces": {
				"north": {"uv": [4, 0, 5.5, 3], "texture": "#1"},
				"east": {"uv": [0, 0, 0, 3], "texture": "#1"},
				"south": {"uv": [4, 0, 5.5, 3], "texture": "#1"},
				"west": {"uv": [0, 0, 0, 3], "texture": "#1"},
				"up": {"uv": [0, 0, 0, 1], "rotation": 90, "texture": "#1"},
				"down": {"uv": [0, 0, 0, 1], "rotation": 270, "texture": "#1"}
			}
		},
		{
			"from": [7.5, 9, 8],
			"to": [8.5, 12, 8],
			"faces": {
				"north": {"uv": [2.5, 0, 3, 3], "texture": "#1"},
				"east": {"uv": [0, 0, 0, 3], "texture": "#missing"},
				"south": {"uv": [2.5, 0, 3, 3], "texture": "#1"},
				"west": {"uv": [0, 0, 0, 3], "texture": "#missing"},
				"up": {"uv": [0, 0, 0, 1], "rotation": 270, "texture": "#missing"},
				"down": {"uv": [0, 0, 0, 1], "rotation": 90, "texture": "#missing"}
			}
		}
	],
	"display": {
		"thirdperson_righthand": {
			"rotation": [75, 45, 0],
			"translation": [0, 2.5, 0],
			"scale": [0.375, 0.375, 0.375]
		},
		"thirdperson_lefthand": {
			"rotation": [75, 45, 0],
			"translation": [0, 2.5, 0],
			"scale": [0.375, 0.375, 0.375]
		},
		"firstperson_righthand": {
			"rotation": [0, 45, 0],
			"scale": [0.4, 0.4, 0.4]
		},
		"firstperson_lefthand": {
			"rotation": [0, 225, 0],
			"scale": [0.4, 0.4, 0.4]
		},
		"ground": {
			"translation": [0, 3, 0],
			"scale": [0.25, 0.25, 0.25]
		},
		"gui": {
			"rotation": [30, 225, 0],
			"translation": [0, 1, 0],
			"scale": [0.625, 0.625, 0.625]
		},
		"fixed": {
			"scale": [0.5, 0.5, 0.5]
		}
	}
}