{
	"credit": "Yuushya",
	"textures": {
		"0": "item/bucket_",
		"1": "block/anvil",
		"2": "create:fluid/chocolate_still",
		"particle": "item/bucket_"
	},
	"elements": [
		{
			"from": [3, 1, 3],
			"to": [13, 12, 4],
			
			"faces": {
				"north": {"uv": [0, 0, 5, 5.5], "texture": "#0"},
				"east": {"uv": [0, 0, 0.5, 5.5], "texture": "#0"},
				"south": {"uv": [3, 0, 13, 11], "texture": "#1"},
				"west": {"uv": [0, 0, 0.5, 5.5], "texture": "#0"},
				"up": {"uv": [0, 7.5, 5, 8], "texture": "#0"},
				"down": {"uv": [0, 0, 5, 0.5], "texture": "#0"}
			}
		},
		{
			"from": [3, 1, 12],
			"to": [13, 12, 13],
			
			"faces": {
				"north": {"uv": [3, 0, 13, 11], "texture": "#1"},
				"east": {"uv": [0, 0, 0.5, 5.5], "texture": "#0"},
				"south": {"uv": [0, 0, 5, 5.5], "texture": "#0"},
				"west": {"uv": [0, 0, 0.5, 5.5], "texture": "#0"},
				"up": {"uv": [0, 7.5, 5, 8], "rotation": 180, "texture": "#0"},
				"down": {"uv": [0, 0, 5, 0.5], "rotation": 180, "texture": "#0"}
			}
		},
		{
			"from": [3, 1, 4],
			"to": [4, 12, 12],
			
			"faces": {
				"north": {"uv": [0, 0, 0.5, 5.5], "texture": "#0"},
				"east": {"uv": [3, 0, 13, 11], "texture": "#1"},
				"south": {"uv": [0, 0, 0.5, 5.5], "texture": "#0"},
				"west": {"uv": [0.5, 0, 4.5, 5.5], "texture": "#0"},
				"up": {"uv": [0.5, 7.5, 4.5, 8], "rotation": 90, "texture": "#0"},
				"down": {"uv": [0.5, 5, 4.5, 5.5], "rotation": 90, "texture": "#0"}
			}
		},
		{
			"from": [12, 1, 4],
			"to": [13, 12, 12],
			
			"faces": {
				"north": {"uv": [0, 0, 0.5, 5.5], "texture": "#0"},
				"east": {"uv": [0.5, 0, 4.5, 5.5], "texture": "#0"},
				"south": {"uv": [0, 0, 0.5, 5.5], "texture": "#0"},
				"west": {"uv": [3, 0, 13, 11], "texture": "#1"},
				"up": {"uv": [0.5, 7.5, 4.5, 8], "rotation": 270, "texture": "#0"},
				"down": {"uv": [0.5, 5, 4.5, 5.5], "rotation": 270, "texture": "#0"}
			}
		},
		{
			"from": [4, 1, 4],
			"to": [12, 2, 12],
			
			"faces": {
				"north": {"uv": [0, 0, 4, 0.5], "texture": "#0"},
				"east": {"uv": [0, 0, 4, 0.5], "texture": "#0"},
				"south": {"uv": [0, 0, 4, 0.5], "texture": "#0"},
				"west": {"uv": [0, 0, 4, 0.5], "texture": "#0"},
				"up": {"uv": [4, 4, 12, 12], "texture": "#1"},
				"down": {"uv": [6.5, 0.5, 10.5, 4.5], "texture": "#0"}
			}
		},
		{
			"from": [3, 0, 3],
			"to": [13, 1, 13],
			
			"faces": {
				"north": {"uv": [0, 0, 5, 0.5], "texture": "#0"},
				"east": {"uv": [0, 0, 5, 0.5], "texture": "#0"},
				"south": {"uv": [0, 0, 5, 0.5], "texture": "#0"},
				"west": {"uv": [0, 0, 5, 0.5], "texture": "#0"},
				"up": {"uv": [0, 0, 5, 5], "texture": "#0"},
				"down": {"uv": [6, 0, 11, 5], "texture": "#0"}
			}
		},
		{
			"from": [2, 9, 2],
			"to": [13, 12, 3],
			
			"faces": {
				"north": {"uv": [0, 0, 5.5, 1.5], "texture": "#0"},
				"east": {"uv": [0, 0, 0.5, 1.5], "texture": "#0"},
				"south": {"uv": [0, 0, 5.5, 1.5], "texture": "#0"},
				"west": {"uv": [0, 0, 0.5, 1.5], "texture": "#0"},
				"up": {"uv": [0, 0, 5.5, 0.5], "texture": "#0"},
				"down": {"uv": [0, 0, 5.5, 0.5], "texture": "#0"}
			}
		},
		{
			"from": [3, 9, 13],
			"to": [14, 12, 14],
			
			"faces": {
				"north": {"uv": [0, 0, 5.5, 1.5], "texture": "#0"},
				"east": {"uv": [0, 0, 0.5, 1.5], "texture": "#0"},
				"south": {"uv": [0, 0, 5.5, 1.5], "texture": "#0"},
				"west": {"uv": [0, 0, 0.5, 1.5], "texture": "#0"},
				"up": {"uv": [0, 0, 5.5, 0.5], "rotation": 180, "texture": "#0"},
				"down": {"uv": [0, 0, 5.5, 0.5], "rotation": 180, "texture": "#0"}
			}
		},
		{
			"from": [13, 9, 2],
			"to": [14, 12, 13],
			
			"faces": {
				"north": {"uv": [0, 0, 0.5, 1.5], "texture": "#0"},
				"east": {"uv": [0, 0, 5.5, 1.5], "texture": "#0"},
				"south": {"uv": [0, 0, 0.5, 1.5], "texture": "#0"},
				"west": {"uv": [0, 0, 5.5, 1.5], "texture": "#0"},
				"up": {"uv": [0, 0, 5.5, 0.5], "rotation": 90, "texture": "#0"},
				"down": {"uv": [0, 0, 5.5, 0.5], "rotation": 270, "texture": "#0"}
			}
		},
		{
			"from": [2, 9, 3],
			"to": [3, 12, 14],
			
			"faces": {
				"north": {"uv": [0, 0, 0.5, 1.5], "texture": "#0"},
				"east": {"uv": [0, 0, 5.5, 1.5], "texture": "#0"},
				"south": {"uv": [0, 0, 0.5, 1.5], "texture": "#0"},
				"west": {"uv": [0, 0, 5.5, 1.5], "texture": "#0"},
				"up": {"uv": [0, 0, 5.5, 0.5], "rotation": 270, "texture": "#0"},
				"down": {"uv": [0, 0, 5.5, 0.5], "rotation": 90, "texture": "#0"}
			}
		},
		{
			"from": [-3, 11, 1.5],
			"to": [5.6, 12, 2],
			"rotation": {"angle": 22.5, "axis": "z", "origin": [10, 19, 9]},
			"faces": {
				"north": {"uv": [0, 0, 4.3, 0.5], "texture": "#0"},
				"east": {"uv": [0, 0, 0.25, 0.5], "texture": "#0"},
				"south": {"uv": [0, 0, 4.3, 0.5], "texture": "#0"},
				"west": {"uv": [0, 0, 0.25, 0.5], "texture": "#0"},
				"up": {"uv": [0, 0, 4.3, 0.25], "texture": "#0"},
				"down": {"uv": [0, 0, 4.3, 0.25], "texture": "#0"}
			}
		},
		{
			"from": [-3, 11, 14],
			"to": [5.8, 12, 14.5],
			"rotation": {"angle": 22.5, "axis": "z", "origin": [10, 19, 21.5]},
			"faces": {
				"north": {"uv": [0, 0, 4.4, 0.5], "texture": "#0"},
				"east": {"uv": [0, 0, 0.25, 0.5], "texture": "#0"},
				"south": {"uv": [0, 0, 4.4, 0.5], "texture": "#0"},
				"west": {"uv": [0, 0, 0.25, 0.5], "texture": "#0"},
				"up": {"uv": [0, 0, 4.4, 0.25], "texture": "#0"},
				"down": {"uv": [0, 0, 4.4, 0.25], "texture": "#0"}
			}
		},
		{
			"from": [-3, 11, 2],
			"to": [-2.5, 12, 14],
			"rotation": {"angle": 22.5, "axis": "z", "origin": [10, 19, 21]},
			"faces": {
				"north": {"uv": [0, 0, 0.25, 0.5], "texture": "#0"},
				"east": {"uv": [0, 0, 6, 0.5], "texture": "#0"},
				"south": {"uv": [0, 0, 0.25, 0.5], "texture": "#0"},
				"west": {"uv": [0, 0, 6, 0.5], "texture": "#0"},
				"up": {"uv": [0, 0, 6, 0.25], "rotation": 90, "texture": "#0"},
				"down": {"uv": [0, 0, 6, 0.25], "rotation": 90, "texture": "#0"}
			}
		},
		{
			"from": [7, 9, 1],
			"to": [9, 11, 2],
			
			"faces": {
				"north": {"uv": [0, 0, 1, 1], "texture": "#0"},
				"east": {"uv": [0, 0, 0.5, 1], "texture": "#0"},
				"south": {"uv": [0, 0, 1, 1], "texture": "#0"},
				"west": {"uv": [0, 0, 0.5, 1], "texture": "#0"},
				"up": {"uv": [0, 0, 1, 0.5], "texture": "#0"},
				"down": {"uv": [0, 0, 1, 0.5], "texture": "#0"}
			}
		},
		{
			"from": [7, 9, 14],
			"to": [9, 11, 15],
			
			"faces": {
				"north": {"uv": [0, 0, 1, 1], "texture": "#0"},
				"east": {"uv": [0, 0, 0.5, 1], "texture": "#0"},
				"south": {"uv": [0, 0, 1, 1], "texture": "#0"},
				"west": {"uv": [0, 0, 0.5, 1], "texture": "#0"},
				"up": {"uv": [0, 0, 1, 0.5], "texture": "#0"},
				"down": {"uv": [0, 0, 1, 0.5], "texture": "#0"}
			}
		},
		{
			"from": [4, 2, 4],
			"to": [12, 10, 12],
			
			"faces": {
				"north": {"uv": [0, 0, 8, 8], "texture": "#2"},
				"east": {"uv": [0, 0, 8, 8], "texture": "#2"},
				"south": {"uv": [0, 0, 8, 8], "texture": "#2"},
				"west": {"uv": [0, 0, 8, 8], "texture": "#2"},
				"up": {"uv": [0, 0, 8, 8], "texture": "#2"},
				"down": {"uv": [0, 0, 8, 8], "texture": "#2"}
			}
		}
	],
	"display": {
		"thirdperson_righthand": {
			"rotation": [29.5, 87.75, 0],
			"translation": [0, 0.5, -3.5],
			"scale": [0.6, 0.6, 0.6]
		},
		"thirdperson_lefthand": {
			"rotation": [29.5, -90, 0],
			"translation": [0, 0.5, -3.5],
			"scale": [0.6, 0.6, 0.6]
		},
		"firstperson_righthand": {
			"rotation": [0, 45, 0],
			"scale": [0.6, 0.6, 0.6]
		},
		"firstperson_lefthand": {
			"rotation": [0, 225, 0],
			"scale": [0.6, 0.6, 0.6]
		},
		"ground": {
			"translation": [0, 3, 0],
			"scale": [0.4, 0.4, 0.4]
		},
		"gui": {
			"rotation": [30, 135, 0],
			"translation": [0, 1.25, 0],
			"scale": [0.8, 0.8, 0.8]
		},
		"fixed": {
			"rotation": [-90, 0, 0],
			"translation": [0, 0, -14],
			"scale": [2, 2, 2]
		}
	}
}