{
	"credit": "Made with Blockbench",
	"parent": "block/block",
	"textures": {
		"1": "block/oriental_lantern",
		"2": "block/iron_bar",
		"particle": "block/oriental_lantern"
	},
	"elements": [
		{
			"from": [7, 13, 6],
			"to": [9, 15, 20],
			"faces": {
				"north": {"uv": [3, 12, 5, 14], "texture": "#2"},
				"east": {"uv": [7, 0, 9, 14], "rotation": 90, "texture": "#2"},
				"west": {"uv": [3, 0, 5, 14], "rotation": 90, "texture": "#2"},
				"up": {"uv": [4, 0, 6, 14], "rotation": 180, "texture": "#2"},
				"down": {"uv": [9, 0, 11, 14], "rotation": 180, "texture": "#2"}
			}
		},
		{
			"from": [8, 7, 12],
			"to": [8, 8, 20],
			"rotation": {"angle": 45, "axis": "x", "origin": [8, 7, 21]},
			"faces": {
				"east": {"uv": [0.5, 6, 4.5, 6.5], "texture": "#1"},
				"west": {"uv": [0.5, 6, 4.5, 6.5], "texture": "#1"}
			}
		},
		{
			"from": [6, 6, 20],
			"to": [10, 14, 22],
			"faces": {
				"north": {"uv": [0.5, 6, 2.5, 10], "texture": "#1"},
				"east": {"uv": [2.5, 6, 3.5, 10], "texture": "#1"},
				"south": {"uv": [2.5, 6, 4.5, 10], "texture": "#1"},
				"west": {"uv": [1.5, 6, 2.5, 10], "texture": "#1"},
				"down": {"uv": [0.5, 2, 2.5, 3], "texture": "#1"}
			}
		},
		{
			"from": [6, 14, 20],
			"to": [10, 16, 22],
			"faces": {
				"north": {"uv": [1, 0.5, 3, 1], "texture": "#1"},
				"east": {"uv": [2, 0.5, 3, 1.5], "texture": "#1"},
				"south": {"uv": [0, 0.5, 2, 1.5], "texture": "#1"},
				"west": {"uv": [0, 0.5, 1, 1.5], "texture": "#1"},
				"up": {"uv": [0.5, 0, 2.5, 1], "texture": "#1"}
			}
		}
	],
	"groups": [
		{
			"name": "group",
			"origin": [16, 8, 8],
			"color": 0,
			"children": [0, 1]
		},
		2,
		3
	]
}