{
	"credit": "Made with Blockbench",
	"parent": "block/block",
	"textures": {
		"1": "block/oriental_lantern",
		"2": "block/iron_bar",
		"particle": "block/oriental_lantern"
	},
	"elements": [
		{
			"from": [7, 13, 6],
			"to": [9, 15, 18],
			"faces": {
				"north": {"uv": [3, 14, 5, 16], "texture": "#2"},
				"east": {"uv": [7, 0, 9, 12], "rotation": 90, "texture": "#2"},
				"west": {"uv": [3, 0, 5, 12], "rotation": 90, "texture": "#2"},
				"up": {"uv": [4, 0, 6, 12], "rotation": 180, "texture": "#2"},
				"down": {"uv": [11, 0, 13, 12], "texture": "#2"}
			}
		},
		{
			"from": [8, 9, 12],
			"to": [8, 10, 18],
			"rotation": {"angle": 45, "axis": "x", "origin": [8, 9, 18]},
			"faces": {
				"east": {"uv": [1, 6, 4, 6.5], "texture": "#1"},
				"west": {"uv": [1, 6, 4, 6.5], "texture": "#1"}
			}
		},
		{
			"from": [6, 8, 18],
			"to": [10, 16, 20],
			"faces": {
				"north": {"uv": [0.5, 6, 2.5, 10], "texture": "#1"},
				"east": {"uv": [1.5, 6, 2.5, 10], "texture": "#1"},
				"south": {"uv": [2.5, 6, 4.5, 10], "texture": "#1"},
				"west": {"uv": [3.5, 6, 4.5, 10], "texture": "#1"},
				"up": {"uv": [0.5, 0, 2.5, 1], "texture": "#1"},
				"down": {"uv": [0.5, 2, 2.5, 3], "texture": "#1"}
			}
		}
	],
	"groups": [
		{
			"name": "group",
			"origin": [16, 8, 8],
			"color": 0,
			"children": [0, 1]
		},
		2
	]
}