{
	"credit": "Made with Blockbench",
	"parent": "block/block",
	"textures": {
		"1": "block/oriental_lantern",
		"particle": "block/oriental_lantern"
	},
	"elements": [
		{
			"from": [7, 13, 6],
			"to": [9, 15, 14],
			"faces": {
				"north": {"uv": [1, 1, 2, 2], "texture": "#1"},
				"east": {"uv": [0.5, 6, 4.5, 7], "texture": "#1"},
				"west": {"uv": [0.5, 9, 4.5, 10], "texture": "#1"},
				"up": {"uv": [0.5, 6, 1.5, 10], "texture": "#1"},
				"down": {"uv": [3.5, 6, 4.5, 10], "texture": "#1"}
			}
		},
		{
			"from": [6, 11, 14],
			"to": [10, 16, 16],
			"faces": {
				"north": {"uv": [1, 0.5, 3, 3], "texture": "#1"},
				"east": {"uv": [0, 0.5, 1, 3], "texture": "#1"},
				"south": {"uv": [0, 0.5, 2, 3], "texture": "#1", "cullface": "south"},
				"west": {"uv": [2, 0.5, 3, 3], "texture": "#1"},
				"up": {"uv": [0.5, 0, 2.5, 1], "texture": "#1"},
				"down": {"uv": [0.5, 2, 2.5, 3], "texture": "#1"}
			}
		}
	],
	"groups": [
		{
			"name": "group",
			"origin": [16, 8, 8],
			"color": 0,
			"children": [0, 1]
		}
	]
}