{
	"credit": "Made with Blockbench",
	"parent": "block/block",
	"textures": {
		"1": "block/oriental_lantern",
		"2": "block/iron_bar",
		"particle": "block/oriental_lantern"
	},
	"elements": [
		{
			"from": [7, 13, 6],
			"to": [9, 15, 17],
			"faces": {
				"north": {"uv": [3, 0, 5, 2], "texture": "#2"},
				"east": {"uv": [7, 0, 9, 11], "rotation": 90, "texture": "#2"},
				"west": {"uv": [3, 0, 5, 11], "rotation": 90, "texture": "#2"},
				"up": {"uv": [4, 0, 6, 11], "rotation": 180, "texture": "#2"},
				"down": {"uv": [11, 0, 13, 11], "texture": "#2"}
			}
		},
		{
			"from": [8, 10, 12],
			"to": [8, 11, 17],
			"rotation": {"angle": 45, "axis": "x", "origin": [8, 10, 17]},
			"faces": {
				"east": {"uv": [0.5, 0, 3, 0.5], "texture": "#1"},
				"west": {"uv": [0, 0, 2.5, 0.5], "texture": "#1"}
			}
		},
		{
			"from": [6, 9, 17],
			"to": [10, 16, 19],
			"faces": {
				"north": {"uv": [0.5, 6.5, 2.5, 10], "texture": "#1"},
				"east": {"uv": [0.5, 6.5, 1.5, 10], "texture": "#1"},
				"south": {"uv": [2.5, 6.5, 4.5, 10], "texture": "#1"},
				"west": {"uv": [3.5, 6.5, 4.5, 10], "texture": "#1"},
				"up": {"uv": [0.5, 0, 2.5, 1], "texture": "#1"},
				"down": {"uv": [0.5, 2, 2.5, 3], "texture": "#1"}
			}
		}
	],
	"groups": [
		{
			"name": "group",
			"origin": [16, 8, 8],
			"color": 0,
			"children": [0, 1]
		},
		2
	]
}