{
	"credit": "Made with Blockbench",
	"parent": "block/block",
	"textures": {
		"1": "block/oriental_lantern",
		"2": "block/iron_bar",
		"particle": "block/oriental_lantern"
	},
	"elements": [
		{
			"from": [8, 8, 15],
			"to": [8, 9, 23],
			"rotation": {"angle": 45, "axis": "x", "origin": [8, 8, 23]},
			"faces": {
				"east": {"uv": [0.5, 6, 4.5, 6.5], "texture": "#1"},
				"west": {"uv": [0.5, 6, 4.5, 6.5], "texture": "#1"}
			}
		},
		{
			"from": [7, 13, 6],
			"to": [9, 15, 22],
			"faces": {
				"north": {"uv": [11, 14, 13, 16], "rotation": 270, "texture": "#2"},
				"east": {"uv": [5, 0, 7, 16], "rotation": 270, "texture": "#2"},
				"west": {"uv": [9, 0, 11, 16], "rotation": 90, "texture": "#2"},
				"up": {"uv": [7, 0, 9, 16], "rotation": 180, "texture": "#2"},
				"down": {"uv": [10, 0, 12, 16], "texture": "#2"}
			}
		},
		{
			"from": [6.5, 12.5, 22],
			"to": [9.5, 15.5, 23],
			"rotation": {"angle": 45, "axis": "z", "origin": [8, 14, 0]},
			"faces": {
				"north": {"uv": [0, 1.5, 1.5, 3], "texture": "#1"},
				"east": {"uv": [1, 1.5, 1.5, 3], "texture": "#1"},
				"south": {"uv": [1.5, 1.5, 3, 3], "texture": "#1"},
				"west": {"uv": [1.5, 1.5, 2, 3], "texture": "#1"},
				"up": {"uv": [0.5, 1, 2, 1.5], "texture": "#1"},
				"down": {"uv": [1, 0.5, 2.5, 1], "texture": "#1"}
			}
		}
	],
	"groups": [
		{
			"name": "group",
			"origin": [16, 8, 8],
			"color": 0,
			"children": [0, 1, 2]
		}
	]
}