{
	"parent": "block/block",
	"ambientocclusion": false,
	"textures": {
		"1": "block/acacia_fence",
		"particle": "block/acacia_door",
		"texture": "block/acacia_door"
	},
	"elements": [
		{
			"name": "Center post",
			"from": [6.5, 0, 11],
			"to": [9.5, 16, 14],
			
			"faces": {
				"north": {"uv": [9, 0, 12, 16], "texture": "#1"},
				"east": {"uv": [9, 0, 12, 16], "texture": "#1"},
				"south": {"uv": [9, 0, 12, 16], "texture": "#1"},
				"west": {"uv": [9, 0, 12, 16], "texture": "#1"},
				"up": {"uv": [0, 0, 3, 1], "texture": "#1"},
				"down": {"uv": [5, 9, 8, 12], "texture": "#1"}
			}
		},
		{
			"from": [7.5, 6, 7],
			"to": [8.5, 14, 9],
			
			"faces": {
				"north": {"uv": [8, 0, 9, 9], "texture": "#texture"},
				"east": {"uv": [6, 0, 8, 9], "texture": "#1"},
				"south": {"uv": [8, 0, 9, 9], "texture": "#texture"},
				"west": {"uv": [6, 0, 8, 9], "texture": "#1"},
				"up": {"uv": [8, 0, 9, 2], "texture": "#texture"},
				"down": {"uv": [8, 0, 10, 2], "texture": "#texture"}
			}
		},
		{
			"from": [7, 12, 0],
			"to": [9, 15, 16],
			
			"faces": {
				"north": {"uv": [5, 13, 8, 15], "rotation": 90, "texture": "#1"},
				"east": {"uv": [16, 1, 0, 4], "texture": "#1"},
				"south": {"uv": [9, 0, 11, 2], "rotation": 90, "texture": "#1"},
				"west": {"uv": [16, 1, 0, 4], "texture": "#1"},
				"up": {"uv": [0, 0, 16, 2], "rotation": 90, "texture": "#1"},
				"down": {"uv": [6, 8, 8, 16], "texture": "#1"}
			}
		},
		{
			"from": [7, 3, 0],
			"to": [9, 6, 16],
			
			"faces": {
				"north": {"uv": [5, 13, 8, 15], "rotation": 90, "texture": "#1"},
				"east": {"uv": [16, 1, 0, 4], "texture": "#1"},
				"south": {"uv": [9, 0, 11, 2], "rotation": 90, "texture": "#1"},
				"west": {"uv": [16, 1, 0, 4], "texture": "#1"},
				"up": {"uv": [0, 0, 16, 2], "rotation": 90, "texture": "#1"},
				"down": {"uv": [6, 8, 8, 16], "texture": "#1"}
			}
		},
		{
			"name": "Center post",
			"from": [6.5, 0, 2],
			"to": [9.5, 16, 5],
			
			"faces": {
				"north": {"uv": [9, 0, 12, 16], "texture": "#1"},
				"east": {"uv": [9, 0, 12, 16], "texture": "#1"},
				"south": {"uv": [9, 0, 12, 16], "texture": "#1"},
				"west": {"uv": [9, 0, 12, 16], "texture": "#1"},
				"up": {"uv": [0, 0, 3, 1], "texture": "#1"},
				"down": {"uv": [5, 9, 8, 12], "texture": "#1"}
			}
		}
	],
	"display": {
		"thirdperson_righthand": {
			"rotation": [75, 45, 0],
			"translation": [0, 2.5, 0],
			"scale": [0.375, 0.375, 0.375]
		},
		"thirdperson_lefthand": {
			"rotation": [75, 45, 0],
			"translation": [0, 2.5, 0],
			"scale": [0.375, 0.375, 0.375]
		},
		"firstperson_righthand": {
			"rotation": [0, 45, 0],
			"scale": [0.4, 0.4, 0.4]
		},
		"firstperson_lefthand": {
			"rotation": [0, 225, 0],
			"scale": [0.4, 0.4, 0.4]
		},
		"ground": {
			"translation": [0, 3, 0],
			"scale": [0.25, 0.25, 0.25]
		},
		"gui": {
			"rotation": [30, 225, 0],
			"scale": [0.7, 0.7, 0.7]
		},
		"fixed": {
			"rotation": [-90, 0, 0],
			"translation": [13, 0, -13],
			"scale": [2, 2, 2]
		}
	}
}