{
	"credit": "Yuushya",
	"ambientocclusion": false,
	"textures": {
		"1": "block/acacia_door",
		"2": "block/acacia_planks_",
		"particle": "block/acacia_planks_"
	},
	"elements": [
		{
			"from": [0, 0, 0],
			"to": [3, 3, 16],
			
			"faces": {
				"north": {"uv": [13, 9, 16, 6], "rotation": 180, "texture": "#2"},
				"east": {"uv": [0, 5, 16, 2], "rotation": 180, "texture": "#2"},
				"south": {"uv": [13, 9, 16, 6], "rotation": 180, "texture": "#2"},
				"west": {"uv": [0, 5, 16, 2], "rotation": 180, "texture": "#2"},
				"up": {"uv": [8, 0, 9, 3], "rotation": 90, "texture": "#2"},
				"down": {"uv": [8, 0, 9, 3], "rotation": 90, "texture": "#2"}
			}
		},
		{
			"from": [0, 9, 0],
			"to": [3, 12, 16],
			
			"faces": {
				"north": {"uv": [13, 9, 16, 6], "rotation": 180, "texture": "#2"},
				"east": {"uv": [0, 5, 16, 2], "rotation": 180, "texture": "#2"},
				"south": {"uv": [13, 9, 16, 6], "rotation": 180, "texture": "#2"},
				"west": {"uv": [0, 5, 16, 2], "rotation": 180, "texture": "#2"},
				"up": {"uv": [8, 0, 9, 3], "rotation": 90, "texture": "#2"},
				"down": {"uv": [8, 0, 9, 3], "rotation": 90, "texture": "#2"}
			}
		},
		{
			"name": "acacia_door_8",
			"from": [1, 0, 1],
			"to": [2, 15.98, 3],
			
			"faces": {
				"north": {"uv": [2, 0, 3, 15.98], "texture": "#1"},
				"east": {"uv": [8, 0, 10, 16], "texture": "#1"},
				"south": {"uv": [2, 0, 3, 15.98], "texture": "#1"},
				"west": {"uv": [8, 0, 10, 16], "texture": "#1"},
				"up": {"uv": [2, 2, 4, 3], "rotation": 270, "texture": "#1"},
				"down": {"uv": [2, 2, 4, 3], "rotation": 270, "texture": "#1"}
			}
		},
		{
			"name": "acacia_door_7",
			"from": [1, 0, 4],
			"to": [2, 15.98, 6],
			
			"faces": {
				"north": {"uv": [2, 0, 3, 15.98], "texture": "#1"},
				"east": {"uv": [8, 0, 10, 16], "texture": "#1"},
				"south": {"uv": [2, 0, 3, 15.98], "texture": "#1"},
				"west": {"uv": [8, 0, 10, 16], "texture": "#1"},
				"up": {"uv": [2, 2, 4, 3], "rotation": 270, "texture": "#1"},
				"down": {"uv": [2, 2, 4, 3], "rotation": 270, "texture": "#1"}
			}
		},
		{
			"name": "acacia_door_6",
			"from": [1, 0, 7],
			"to": [2, 15.98, 9],
			
			"faces": {
				"north": {"uv": [2, 0, 3, 15.98], "texture": "#1"},
				"east": {"uv": [8, 0, 10, 16], "texture": "#1"},
				"south": {"uv": [2, 0, 3, 15.98], "texture": "#1"},
				"west": {"uv": [8, 0, 10, 16], "texture": "#1"},
				"up": {"uv": [2, 2, 4, 3], "rotation": 270, "texture": "#1"},
				"down": {"uv": [2, 2, 4, 3], "rotation": 270, "texture": "#1"}
			}
		},
		{
			"name": "acacia_door_5",
			"from": [1, 0, 10],
			"to": [2, 15.98, 12],
			
			"faces": {
				"north": {"uv": [2, 0, 3, 15.98], "texture": "#1"},
				"east": {"uv": [8, 0, 10, 16], "texture": "#1"},
				"south": {"uv": [2, 0, 3, 15.98], "texture": "#1"},
				"west": {"uv": [8, 0, 10, 16], "texture": "#1"},
				"up": {"uv": [2, 2, 4, 3], "rotation": 270, "texture": "#1"},
				"down": {"uv": [2, 2, 4, 3], "rotation": 270, "texture": "#1"}
			}
		},
		{
			"name": "acacia_door_4",
			"from": [1, 0, 13],
			"to": [2, 15.98, 15],
			
			"faces": {
				"north": {"uv": [2, 0, 3, 15.98], "texture": "#1"},
				"east": {"uv": [8, 0, 10, 16], "texture": "#1"},
				"south": {"uv": [2, 0, 3, 15.98], "texture": "#1"},
				"west": {"uv": [8, 0, 10, 16], "texture": "#1"},
				"up": {"uv": [2, 2, 4, 3], "rotation": 270, "texture": "#1"},
				"down": {"uv": [2, 2, 4, 3], "rotation": 270, "texture": "#1"}
			}
		}
	],
	"display": {
		"thirdperson_righthand": {
			"rotation": [75, 45, 0],
			"translation": [0, 2.5, 0],
			"scale": [0.375, 0.375, 0.375]
		},
		"thirdperson_lefthand": {
			"rotation": [75, 45, 0],
			"translation": [0, 2.5, 0],
			"scale": [0.375, 0.375, 0.375]
		},
		"firstperson_righthand": {
			"rotation": [0, 45, 0],
			"scale": [0.4, 0.4, 0.4]
		},
		"firstperson_lefthand": {
			"rotation": [0, 225, 0],
			"scale": [0.4, 0.4, 0.4]
		},
		"ground": {
			"translation": [0, 3, 0],
			"scale": [0.25, 0.25, 0.25]
		},
		"gui": {
			"rotation": [30, 225, 0],
			"scale": [0.625, 0.625, 0.625]
		},
		"fixed": {
			"scale": [0.5, 0.5, 0.5]
		}
	},
	"groups": [
		{
			"name": "acacia_door",
			"origin": [8, 8, 8],
			"children": [0, 1]
		},
		{
			"name": "acacia_door_top_hinge",
			"origin": [8, 8, 8],
			"children": [2, 3, 4, 5, 6]
		}
	]
}