{
	"textures": {
		"particle": "block/acacia_fence",
		"texture": "block/acacia_fence"
	},
	"elements": [
		{
			"from": [7, 12, 0],
			"to": [9, 15, 8],
			
			"faces": {
				"north": {"uv": [5, 1, 7, 4], "texture": "#texture"},
				"east": {"uv": [5, 1, 13, 4], "texture": "#texture"},
				"south": {"uv": [5, 1, 7, 4], "texture": "#texture"},
				"west": {"uv": [5, 1, 13, 4], "texture": "#texture"},
				"up": {"uv": [3, 0, 11, 2], "rotation": 90, "texture": "#texture"},
				"down": {"uv": [6, 2, 14, 4], "rotation": 90, "texture": "#texture"}
			}
		},
		{
			"from": [7, 2.8, 0],
			"to": [9, 5.8, 8],
			
			"faces": {
				"north": {"uv": [5, 1, 7, 4], "texture": "#texture"},
				"east": {"uv": [5, 1, 13, 4], "texture": "#texture"},
				"south": {"uv": [5, 1, 7, 4], "texture": "#texture"},
				"west": {"uv": [5, 1, 13, 4], "texture": "#texture"},
				"up": {"uv": [3, 0, 11, 2], "rotation": 90, "texture": "#texture"},
				"down": {"uv": [6, 2, 14, 4], "rotation": 90, "texture": "#texture"}
			}
		},
		{
			"from": [7.5, 6, 3.5],
			"to": [8.5, 14.8, 5.5],
			"faces": {
				"north": {"uv": [8, 0, 9, 9], "texture": "#texture"},
				"east": {"uv": [6, 0, 4, 9], "texture": "#texture"},
				"south": {"uv": [8, 0, 9, 9], "texture": "#texture"},
				"west": {"uv": [6, 0, 8, 9], "texture": "#texture"},
				"up": {"uv": [8, 0, 9, 2], "texture": "#texture"},
				"down": {"uv": [8, 0, 10, 2], "texture": "#texture"}
			}
		},
		{
			"from": [7.5, 6, 0.5],
			"to": [8.5, 14.8, 2.5],
			
			"faces": {
				"north": {"uv": [8, 0, 9, 9], "texture": "#texture"},
				"east": {"uv": [8, 0, 6, 9], "texture": "#texture"},
				"south": {"uv": [8, 0, 9, 9], "texture": "#texture"},
				"west": {"uv": [4, 0, 6, 9], "texture": "#texture"},
				"up": {"uv": [8, 0, 9, 2], "texture": "#texture"},
				"down": {"uv": [8, 0, 10, 2], "texture": "#texture"}
			}
		}
	]
}