{
	"credit": "Yuushya",
	"ambientocclusion": false,
	"texture_size": [32, 32],
	"textures": {
		"0": "block/azalea_branch",
		"1": "block/azalea_top",
		"2": "block/azalea_side",
		"particle": "block/azalea_branch"
	},
	"elements": [
		{
			"from": [-5, -5, -1],
			"to": [16, 10, -1],
			"rotation": {"angle": -45, "axis": "x", "origin": [6, 22, 2]},
			"faces": {
				"north": {"uv": [13, 7.5, 2.5, 15], "texture": "#0"},
				"south": {"uv": [13, 7.5, 2.5, 15], "texture": "#0"}
			}
		},
		{
			"from": [0, 10, -4],
			"to": [15, 10, 17],
			"rotation": {"angle": 22.5, "axis": "z", "origin": [18, -5, 8]},
			"faces": {
				"up": {"uv": [2.5, 7.5, 13, 15], "rotation": 90, "texture": "#0"},
				"down": {"uv": [2.5, 7.5, 13, 15], "rotation": 90, "texture": "#0"}
			}
		},
		{
			"from": [-1, 4, 11],
			"to": [20, 19, 11],
			"rotation": {"angle": 45, "axis": "x", "origin": [10, 7, 8]},
			"faces": {
				"north": {"uv": [13, 7.5, 2.5, 15], "rotation": 180, "texture": "#0"},
				"south": {"uv": [13, 7.5, 2.5, 15], "rotation": 180, "texture": "#0"}
			}
		},
		{
			"from": [13, 10, -5],
			"to": [28, 10, 16],
			"rotation": {"angle": -45, "axis": "z", "origin": [11, 15, 11]},
			"faces": {
				"up": {"uv": [3, 7.5, 13.5, 15], "rotation": 270, "texture": "#0"},
				"down": {"uv": [3, 7.5, 13.5, 15], "rotation": 270, "texture": "#0"}
			}
		},
		{
			"from": [0, 4, -11],
			"to": [21, 4, 5],
			"rotation": {"angle": -22.5, "axis": "x", "origin": [10, 14, 2]},
			"faces": {
				"up": {"uv": [2.5, 7.5, 13, 15.5], "rotation": 180, "texture": "#0"},
				"down": {"uv": [2.5, 5.5, 13, 13.5], "texture": "#0"}
			}
		},
		{
			"from": [10, 1, -2],
			"to": [10, 16, 19],
			
			"faces": {
				"east": {"uv": [13, 7.5, 2.5, 15], "rotation": 180, "texture": "#0"},
				"west": {"uv": [13, 7.5, 2.5, 15], "rotation": 180, "texture": "#0"}
			}
		},
		{
			"from": [-2, 1, 5],
			"to": [19, 16, 5],
			"rotation": {"angle": 22.5, "axis": "y", "origin": [8, 7, 8]},
			"faces": {
				"north": {"uv": [13, 7.5, 2.5, 15], "rotation": 180, "texture": "#0"},
				"south": {"uv": [13, 7.5, 2.5, 15], "rotation": 180, "texture": "#0"}
			}
		},
		{
			"from": [0, 8, 0],
			"to": [16, 16, 16],
			
			"faces": {
				"north": {"uv": [0, 0, 16, 8], "texture": "#2", "cullface": "north"},
				"east": {"uv": [0, 0, 16, 8], "texture": "#2", "cullface": "east"},
				"south": {"uv": [0, 0, 16, 8], "texture": "#2", "cullface": "south"},
				"west": {"uv": [0, 0, 16, 8], "texture": "#2", "cullface": "west"},
				"up": {"uv": [0, 0, 16, 16], "texture": "#1", "cullface": "up"}
			}
		},
		{
			"from": [0, 8, 16],
			"to": [16, 16, 0],
			
			"faces": {
				"north": {"uv": [0, 0, 16, 8], "texture": "#2", "cullface": "south"},
				"east": {"uv": [0, 0, 16, 8], "texture": "#2", "cullface": "east"},
				"south": {"uv": [0, 0, 16, 8], "texture": "#2", "cullface": "north"},
				"west": {"uv": [0, 0, 16, 8], "texture": "#2", "cullface": "west"},
				"up": {"uv": [0, 0, 16, 16], "texture": "#1", "cullface": "up"}
			}
		},
		{
			"from": [0, 8, 0],
			"to": [16, 16, 0],
			"rotation": {"angle": 45, "axis": "x", "origin": [8, 13, 0]},
			"faces": {
				"north": {"uv": [0, 0, 16, 8], "texture": "#2", "cullface": "north"},
				"south": {"uv": [0, 0, 16, 8], "texture": "#2", "cullface": "north"}
			}
		},
		{
			"from": [0, 8, 16],
			"to": [16, 16, 16],
			"rotation": {"angle": -45, "axis": "x", "origin": [8, 13, 16]},
			"faces": {
				"north": {"uv": [0, 0, 16, 8], "texture": "#2", "cullface": "south"},
				"south": {"uv": [0, 0, 16, 8], "texture": "#2", "cullface": "south"}
			}
		},
		{
			"from": [16, 8, 0],
			"to": [16, 16, 16],
			"rotation": {"angle": 45, "axis": "z", "origin": [16, 13, 8]},
			"faces": {
				"east": {"uv": [0, 0, 16, 8], "texture": "#2", "cullface": "east"},
				"west": {"uv": [0, 0, 16, 8], "texture": "#2", "cullface": "east"}
			}
		},
		{
			"from": [0, 8, 0],
			"to": [0, 16, 16],
			"rotation": {"angle": -45, "axis": "z", "origin": [0, 13, 8]},
			"faces": {
				"east": {"uv": [0, 0, 16, 8], "texture": "#2", "cullface": "west"},
				"west": {"uv": [0, 0, 16, 8], "texture": "#2", "cullface": "west"}
			}
		}
	],
	"display": {
		"thirdperson_righthand": {
			"rotation": [75, 45, 0],
			"translation": [0, 2.5, 0],
			"scale": [0.375, 0.375, 0.375]
		},
		"thirdperson_lefthand": {
			"rotation": [75, 45, 0],
			"translation": [0, 2.5, 0],
			"scale": [0.375, 0.375, 0.375]
		},
		"firstperson_righthand": {
			"rotation": [0, 45, 0],
			"scale": [0.4, 0.4, 0.4]
		},
		"firstperson_lefthand": {
			"rotation": [0, 225, 0],
			"scale": [0.4, 0.4, 0.4]
		},
		"ground": {
			"translation": [0, 3, 0],
			"scale": [0.25, 0.25, 0.25]
		},
		"gui": {
			"rotation": [30, 225, 0],
			"scale": [0.6, 0.6, 0.6]
		},
		"fixed": {
			"scale": [0.5, 0.5, 0.5]
		}
	}
}