{
	"credit": "Yuushya",
	"ambientocclusion": false,
	"textures": {
		"0": "block/azure/daisy",
		"1": "block/azure/blue",
		"particle": "block/azure/daisy"
	},
	"elements": [
		{
			"from": [4, 6, 3],
			"to": [5, 6.3, 4],
			
			"faces": {
				"north": {"uv": [1, 0, 2, 1], "texture": "#0"},
				"east": {"uv": [1, 0, 2, 1], "texture": "#0"},
				"south": {"uv": [1, 0, 2, 1], "texture": "#0"},
				"west": {"uv": [1, 0, 2, 1], "texture": "#0"},
				"up": {"uv": [1, 0, 2, 1], "texture": "#0"},
				"down": {"uv": [1, 0, 2, 1], "texture": "#0"}
			}
		},
		{
			"from": [4, 6, 1],
			"to": [5, 6, 3],
			
			"faces": {
				"north": {"uv": [0, 0, 2, 0], "texture": "#0"},
				"east": {"uv": [0, 0, 1, 0], "texture": "#0"},
				"south": {"uv": [0, 0, 2, 0], "texture": "#0"},
				"west": {"uv": [0, 0, 1, 0], "texture": "#0"},
				"up": {"uv": [0, 0, 1, 2], "texture": "#0"},
				"down": {"uv": [0, 0, 1, 2], "texture": "#0"}
			}
		},
		{
			"from": [5, 6.1, 3],
			"to": [7, 6.1, 4],
			"rotation": {"angle": 45, "axis": "y", "origin": [4.5, 6, 3.5]},
			"faces": {
				"north": {"uv": [0, 0, 1, 0], "texture": "#0"},
				"east": {"uv": [0, 0, 2, 0], "texture": "#0"},
				"south": {"uv": [0, 0, 1, 0], "texture": "#0"},
				"west": {"uv": [0, 0, 2, 0], "texture": "#0"},
				"up": {"uv": [0, 0, 1, 2], "rotation": 90, "texture": "#0"},
				"down": {"uv": [0, 0, 1, 2], "rotation": 90, "texture": "#0"}
			}
		},
		{
			"from": [2, 6.1, 3],
			"to": [4, 6.1, 4],
			"rotation": {"angle": 45, "axis": "y", "origin": [4.5, 6, 3.5]},
			"faces": {
				"north": {"uv": [0, 0, 1, 0], "texture": "#0"},
				"east": {"uv": [0, 0, 2, 0], "texture": "#0"},
				"south": {"uv": [0, 0, 1, 0], "texture": "#0"},
				"west": {"uv": [0, 0, 2, 0], "texture": "#0"},
				"up": {"uv": [0, 0, 1, 2], "rotation": 270, "texture": "#0"},
				"down": {"uv": [0, 0, 1, 2], "rotation": 90, "texture": "#0"}
			}
		},
		{
			"from": [4, 6.1, 4],
			"to": [5, 6.1, 6],
			"rotation": {"angle": 45, "axis": "y", "origin": [4.5, 6, 3.5]},
			"faces": {
				"north": {"uv": [0, 0, 2, 0], "texture": "#0"},
				"east": {"uv": [0, 0, 1, 0], "texture": "#0"},
				"south": {"uv": [0, 0, 2, 0], "texture": "#0"},
				"west": {"uv": [0, 0, 1, 0], "texture": "#0"},
				"up": {"uv": [0, 0, 1, 2], "rotation": 180, "texture": "#0"},
				"down": {"uv": [0, 0, 1, 2], "texture": "#0"}
			}
		},
		{
			"from": [4, 6.1, 1],
			"to": [5, 6.1, 3],
			"rotation": {"angle": 45, "axis": "y", "origin": [4.5, 6, 3.5]},
			"faces": {
				"north": {"uv": [0, 0, 2, 0], "texture": "#0"},
				"east": {"uv": [0, 0, 1, 0], "texture": "#0"},
				"south": {"uv": [0, 0, 2, 0], "texture": "#0"},
				"west": {"uv": [0, 0, 1, 0], "texture": "#0"},
				"up": {"uv": [0, 0, 1, 2], "texture": "#0"},
				"down": {"uv": [0, 0, 1, 2], "texture": "#0"}
			}
		},
		{
			"from": [4, 6, 4],
			"to": [5, 6, 6],
			
			"faces": {
				"north": {"uv": [0, 0, 2, 0], "texture": "#0"},
				"east": {"uv": [0, 0, 1, 0], "texture": "#0"},
				"south": {"uv": [0, 0, 2, 0], "texture": "#0"},
				"west": {"uv": [0, 0, 1, 0], "texture": "#0"},
				"up": {"uv": [0, 0, 1, 2], "rotation": 180, "texture": "#0"},
				"down": {"uv": [0, 0, 1, 2], "texture": "#0"}
			}
		},
		{
			"from": [2, 6, 3],
			"to": [4, 6, 4],
			
			"faces": {
				"north": {"uv": [0, 0, 1, 0], "texture": "#0"},
				"east": {"uv": [0, 0, 2, 0], "texture": "#0"},
				"south": {"uv": [0, 0, 1, 0], "texture": "#0"},
				"west": {"uv": [0, 0, 2, 0], "texture": "#0"},
				"up": {"uv": [0, 0, 1, 2], "rotation": 270, "texture": "#0"},
				"down": {"uv": [0, 0, 1, 2], "rotation": 90, "texture": "#0"}
			}
		},
		{
			"from": [5, 6, 3],
			"to": [7, 6, 4],
			
			"faces": {
				"north": {"uv": [0, 0, 1, 0], "texture": "#0"},
				"east": {"uv": [0, 0, 2, 0], "texture": "#0"},
				"south": {"uv": [0, 0, 1, 0], "texture": "#0"},
				"west": {"uv": [0, 0, 2, 0], "texture": "#0"},
				"up": {"uv": [0, 0, 1, 2], "rotation": 90, "texture": "#0"},
				"down": {"uv": [0, 0, 1, 2], "rotation": 90, "texture": "#0"}
			}
		},
		{
			"from": [9, 5, 7],
			"to": [10, 5.3, 8],
			
			"faces": {
				"north": {"uv": [1, 0, 2, 1], "texture": "#0"},
				"east": {"uv": [1, 0, 2, 1], "texture": "#0"},
				"south": {"uv": [1, 0, 2, 1], "texture": "#0"},
				"west": {"uv": [1, 0, 2, 1], "texture": "#0"},
				"up": {"uv": [1, 0, 2, 1], "texture": "#0"},
				"down": {"uv": [1, 0, 2, 1], "texture": "#0"}
			}
		},
		{
			"from": [9, 5, 5],
			"to": [10, 5, 7],
			
			"faces": {
				"north": {"uv": [0, 0, 2, 0], "texture": "#0"},
				"east": {"uv": [0, 0, 1, 0], "texture": "#0"},
				"south": {"uv": [0, 0, 2, 0], "texture": "#0"},
				"west": {"uv": [0, 0, 1, 0], "texture": "#0"},
				"up": {"uv": [0, 0, 1, 2], "texture": "#0"},
				"down": {"uv": [0, 0, 1, 2], "texture": "#0"}
			}
		},
		{
			"from": [10, 5.1, 7],
			"to": [12, 5.1, 8],
			"rotation": {"angle": 45, "axis": "y", "origin": [9.5, 5, 7.5]},
			"faces": {
				"north": {"uv": [0, 0, 1, 0], "texture": "#0"},
				"east": {"uv": [0, 0, 2, 0], "texture": "#0"},
				"south": {"uv": [0, 0, 1, 0], "texture": "#0"},
				"west": {"uv": [0, 0, 2, 0], "texture": "#0"},
				"up": {"uv": [0, 0, 1, 2], "rotation": 90, "texture": "#0"},
				"down": {"uv": [0, 0, 1, 2], "rotation": 90, "texture": "#0"}
			}
		},
		{
			"from": [7, 5.1, 7],
			"to": [9, 5.1, 8],
			"rotation": {"angle": 45, "axis": "y", "origin": [9.5, 5, 7.5]},
			"faces": {
				"north": {"uv": [0, 0, 1, 0], "texture": "#0"},
				"east": {"uv": [0, 0, 2, 0], "texture": "#0"},
				"south": {"uv": [0, 0, 1, 0], "texture": "#0"},
				"west": {"uv": [0, 0, 2, 0], "texture": "#0"},
				"up": {"uv": [0, 0, 1, 2], "rotation": 270, "texture": "#0"},
				"down": {"uv": [0, 0, 1, 2], "rotation": 90, "texture": "#0"}
			}
		},
		{
			"from": [9, 5.1, 8],
			"to": [10, 5.1, 10],
			"rotation": {"angle": 45, "axis": "y", "origin": [9.5, 5, 7.5]},
			"faces": {
				"north": {"uv": [0, 0, 2, 0], "texture": "#0"},
				"east": {"uv": [0, 0, 1, 0], "texture": "#0"},
				"south": {"uv": [0, 0, 2, 0], "texture": "#0"},
				"west": {"uv": [0, 0, 1, 0], "texture": "#0"},
				"up": {"uv": [0, 0, 1, 2], "rotation": 180, "texture": "#0"},
				"down": {"uv": [0, 0, 1, 2], "texture": "#0"}
			}
		},
		{
			"from": [9, 5.1, 5],
			"to": [10, 5.1, 7],
			"rotation": {"angle": 45, "axis": "y", "origin": [9.5, 5, 7.5]},
			"faces": {
				"north": {"uv": [0, 0, 2, 0], "texture": "#0"},
				"east": {"uv": [0, 0, 1, 0], "texture": "#0"},
				"south": {"uv": [0, 0, 2, 0], "texture": "#0"},
				"west": {"uv": [0, 0, 1, 0], "texture": "#0"},
				"up": {"uv": [0, 0, 1, 2], "texture": "#0"},
				"down": {"uv": [0, 0, 1, 2], "texture": "#0"}
			}
		},
		{
			"from": [9, 5, 8],
			"to": [10, 5, 10],
			
			"faces": {
				"north": {"uv": [0, 0, 2, 0], "texture": "#0"},
				"east": {"uv": [0, 0, 1, 0], "texture": "#0"},
				"south": {"uv": [0, 0, 2, 0], "texture": "#0"},
				"west": {"uv": [0, 0, 1, 0], "texture": "#0"},
				"up": {"uv": [0, 0, 1, 2], "rotation": 180, "texture": "#0"},
				"down": {"uv": [0, 0, 1, 2], "texture": "#0"}
			}
		},
		{
			"from": [7, 5, 7],
			"to": [9, 5, 8],
			
			"faces": {
				"north": {"uv": [0, 0, 1, 0], "texture": "#0"},
				"east": {"uv": [0, 0, 2, 0], "texture": "#0"},
				"south": {"uv": [0, 0, 1, 0], "texture": "#0"},
				"west": {"uv": [0, 0, 2, 0], "texture": "#0"},
				"up": {"uv": [0, 0, 1, 2], "rotation": 270, "texture": "#0"},
				"down": {"uv": [0, 0, 1, 2], "rotation": 90, "texture": "#0"}
			}
		},
		{
			"from": [10, 5, 7],
			"to": [12, 5, 8],
			
			"faces": {
				"north": {"uv": [0, 0, 1, 0], "texture": "#0"},
				"east": {"uv": [0, 0, 2, 0], "texture": "#0"},
				"south": {"uv": [0, 0, 1, 0], "texture": "#0"},
				"west": {"uv": [0, 0, 2, 0], "texture": "#0"},
				"up": {"uv": [0, 0, 1, 2], "rotation": 90, "texture": "#0"},
				"down": {"uv": [0, 0, 1, 2], "rotation": 90, "texture": "#0"}
			}
		},
		{
			"from": [5, 6, 11],
			"to": [6, 6.3, 12],
			"rotation": {"angle": -22.5, "axis": "y", "origin": [9, 5.56111, 8.5]},
			"faces": {
				"north": {"uv": [1, 0, 2, 1], "texture": "#0"},
				"east": {"uv": [1, 0, 2, 1], "texture": "#0"},
				"south": {"uv": [1, 0, 2, 1], "texture": "#0"},
				"west": {"uv": [1, 0, 2, 1], "texture": "#0"},
				"up": {"uv": [1, 0, 2, 1], "texture": "#0"},
				"down": {"uv": [1, 0, 2, 1], "texture": "#0"}
			}
		},
		{
			"from": [5, 6, 9],
			"to": [6, 6, 11],
			"rotation": {"angle": -22.5, "axis": "y", "origin": [9, 5.56111, 8.5]},
			"faces": {
				"north": {"uv": [0, 0, 2, 0], "texture": "#0"},
				"east": {"uv": [0, 0, 1, 0], "texture": "#0"},
				"south": {"uv": [0, 0, 2, 0], "texture": "#0"},
				"west": {"uv": [0, 0, 1, 0], "texture": "#0"},
				"up": {"uv": [0, 0, 1, 2], "texture": "#0"},
				"down": {"uv": [0, 0, 1, 2], "texture": "#0"}
			}
		},
		{
			"from": [4.90381, 6.1, 7.64645],
			"to": [6.90381, 6.1, 8.64645],
			"rotation": {"angle": 22.5, "axis": "y", "origin": [9, 5.56111, 8.5]},
			"faces": {
				"north": {"uv": [0, 0, 1, 0], "texture": "#0"},
				"east": {"uv": [0, 0, 2, 0], "texture": "#0"},
				"south": {"uv": [0, 0, 1, 0], "texture": "#0"},
				"west": {"uv": [0, 0, 2, 0], "texture": "#0"},
				"up": {"uv": [0, 0, 1, 2], "rotation": 90, "texture": "#0"},
				"down": {"uv": [0, 0, 1, 2], "rotation": 90, "texture": "#0"}
			}
		},
		{
			"from": [1.90381, 6.1, 7.64645],
			"to": [3.90381, 6.1, 8.64645],
			"rotation": {"angle": 22.5, "axis": "y", "origin": [9, 5.56111, 8.5]},
			"faces": {
				"north": {"uv": [0, 0, 1, 0], "texture": "#0"},
				"east": {"uv": [0, 0, 2, 0], "texture": "#0"},
				"south": {"uv": [0, 0, 1, 0], "texture": "#0"},
				"west": {"uv": [0, 0, 2, 0], "texture": "#0"},
				"up": {"uv": [0, 0, 1, 2], "rotation": 270, "texture": "#0"},
				"down": {"uv": [0, 0, 1, 2], "rotation": 90, "texture": "#0"}
			}
		},
		{
			"from": [3.90381, 6.1, 8.64645],
			"to": [4.90381, 6.1, 10.64645],
			"rotation": {"angle": 22.5, "axis": "y", "origin": [9, 5.56111, 8.5]},
			"faces": {
				"north": {"uv": [0, 0, 2, 0], "texture": "#0"},
				"east": {"uv": [0, 0, 1, 0], "texture": "#0"},
				"south": {"uv": [0, 0, 2, 0], "texture": "#0"},
				"west": {"uv": [0, 0, 1, 0], "texture": "#0"},
				"up": {"uv": [0, 0, 1, 2], "rotation": 180, "texture": "#0"},
				"down": {"uv": [0, 0, 1, 2], "texture": "#0"}
			}
		},
		{
			"from": [3.90381, 6.1, 5.64645],
			"to": [4.90381, 6.1, 7.64645],
			"rotation": {"angle": 22.5, "axis": "y", "origin": [9, 5.56111, 8.5]},
			"faces": {
				"north": {"uv": [0, 0, 2, 0], "texture": "#0"},
				"east": {"uv": [0, 0, 1, 0], "texture": "#0"},
				"south": {"uv": [0, 0, 2, 0], "texture": "#0"},
				"west": {"uv": [0, 0, 1, 0], "texture": "#0"},
				"up": {"uv": [0, 0, 1, 2], "texture": "#0"},
				"down": {"uv": [0, 0, 1, 2], "texture": "#0"}
			}
		},
		{
			"from": [5, 6, 12],
			"to": [6, 6, 14],
			"rotation": {"angle": -22.5, "axis": "y", "origin": [9, 5.56111, 8.5]},
			"faces": {
				"north": {"uv": [0, 0, 2, 0], "texture": "#0"},
				"east": {"uv": [0, 0, 1, 0], "texture": "#0"},
				"south": {"uv": [0, 0, 2, 0], "texture": "#0"},
				"west": {"uv": [0, 0, 1, 0], "texture": "#0"},
				"up": {"uv": [0, 0, 1, 2], "rotation": 180, "texture": "#0"},
				"down": {"uv": [0, 0, 1, 2], "texture": "#0"}
			}
		},
		{
			"from": [3, 6, 11],
			"to": [5, 6, 12],
			"rotation": {"angle": -22.5, "axis": "y", "origin": [9, 5.56111, 8.5]},
			"faces": {
				"north": {"uv": [0, 0, 1, 0], "texture": "#0"},
				"east": {"uv": [0, 0, 2, 0], "texture": "#0"},
				"south": {"uv": [0, 0, 1, 0], "texture": "#0"},
				"west": {"uv": [0, 0, 2, 0], "texture": "#0"},
				"up": {"uv": [0, 0, 1, 2], "rotation": 270, "texture": "#0"},
				"down": {"uv": [0, 0, 1, 2], "rotation": 90, "texture": "#0"}
			}
		},
		{
			"from": [6, 6, 11],
			"to": [8, 6, 12],
			"rotation": {"angle": -22.5, "axis": "y", "origin": [9, 5.56111, 8.5]},
			"faces": {
				"north": {"uv": [0, 0, 1, 0], "texture": "#0"},
				"east": {"uv": [0, 0, 2, 0], "texture": "#0"},
				"south": {"uv": [0, 0, 1, 0], "texture": "#0"},
				"west": {"uv": [0, 0, 2, 0], "texture": "#0"},
				"up": {"uv": [0, 0, 1, 2], "rotation": 90, "texture": "#0"},
				"down": {"uv": [0, 0, 1, 2], "rotation": 90, "texture": "#0"}
			}
		},
		{
			"from": [11, 3, 10],
			"to": [12, 3.3, 11],
			"rotation": {"angle": -22.5, "axis": "y", "origin": [8, 3.56111, 13.5]},
			"faces": {
				"north": {"uv": [1, 0, 2, 1], "texture": "#0"},
				"east": {"uv": [1, 0, 2, 1], "texture": "#0"},
				"south": {"uv": [1, 0, 2, 1], "texture": "#0"},
				"west": {"uv": [1, 0, 2, 1], "texture": "#0"},
				"up": {"uv": [1, 0, 2, 1], "texture": "#0"},
				"down": {"uv": [1, 0, 2, 1], "texture": "#0"}
			}
		},
		{
			"from": [11, 3, 8],
			"to": [12, 3, 10],
			"rotation": {"angle": -22.5, "axis": "y", "origin": [8, 3.56111, 13.5]},
			"faces": {
				"north": {"uv": [0, 0, 2, 0], "texture": "#0"},
				"east": {"uv": [0, 0, 1, 0], "texture": "#0"},
				"south": {"uv": [0, 0, 2, 0], "texture": "#0"},
				"west": {"uv": [0, 0, 1, 0], "texture": "#0"},
				"up": {"uv": [0, 0, 1, 2], "texture": "#0"},
				"down": {"uv": [0, 0, 1, 2], "texture": "#0"}
			}
		},
		{
			"from": [13.09619, 3.1, 13.35355],
			"to": [15.09619, 3.1, 14.35355],
			"rotation": {"angle": 22.5, "axis": "y", "origin": [8, 3.56111, 13.5]},
			"faces": {
				"north": {"uv": [0, 0, 1, 0], "texture": "#0"},
				"east": {"uv": [0, 0, 2, 0], "texture": "#0"},
				"south": {"uv": [0, 0, 1, 0], "texture": "#0"},
				"west": {"uv": [0, 0, 2, 0], "texture": "#0"},
				"up": {"uv": [0, 0, 1, 2], "rotation": 90, "texture": "#0"},
				"down": {"uv": [0, 0, 1, 2], "rotation": 90, "texture": "#0"}
			}
		},
		{
			"from": [10.09619, 3.1, 13.35355],
			"to": [12.09619, 3.1, 14.35355],
			"rotation": {"angle": 22.5, "axis": "y", "origin": [8, 3.56111, 13.5]},
			"faces": {
				"north": {"uv": [0, 0, 1, 0], "texture": "#0"},
				"east": {"uv": [0, 0, 2, 0], "texture": "#0"},
				"south": {"uv": [0, 0, 1, 0], "texture": "#0"},
				"west": {"uv": [0, 0, 2, 0], "texture": "#0"},
				"up": {"uv": [0, 0, 1, 2], "rotation": 270, "texture": "#0"},
				"down": {"uv": [0, 0, 1, 2], "rotation": 90, "texture": "#0"}
			}
		},
		{
			"from": [12.09619, 3.1, 14.35355],
			"to": [13.09619, 3.1, 16.35355],
			"rotation": {"angle": 22.5, "axis": "y", "origin": [8, 3.56111, 13.5]},
			"faces": {
				"north": {"uv": [0, 0, 2, 0], "texture": "#0"},
				"east": {"uv": [0, 0, 1, 0], "texture": "#0"},
				"south": {"uv": [0, 0, 2, 0], "texture": "#0"},
				"west": {"uv": [0, 0, 1, 0], "texture": "#0"},
				"up": {"uv": [0, 0, 1, 2], "rotation": 180, "texture": "#0"},
				"down": {"uv": [0, 0, 1, 2], "texture": "#0"}
			}
		},
		{
			"from": [12.09619, 3.1, 11.35355],
			"to": [13.09619, 3.1, 13.35355],
			"rotation": {"angle": 22.5, "axis": "y", "origin": [8, 3.56111, 13.5]},
			"faces": {
				"north": {"uv": [0, 0, 2, 0], "texture": "#0"},
				"east": {"uv": [0, 0, 1, 0], "texture": "#0"},
				"south": {"uv": [0, 0, 2, 0], "texture": "#0"},
				"west": {"uv": [0, 0, 1, 0], "texture": "#0"},
				"up": {"uv": [0, 0, 1, 2], "texture": "#0"},
				"down": {"uv": [0, 0, 1, 2], "texture": "#0"}
			}
		},
		{
			"from": [11, 3, 11],
			"to": [12, 3, 13],
			"rotation": {"angle": -22.5, "axis": "y", "origin": [8, 3.56111, 13.5]},
			"faces": {
				"north": {"uv": [0, 0, 2, 0], "texture": "#0"},
				"east": {"uv": [0, 0, 1, 0], "texture": "#0"},
				"south": {"uv": [0, 0, 2, 0], "texture": "#0"},
				"west": {"uv": [0, 0, 1, 0], "texture": "#0"},
				"up": {"uv": [0, 0, 1, 2], "rotation": 180, "texture": "#0"},
				"down": {"uv": [0, 0, 1, 2], "texture": "#0"}
			}
		},
		{
			"from": [9, 3, 10],
			"to": [11, 3, 11],
			"rotation": {"angle": -22.5, "axis": "y", "origin": [8, 3.56111, 13.5]},
			"faces": {
				"north": {"uv": [0, 0, 1, 0], "texture": "#0"},
				"east": {"uv": [0, 0, 2, 0], "texture": "#0"},
				"south": {"uv": [0, 0, 1, 0], "texture": "#0"},
				"west": {"uv": [0, 0, 2, 0], "texture": "#0"},
				"up": {"uv": [0, 0, 1, 2], "rotation": 270, "texture": "#0"},
				"down": {"uv": [0, 0, 1, 2], "rotation": 90, "texture": "#0"}
			}
		},
		{
			"from": [12, 3, 10],
			"to": [14, 3, 11],
			"rotation": {"angle": -22.5, "axis": "y", "origin": [8, 3.56111, 13.5]},
			"faces": {
				"north": {"uv": [0, 0, 1, 0], "texture": "#0"},
				"east": {"uv": [0, 0, 2, 0], "texture": "#0"},
				"south": {"uv": [0, 0, 1, 0], "texture": "#0"},
				"west": {"uv": [0, 0, 2, 0], "texture": "#0"},
				"up": {"uv": [0, 0, 1, 2], "rotation": 90, "texture": "#0"},
				"down": {"uv": [0, 0, 1, 2], "rotation": 90, "texture": "#0"}
			}
		},
		{
			"from": [6.46927, 4.2, 10.69552],
			"to": [9.46927, 4.2, 13.69552],
			"rotation": {"angle": 22.5, "axis": "x", "origin": [7.96927, 4, 12.19552]},
			"faces": {
				"north": {"uv": [0, 0, 3, 0], "texture": "#1"},
				"east": {"uv": [0, 0, 3, 0], "texture": "#1"},
				"south": {"uv": [0, 0, 3, 0], "texture": "#1"},
				"west": {"uv": [3, 1, 6, 1], "texture": "#1"},
				"up": {"uv": [11, 0, 14, 3], "texture": "#1"},
				"down": {"uv": [11, 0, 14, 3], "texture": "#1"}
			}
		},
		{
			"from": [10.46927, 6.2, 3.69552],
			"to": [13.46927, 6.2, 6.69552],
			"rotation": {"angle": -45, "axis": "x", "origin": [11.96927, 6, 5.19552]},
			"faces": {
				"north": {"uv": [0, 0, 3, 0], "texture": "#1"},
				"east": {"uv": [0, 0, 3, 0], "texture": "#1"},
				"south": {"uv": [0, 0, 3, 0], "texture": "#1"},
				"west": {"uv": [3, 1, 6, 1], "texture": "#1"},
				"up": {"uv": [11, 0, 14, 3], "texture": "#1"},
				"down": {"uv": [11, 0, 14, 3], "texture": "#1"}
			}
		},
		{
			"from": [2.46927, 4.2, 5.69552],
			"to": [5.46927, 4.2, 8.69552],
			"rotation": {"angle": 45, "axis": "z", "origin": [3.96927, 4, 7.19552]},
			"faces": {
				"north": {"uv": [3, 1, 6, 1], "texture": "#1"},
				"east": {"uv": [0, 0, 3, 0], "texture": "#1"},
				"south": {"uv": [0, 0, 3, 0], "texture": "#1"},
				"west": {"uv": [0, 0, 3, 0], "texture": "#1"},
				"up": {"uv": [11, 0, 14, 3], "rotation": 90, "texture": "#1"},
				"down": {"uv": [11, 0, 14, 3], "rotation": 270, "texture": "#1"}
			}
		},
		{
			"from": [10.46927, 3.2, 3.69552],
			"to": [13.46927, 3.2, 6.69552],
			"rotation": {"angle": -22.5, "axis": "z", "origin": [11.96927, 3, 5.19552]},
			"faces": {
				"north": {"uv": [3, 1, 6, 1], "texture": "#1"},
				"east": {"uv": [0, 0, 3, 0], "texture": "#1"},
				"south": {"uv": [0, 0, 3, 0], "texture": "#1"},
				"west": {"uv": [0, 0, 3, 0], "texture": "#1"},
				"up": {"uv": [11, 0, 14, 3], "rotation": 90, "texture": "#1"},
				"down": {"uv": [11, 0, 14, 3], "rotation": 270, "texture": "#1"}
			}
		},
		{
			"from": [4.46927, 3.2, 9.69552],
			"to": [7.46927, 3.2, 12.69552],
			"rotation": {"angle": 22.5, "axis": "x", "origin": [5.96927, 3, 11.19552]},
			"faces": {
				"north": {"uv": [0, 0, 3, 0], "texture": "#1"},
				"east": {"uv": [0, 0, 3, 0], "texture": "#1"},
				"south": {"uv": [0, 0, 3, 0], "texture": "#1"},
				"west": {"uv": [3, 1, 6, 1], "texture": "#1"},
				"up": {"uv": [11, 0, 14, 3], "texture": "#1"},
				"down": {"uv": [11, 0, 14, 3], "texture": "#1"}
			}
		},
		{
			"from": [4.46927, 1.2, 5.69552],
			"to": [7.46927, 1.2, 8.69552],
			"rotation": {"angle": -22.5, "axis": "x", "origin": [5.96927, 1, 7.19552]},
			"faces": {
				"north": {"uv": [0, 0, 3, 0], "texture": "#1"},
				"east": {"uv": [0, 0, 3, 0], "texture": "#1"},
				"south": {"uv": [0, 0, 3, 0], "texture": "#1"},
				"west": {"uv": [3, 1, 6, 1], "texture": "#1"},
				"up": {"uv": [11, 0, 14, 3], "texture": "#1"},
				"down": {"uv": [11, 0, 14, 3], "texture": "#1"}
			}
		},
		{
			"from": [1, -1, 9],
			"to": [15, 10, 9],
			"rotation": {"angle": 45, "axis": "y", "origin": [8, 7, 8]},
			"faces": {
				"north": {"uv": [15, 5, 1, 16], "texture": "#0"},
				"east": {"uv": [0, 0, 0, 11], "texture": "#0"},
				"south": {"uv": [1, 5, 15, 16], "texture": "#0"},
				"west": {"uv": [0, 0, 0, 11], "texture": "#0"},
				"up": {"uv": [0, 0, 14, 0], "rotation": 180, "texture": "#0"},
				"down": {"uv": [0, 0, 14, 0], "rotation": 180, "texture": "#0"}
			}
		},
		{
			"from": [1, -1, 7],
			"to": [15, 11, 7],
			"rotation": {"angle": 22.5, "axis": "y", "origin": [8, 7, 8]},
			"faces": {
				"north": {"uv": [1, 5, 15, 16], "texture": "#0"},
				"east": {"uv": [0, 0, 0, 11], "texture": "#missing"},
				"south": {"uv": [15, 5, 1, 16], "texture": "#0"},
				"west": {"uv": [0, 0, 0, 11], "texture": "#missing"},
				"up": {"uv": [0, 0, 14, 0], "texture": "#missing"},
				"down": {"uv": [0, 0, 14, 0], "texture": "#missing"}
			}
		},
		{
			"from": [1, -1, 7],
			"to": [15, 10, 7],
			"rotation": {"angle": -45, "axis": "y", "origin": [8, 4.5, 7]},
			"faces": {
				"north": {"uv": [1, 5, 15, 16], "texture": "#0"},
				"east": {"uv": [0, 0, 0, 11], "texture": "#0"},
				"south": {"uv": [15, 5, 1, 16], "texture": "#0"},
				"west": {"uv": [0, 0, 0, 11], "texture": "#0"},
				"up": {"uv": [0, 0, 14, 0], "texture": "#0"},
				"down": {"uv": [0, 0, 14, 0], "texture": "#0"}
			}
		}
	],
	"groups": [
		{
			"name": "1",
			"origin": [5.5, 0, 11.5],
			"color": 0,
			"children": [0, 1, 2, 3, 4, 5, 6, 7, 8,
				{
					"name": "1",
					"origin": [5.5, 0, 11.5],
					"color": 0,
					"children": [9, 10, 11, 12, 13, 14, 15, 16, 17]
				},
				{
					"name": "1",
					"origin": [5.5, 0, 11.5],
					"color": 0,
					"children": [
						{
							"name": "1",
							"origin": [5.5, 0, 11.5],
							"color": 0,
							"children": [18, 19, 20, 21, 22, 23, 24, 25, 26,
								{
									"name": "1",
									"origin": [5.5, 0, 11.5],
									"color": 0,
									"children": [27, 28, 29, 30, 31, 32, 33, 34, 35]
								}
							]
						}
					]
				}, 36, 37, 38, 39, 40, 41]
		}, 42, 43, 44]
}