{
	"credit": "Yuushya",
	"parent": "block/block",
	"textures": {
		"particle": "block/big_dripleaf_top",
		"top": "block/big_dripleaf_top",
		"stem": "block/big_dripleaf_stem",
		"side": "block/big_dripleaf_side"
	},
	"elements": [
		{
			"from": [0, 0, 8],
			"to": [16, 15, 8],
			"shade": false,
			"rotation": {"angle": -45, "axis": "y", "origin": [8, 8, 8]},
			"faces": {
				"north": {"uv": [0, 1, 16, 16], "texture": "#stem"},
				"east": {"uv": [0, 1, 16, 16], "texture": "#stem"},
				"south": {"uv": [0, 1, 16, 16], "texture": "#stem"},
				"west": {"uv": [0, 1, 16, 16], "texture": "#stem"},
				"up": {"uv": [0, 0, 0, 0], "texture": "#stem"},
				"down": {"uv": [0, 0, 0, 0], "texture": "#stem"}
			}
		},
		{
			"from": [8, 0, 0],
			"to": [8, 15, 16],
			"shade": false,
			"rotation": {"angle": -45, "axis": "y", "origin": [8, 8, 8]},
			"faces": {
				"north": {"uv": [0, 0, 0, 0], "texture": "#stem"},
				"east": {"uv": [0, 1, 16, 16], "texture": "#stem"},
				"south": {"uv": [0, 0, 0, 15], "texture": "#stem"},
				"west": {"uv": [0, 1, 16, 16], "texture": "#stem"},
				"up": {"uv": [0, 0, 0, 0], "rotation": 90, "texture": "#stem"},
				"down": {"uv": [0, 0, 0, 0], "rotation": 270, "texture": "#stem"}
			}
		},
		{
			"from": [0, 8, 0],
			"to": [16, 15, 0],
			"shade": false,
			
			"faces": {
				"north": {"uv": [0, 0, 16, 7], "texture": "#side"},
				"south": {"uv": [16, 0, 0, 7], "texture": "#side"}
			}
		},
		{
			"from": [0, 15, 0],
			"to": [16, 15, 16],
			"shade": false,
			
			"faces": {
				"up": {"uv": [0, 0, 16, 16], "texture": "#top"},
				"down": {"uv": [16, 16, 0, 0], "texture": "#top"}
			}
		},
		{
			"from": [16, 8, 0],
			"to": [16, 15, 16],
			"shade": false,
			
			"faces": {
				"east": {"uv": [16, 0, 0, 7], "texture": "#side"},
				"west": {"uv": [16, 0, 0, 7], "texture": "#side"}
			}
		},
		{
			"from": [0, 8, 16],
			"to": [16, 15, 16],
			"shade": false,
			
			"faces": {
				"north": {"uv": [16, 0, 0, 7], "texture": "#side"},
				"south": {"uv": [16, 0, 0, 7], "texture": "#side"}
			}
		},
		{
			"from": [0, 8, 0],
			"to": [0, 15, 16],
			"shade": false,
			
			"faces": {
				"east": {"uv": [16, 0, 0, 7], "texture": "#side"},
				"west": {"uv": [16, 0, 0, 7], "texture": "#side"}
			}
		}
	]
}