{
	"credit": "Yuushya",
	"textures": {
		"2": "block/birch_planks_alt",
		"texture": "block/birch_fences",
		"particle": "block/birch_planks___",
		"1_texture": "block/birch_planks___"
	},
	"elements": [
		{
			"from": [7.5, 0, 9],
			"to": [8.5, 15, 11],
			
			"faces": {
				"north": {"uv": [6, 0, 7, 15], "texture": "#1_texture"},
				"east": {"uv": [6, 0, 8, 15], "texture": "#1_texture"},
				"south": {"uv": [8, 0, 9, 15], "texture": "#texture"},
				"west": {"uv": [6, 0, 8, 15], "texture": "#1_texture"},
				"up": {"uv": [8, 0, 9, 2], "texture": "#texture"},
				"down": {"uv": [8, 0, 9, 2], "texture": "#texture"}
			}
		},
		{
			"name": "Center post",
			"from": [6.5, 0, 1],
			"to": [9.5, 16, 4],
			
			"faces": {
				"north": {"uv": [13, 0, 16, 16], "texture": "#1_texture"},
				"east": {"uv": [13, 0, 16, 16], "texture": "#1_texture"},
				"south": {"uv": [13, 0, 16, 16], "texture": "#1_texture"},
				"west": {"uv": [13, 0, 16, 16], "texture": "#1_texture"},
				"up": {"uv": [13, 2, 16, 5], "texture": "#1_texture"},
				"down": {"uv": [8, 0, 11, 3], "rotation": 180, "texture": "#texture"}
			}
		},
		{
			"name": "Center post",
			"from": [6.5, 0, 12],
			"to": [9.5, 16, 15],
			
			"faces": {
				"north": {"uv": [13, 0, 16, 16], "texture": "#1_texture"},
				"east": {"uv": [13, 0, 16, 16], "texture": "#1_texture"},
				"south": {"uv": [13, 0, 16, 16], "texture": "#1_texture"},
				"west": {"uv": [13, 0, 16, 16], "texture": "#1_texture"},
				"up": {"uv": [13, 2, 16, 5], "texture": "#1_texture"},
				"down": {"uv": [8, 0, 11, 3], "rotation": 180, "texture": "#texture"}
			}
		},
		{
			"from": [7, 4, 0],
			"to": [9, 6, 16],
			
			"faces": {
				"north": {"uv": [7, 10, 9, 12], "rotation": 90, "texture": "#2"},
				"east": {"uv": [0, 10, 16, 12], "texture": "#2"},
				"south": {"uv": [7, 10, 9, 12], "rotation": 90, "texture": "#2"},
				"west": {"uv": [0.1, 10, 16.1, 12], "texture": "#2"},
				"up": {"uv": [0, 0, 16, 2], "rotation": 270, "texture": "#2"},
				"down": {"uv": [0, 0, 16, 2], "rotation": 270, "texture": "#2"}
			}
		},
		{
			"from": [7.5, 0, 5],
			"to": [8.5, 15, 7],
			
			"faces": {
				"north": {"uv": [6, 0, 7, 15], "texture": "#1_texture"},
				"east": {"uv": [6, 0, 8, 15], "texture": "#1_texture"},
				"south": {"uv": [6, 0, 7, 15], "texture": "#1_texture"},
				"west": {"uv": [6, 0, 8, 15], "texture": "#1_texture"},
				"up": {"uv": [8, 0, 9, 2], "texture": "#texture"},
				"down": {"uv": [8, 0, 9, 2], "rotation": 180, "texture": "#texture"}
			}
		}
	],
	"display": {
		"thirdperson_righthand": {
			"rotation": [75, 45, 0],
			"translation": [0, 2.5, 0],
			"scale": [0.375, 0.375, 0.375]
		},
		"thirdperson_lefthand": {
			"rotation": [75, 45, 0],
			"translation": [0, 2.5, 0],
			"scale": [0.375, 0.375, 0.375]
		},
		"firstperson_righthand": {
			"rotation": [0, 45, 0],
			"scale": [0.4, 0.4, 0.4]
		},
		"firstperson_lefthand": {
			"rotation": [0, 225, 0],
			"scale": [0.4, 0.4, 0.4]
		},
		"ground": {
			"translation": [0, 3, 0],
			"scale": [0.25, 0.25, 0.25]
		},
		"gui": {
			"rotation": [30, 225, 0],
			"scale": [0.7, 0.7, 0.7]
		},
		"fixed": {
			"rotation": [-90, 0, 0],
			"translation": [13, 0, -14],
			"scale": [2, 2, 2]
		}
	},
	"groups": [0, 1, 2, 3, 4,
		{
			"name": "birch_fence_post",
			"origin": [8, 8, 8],
			"children": []
		}
	]
}