{
	"credit": "Yuushya",
	"textures": {
		"particle": "block/birch_planks___",
		"texture": "block/birch_planks___"
	},
	"elements": [
		{
			"from": [7.5, 0, 0.5],
			"to": [8.5, 15, 2.5],
			"faces": {
				"north": {"uv": [7, 0, 8, 15], "texture": "#texture"},
				"east": {"uv": [6, 0, 8, 15], "texture": "#texture"},
				"south": {"uv": [7, 0, 8, 15], "texture": "#texture"},
				"west": {"uv": [6, 0, 8, 15], "texture": "#texture"},
				"up": {"uv": [5, 1, 6, 3], "texture": "#texture"},
				"down": {"uv": [8, 0, 9, 2], "texture": "#texture"}
			}
		},
		{
			"from": [6.55, 4, 0],
			"to": [9.45, 6, 8],
			
			"faces": {
				"north": {"uv": [9, 0, 11, 2.9], "rotation": 90, "texture": "#texture"},
				"east": {"uv": [9, 4, 11, 12], "rotation": 90, "texture": "#texture"},
				"south": {"uv": [9, 0, 11, 2.9], "rotation": 90, "texture": "#texture"},
				"west": {"uv": [9, 4, 11, 12], "rotation": 90, "texture": "#texture"},
				"up": {"uv": [11, 7, 14, 15], "texture": "#texture"},
				"down": {"uv": [11, 7, 14, 15], "texture": "#texture"}
			}
		},
		{
			"from": [7.5, 0, 3.5],
			"to": [8.5, 15, 5.5],
			"faces": {
				"north": {"uv": [7, 0, 8, 15], "texture": "#texture"},
				"east": {"uv": [6, 0, 8, 15], "texture": "#texture"},
				"south": {"uv": [7, 0, 8, 15], "texture": "#texture"},
				"west": {"uv": [6, 0, 8, 15], "texture": "#texture"},
				"up": {"uv": [5, 1, 6, 3], "texture": "#texture"},
				"down": {"uv": [8, 0, 9, 2], "texture": "#texture"}
			}
		}
	]
}