{
	"credit": "Yuushya",
	"parent": "block/template_fence_gate",
	"textures": {
		"1": "block/birch_planks___",
		"particle": "block/birch_planks___"
	},
	"elements": [
		{
			"from": [-1, 0, 6.52],
			"to": [2, 15.9, 9.52],
			
			"faces": {
				"north": {"uv": [3, 0, 6, 16], "texture": "#1"},
				"east": {"uv": [9, 0, 12, 16], "texture": "#1"},
				"south": {"uv": [3, 0, 6, 16], "texture": "#1"},
				"west": {"uv": [3, 0, 6, 16], "texture": "#1"},
				"up": {"uv": [13, 2, 16, 5], "texture": "#1"},
				"down": {"uv": [7, 0, 10, 3], "texture": "#1"}
			}
		},
		{
			"from": [14, 0, 6.4],
			"to": [17, 16, 9.4],
			
			"faces": {
				"north": {"uv": [3, 0, 6, 16], "texture": "#1"},
				"east": {"uv": [3, 0, 6, 16], "texture": "#1"},
				"south": {"uv": [3, 0, 6, 16], "texture": "#1"},
				"west": {"uv": [9, 0, 12, 16], "texture": "#1"},
				"up": {"uv": [13, 2, 16, 5], "texture": "#1"},
				"down": {"uv": [7, 0, 10, 3], "texture": "#1"}
			}
		},
		{
			"from": [10, 0, 6.5],
			"to": [13, 15, 9.5],
			
			"faces": {
				"north": {"uv": [3, 1, 6, 16], "texture": "#1"},
				"east": {"uv": [9, 1, 12, 16], "texture": "#1"},
				"south": {"uv": [3, 1, 6, 16], "texture": "#1"},
				"west": {"uv": [9, 1, 12, 16], "texture": "#1"},
				"up": {"uv": [13, 2, 16, 5], "texture": "#1"},
				"down": {"uv": [7, 0, 10, 3], "texture": "#1"}
			}
		},
		{
			"from": [3, 0, 6.5],
			"to": [6, 15, 9.5],
			
			"faces": {
				"north": {"uv": [3, 1, 6, 16], "texture": "#1"},
				"east": {"uv": [9, 1, 12, 16], "texture": "#1"},
				"south": {"uv": [3, 1, 6, 16], "texture": "#1"},
				"west": {"uv": [9, 1, 12, 16], "texture": "#1"},
				"up": {"uv": [13, 2, 16, 5], "texture": "#1"},
				"down": {"uv": [7, 0, 10, 3], "texture": "#1"}
			}
		},
		{
			"from": [2, 9, 7.5],
			"to": [14, 12, 8.5],
			
			"faces": {
				"north": {"uv": [11, 3, 14, 15], "rotation": 90, "texture": "#1"},
				"east": {"uv": [4, 4, 5, 16], "rotation": 90, "texture": "#1"},
				"south": {"uv": [11, 3, 14, 15], "rotation": 90, "texture": "#1"},
				"west": {"uv": [4, 4, 5, 16], "rotation": 90, "texture": "#1"},
				"up": {"uv": [4, 4, 5, 16], "rotation": 90, "texture": "#1"},
				"down": {"uv": [4, 4, 5, 16], "rotation": 90, "texture": "#1"}
			}
		},
		{
			"from": [2, 4, 7.5],
			"to": [14, 7, 8.5],
			
			"faces": {
				"north": {"uv": [11, 3, 14, 15], "rotation": 90, "texture": "#1"},
				"east": {"uv": [4, 4, 5, 16], "rotation": 90, "texture": "#1"},
				"south": {"uv": [11, 3, 14, 15], "rotation": 90, "texture": "#1"},
				"west": {"uv": [4, 4, 5, 16], "rotation": 90, "texture": "#1"},
				"up": {"uv": [4, 4, 5, 16], "rotation": 90, "texture": "#1"},
				"down": {"uv": [4, 4, 5, 16], "rotation": 90, "texture": "#1"}
			}
		}
	],
	"display": {
		"thirdperson_righthand": {
			"rotation": [75, 45, 0],
			"translation": [0, 2.5, 0],
			"scale": [0.375, 0.375, 0.375]
		},
		"thirdperson_lefthand": {
			"rotation": [75, 45, 0],
			"translation": [0, 2.5, 0],
			"scale": [0.375, 0.375, 0.375]
		},
		"firstperson_righthand": {
			"rotation": [0, 45, 0],
			"scale": [0.4, 0.4, 0.4]
		},
		"firstperson_lefthand": {
			"rotation": [0, 225, 0],
			"scale": [0.4, 0.4, 0.4]
		},
		"ground": {
			"translation": [0, 3, 0],
			"scale": [0.25, 0.25, 0.25]
		},
		"gui": {
			"rotation": [30, 225, 0],
			"scale": [0.625, 0.625, 0.625]
		},
		"fixed": {
			"scale": [0.5, 0.5, 0.5]
		}
	}
}