{
	"credit": "Yuushya",
	"textures": {
		"1": "block/jungle_planks_alt2",
		"2": "block/books",
		"3": "block/books1",
		"particle": "block/jungle_planks_alt2"
	},
	"elements": [
		{
			"from": [0, 0, 0],
			"to": [16, 1, 16],
			"faces": {
				"north": {"uv": [16, 15, 0, 16], "texture": "#1", "cullface": "north"},
				"east": {"uv": [0, 0, 16, 1], "texture": "#1", "cullface": "east"},
				"south": {"uv": [0, 0, 16, 1], "texture": "#1", "cullface": "south"},
				"west": {"uv": [0, 0, 16, 1], "texture": "#1", "cullface": "west"},
				"up": {"uv": [0, 0, 16, 16], "texture": "#1"},
				"down": {"uv": [0, 0, 16, 16], "texture": "#1", "cullface": "down"}
			}
		},
		{
			"from": [0, 15, 0],
			"to": [16, 16, 16],
			
			"faces": {
				"north": {"uv": [16, 15, 0, 16], "texture": "#1", "cullface": "north"},
				"east": {"uv": [0, 0, 16, 1], "texture": "#1", "cullface": "east"},
				"south": {"uv": [0, 0, 16, 1], "texture": "#1", "cullface": "south"},
				"west": {"uv": [0, 0, 16, 1], "texture": "#1", "cullface": "west"},
				"up": {"uv": [0, 0, 16, 16], "texture": "#1", "cullface": "up"},
				"down": {"uv": [0, 0, 16, 16], "texture": "#1"}
			}
		},
		{
			"from": [0.1, 7, 0.1],
			"to": [15.9, 9, 15.9],
			
			"faces": {
				"north": {"uv": [16, 14, 0, 16], "texture": "#1", "cullface": "north"},
				"east": {"uv": [16, 14, 0, 16], "texture": "#1", "cullface": "east"},
				"south": {"uv": [16, 14, 0, 16], "texture": "#1", "cullface": "south"},
				"west": {"uv": [16, 14, 0, 16], "texture": "#1", "cullface": "west"},
				"up": {"uv": [0, 0, 16, 16], "texture": "#1"},
				"down": {"uv": [0, 0, 16, 16], "texture": "#1"}
			}
		},
		{
			"from": [0, 8, 0],
			"to": [1, 15, 1],
			"faces": {
				"north": {"uv": [0, 0, 1, 7], "texture": "#1", "cullface": "north"},
				"east": {"uv": [15, 1, 16, 8], "texture": "#1", "cullface": "north"},
				"south": {"uv": [0, 1, 1, 8], "texture": "#1", "cullface": "west"},
				"west": {"uv": [0, 0, 1, 7], "texture": "#1", "cullface": "west"}
			}
		},
		{
			"from": [15, 8, 0],
			"to": [16, 15, 1],
			
			"faces": {
				"north": {"uv": [0, 0, 1, 7], "texture": "#1", "cullface": "north"},
				"east": {"uv": [0, 0, 1, 7], "texture": "#1", "cullface": "east"},
				"south": {"uv": [15, 1, 16, 8], "texture": "#1", "cullface": "east"},
				"west": {"uv": [0, 1, 1, 8], "texture": "#1", "cullface": "north"}
			}
		},
		{
			"from": [0, 1, 0],
			"to": [1, 8, 1],
			
			"faces": {
				"north": {"uv": [0, 0, 1, 7], "texture": "#1", "cullface": "north"},
				"east": {"uv": [15, 8, 16, 15], "texture": "#1", "cullface": "north"},
				"south": {"uv": [0, 8, 1, 15], "texture": "#1", "cullface": "west"},
				"west": {"uv": [0, 0, 1, 7], "texture": "#1", "cullface": "west"}
			}
		},
		{
			"from": [15, 1, 0],
			"to": [16, 8, 1],
			
			"faces": {
				"north": {"uv": [0, 0, 1, 7], "texture": "#1", "cullface": "north"},
				"east": {"uv": [0, 0, 1, 7], "texture": "#1", "cullface": "east"},
				"south": {"uv": [15, 8, 16, 15], "texture": "#1", "cullface": "east"},
				"west": {"uv": [0, 8, 1, 15], "texture": "#1", "cullface": "north"}
			}
		},
		{
			"from": [0, 8, 15],
			"to": [1, 15, 16],
			
			"faces": {
				"north": {"uv": [15, 1, 16, 8], "texture": "#1", "cullface": "west"},
				"east": {"uv": [0, 1, 1, 8], "texture": "#1", "cullface": "south"},
				"south": {"uv": [0, 0, 1, 7], "texture": "#1", "cullface": "south"},
				"west": {"uv": [0, 0, 1, 7], "texture": "#1", "cullface": "west"}
			}
		},
		{
			"from": [15, 8, 15],
			"to": [16, 15, 16],
			
			"faces": {
				"north": {"uv": [0, 1, 1, 8], "texture": "#1", "cullface": "east"},
				"east": {"uv": [0, 0, 1, 7], "texture": "#1", "cullface": "east"},
				"south": {"uv": [0, 0, 1, 7], "texture": "#1", "cullface": "south"},
				"west": {"uv": [15, 1, 16, 8], "texture": "#1", "cullface": "south"}
			}
		},
		{
			"from": [0, 1, 15],
			"to": [1, 8, 16],
			
			"faces": {
				"north": {"uv": [15, 8, 16, 15], "texture": "#1", "cullface": "west"},
				"east": {"uv": [0, 8, 1, 15], "texture": "#1", "cullface": "south"},
				"south": {"uv": [0, 0, 1, 7], "texture": "#1", "cullface": "south"},
				"west": {"uv": [0, 0, 1, 7], "texture": "#1", "cullface": "west"}
			}
		},
		{
			"from": [15, 1, 15],
			"to": [16, 8, 16],
			
			"faces": {
				"north": {"uv": [0, 8, 1, 15], "texture": "#1", "cullface": "east"},
				"east": {"uv": [0, 0, 1, 7], "texture": "#1", "cullface": "east"},
				"south": {"uv": [0, 0, 1, 7], "texture": "#1", "cullface": "south"},
				"west": {"uv": [15, 8, 16, 15], "texture": "#1", "cullface": "south"}
			}
		},
		{
			"from": [7, 1, 7],
			"to": [9, 15, 9],
			
			"faces": {
				"north": {"uv": [15, 1, 16, 15], "texture": "#1", "cullface": "north"},
				"east": {"uv": [15, 1, 16, 15], "texture": "#1", "cullface": "east"},
				"south": {"uv": [15, 1, 16, 15], "texture": "#1", "cullface": "south"},
				"west": {"uv": [15, 1, 16, 15], "texture": "#1", "cullface": "west"}
			}
		},
		{
			"from": [1, 1, 1],
			"to": [4, 7, 5],
			
			"faces": {
				"north": {"uv": [0, 6, 6, 9], "rotation": 90, "texture": "#2", "cullface": "north"},
				"east": {"uv": [6, 10, 10, 16], "texture": "#2"},
				"south": {"uv": [0, 0, 3, 6], "texture": "#2", "cullface": "west"},
				"west": {"uv": [6, 10, 10, 16], "texture": "#2", "cullface": "west"}
			}
		},
		{
			"from": [1, 9, 0],
			"to": [4, 15, 4],
			
			"faces": {
				"north": {"uv": [0, 12, 6, 15], "rotation": 90, "texture": "#2", "cullface": "north"},
				"east": {"uv": [12, 0, 16, 6], "texture": "#2"},
				"south": {"uv": [6, 0, 9, 6], "texture": "#2", "cullface": "west"},
				"west": {"uv": [12, 0, 16, 6], "texture": "#2", "cullface": "west"},
				"down": {"uv": [0, 12, 3, 16], "rotation": 180, "texture": "#2", "cullface": "north"}
			}
		},
		{
			"from": [4, 9, 3],
			"to": [10, 12, 7],
			
			"faces": {
				"north": {"uv": [3, 0, 6, 6], "rotation": 90, "texture": "#2", "cullface": "north"},
				"east": {"uv": [0, 9, 4, 12], "texture": "#2"},
				"south": {"uv": [0, 12, 6, 15], "texture": "#2", "cullface": "south"},
				"up": {"uv": [10, 10, 14, 16], "rotation": 270, "texture": "#2", "cullface": "north"}
			}
		},
		{
			"from": [12, 1, 11],
			"to": [15, 7, 15],
			
			"faces": {
				"north": {"uv": [0, 0, 3, 6], "texture": "#2", "cullface": "east"},
				"east": {"uv": [6, 10, 10, 16], "texture": "#2", "cullface": "east"},
				"south": {"uv": [0, 6, 6, 9], "rotation": 90, "texture": "#2", "cullface": "south"},
				"west": {"uv": [6, 10, 10, 16], "texture": "#2"}
			}
		},
		{
			"from": [12, 1, 4],
			"to": [16, 4, 10],
			
			"faces": {
				"north": {"uv": [9, 4, 6, 0], "rotation": 90, "texture": "#3", "cullface": "east"},
				"east": {"uv": [9, 0, 12, 6], "rotation": 90, "texture": "#3", "cullface": "east"},
				"south": {"uv": [6, 0, 9, 4], "rotation": 90, "texture": "#3", "cullface": "east"},
				"west": {"uv": [9, 0, 12, 6], "rotation": 90, "texture": "#3"},
				"up": {"uv": [12, 0, 16, 6], "texture": "#3", "cullface": "east"},
				"down": {"uv": [12, 0, 16, 6], "texture": "#3"}
			}
		},
		{
			"from": [11, 1, 1],
			"to": [15, 7, 4],
			
			"faces": {
				"north": {"uv": [12, 0, 16, 6], "texture": "#2", "cullface": "north"},
				"east": {"uv": [0, 12, 6, 15], "rotation": 90, "texture": "#2", "cullface": "east"},
				"south": {"uv": [12, 0, 16, 6], "texture": "#2", "cullface": "east"},
				"west": {"uv": [6, 0, 9, 6], "texture": "#2"}
			}
		},
		{
			"from": [12, 9, 11],
			"to": [15, 15, 15],
			
			"faces": {
				"north": {"uv": [9, 0, 12, 6], "texture": "#2", "cullface": "east"},
				"east": {"uv": [0, 0, 4, 6], "texture": "#3", "cullface": "east"},
				"south": {"uv": [6, 6, 12, 9], "rotation": 90, "texture": "#2", "cullface": "south"},
				"west": {"uv": [0, 0, 4, 6], "texture": "#3"}
			}
		},
		{
			"from": [4, 1, 11],
			"to": [10, 4, 15],
			
			"faces": {
				"north": {"uv": [9, 0, 12, 6], "rotation": 270, "texture": "#2", "cullface": "west"},
				"east": {"uv": [9, 6, 13, 9], "texture": "#2", "cullface": "south"},
				"south": {"uv": [6, 6, 12, 9], "rotation": 180, "texture": "#2", "cullface": "south"},
				"west": {"uv": [13, 9, 9, 6], "texture": "#2", "cullface": "west"}
			}
		},
		{
			"from": [11, 9, 1],
			"to": [15, 15, 4],
			
			"faces": {
				"north": {"uv": [0, 0, 4, 6], "texture": "#3", "cullface": "north"},
				"east": {"uv": [9, 0, 12, 6], "texture": "#2", "cullface": "east"},
				"south": {"uv": [0, 0, 4, 6], "texture": "#3", "cullface": "east"},
				"west": {"uv": [6, 6, 12, 9], "rotation": 90, "texture": "#2"}
			}
		},
		{
			"from": [8, 9, 8.5],
			"to": [12, 15, 11.5],
			
			"faces": {
				"north": {"uv": [0, 0, 4, 6], "texture": "#3"},
				"east": {"uv": [6, 6, 12, 9], "rotation": 90, "texture": "#2", "cullface": "east"},
				"south": {"uv": [0, 0, 4, 6], "texture": "#3", "cullface": "south"},
				"west": {"uv": [9, 0, 12, 6], "texture": "#2"}
			}
		},
		{
			"from": [4, 1, 3],
			"to": [10, 4, 7],
			
			"faces": {
				"north": {"uv": [9, 0, 12, 6], "rotation": 90, "texture": "#3", "cullface": "north"},
				"east": {"uv": [9, 4, 6, 0], "rotation": 90, "texture": "#3"},
				"south": {"uv": [9, 0, 12, 6], "rotation": 90, "texture": "#3", "cullface": "west"},
				"west": {"uv": [6, 0, 9, 4], "rotation": 90, "texture": "#3", "cullface": "west"},
				"up": {"uv": [12, 0, 16, 6], "rotation": 90, "texture": "#3"},
				"down": {"uv": [12, 0, 16, 6], "rotation": 270, "texture": "#3"}
			}
		},
		{
			"from": [0, 9, 6],
			"to": [4, 12, 12],
			
			"faces": {
				"north": {"uv": [9, 4, 6, 0], "rotation": 90, "texture": "#3", "cullface": "west"},
				"east": {"uv": [9, 0, 12, 6], "rotation": 90, "texture": "#3"},
				"south": {"uv": [6, 0, 9, 4], "rotation": 90, "texture": "#3", "cullface": "west"},
				"west": {"uv": [9, 0, 12, 6], "rotation": 90, "texture": "#3", "cullface": "west"},
				"up": {"uv": [12, 0, 16, 6], "texture": "#3", "cullface": "west"},
				"down": {"uv": [9, 0, 13, 6], "texture": "#3", "cullface": "west"}
			}
		},
		{
			"from": [5, 4, 2],
			"to": [11, 7, 6],
			
			"faces": {
				"north": {"uv": [6, 0, 9, 6], "rotation": 270, "texture": "#2", "cullface": "north"},
				"east": {"uv": [6, 0, 9, 4], "rotation": 90, "texture": "#2", "cullface": "east"},
				"south": {"uv": [0, 12, 6, 15], "rotation": 180, "texture": "#2", "cullface": "west"},
				"west": {"uv": [6, 0, 9, 4], "rotation": 90, "texture": "#2"},
				"up": {"uv": [12, 0, 16, 6], "rotation": 90, "texture": "#2"},
				"down": {"uv": [12, 0, 16, 6], "rotation": 90, "texture": "#2"}
			}
		},
		{
			"from": [8, 1, 8.5],
			"to": [12, 7, 11.5],
			
			"faces": {
				"north": {"uv": [0, 0, 4, 6], "texture": "#3"},
				"east": {"uv": [9, 0, 12, 6], "texture": "#2", "cullface": "east"},
				"south": {"uv": [0, 0, 4, 6], "texture": "#3", "cullface": "south"}
			}
		},
		{
			"from": [2, 1, 8],
			"to": [6, 7, 11],
			
			"faces": {
				"north": {"uv": [0, 0, 4, 6], "texture": "#3"},
				"east": {"uv": [9, 0, 12, 6], "texture": "#2"},
				"south": {"uv": [0, 0, 4, 6], "texture": "#3", "cullface": "west"},
				"west": {"uv": [6, 6, 12, 9], "rotation": 90, "texture": "#2", "cullface": "west"}
			}
		},
		{
			"from": [4, 4, 11],
			"to": [10, 7, 15],
			
			"faces": {
				"north": {"uv": [9, 0, 12, 6], "rotation": 270, "texture": "#2", "cullface": "west"},
				"east": {"uv": [1, 9, 5, 12], "texture": "#2", "cullface": "south"},
				"south": {"uv": [0, 9, 6, 12], "rotation": 180, "texture": "#2", "cullface": "south"},
				"west": {"uv": [14, 16, 10, 13], "texture": "#2", "cullface": "west"}
			}
		},
		{
			"from": [3, 9, 4],
			"to": [6, 15, 8],
			
			"faces": {
				"north": {"uv": [0, 0, 3, 6], "texture": "#2", "cullface": "north"},
				"east": {"uv": [6, 10, 10, 16], "texture": "#2"},
				"south": {"uv": [0, 6, 6, 9], "rotation": 90, "texture": "#2", "cullface": "west"},
				"west": {"uv": [6, 10, 10, 16], "texture": "#2", "cullface": "west"}
			}
		},
		{
			"from": [1, 9, 12],
			"to": [4, 15, 16],
			
			"faces": {
				"north": {"uv": [0, 0, 3, 6], "texture": "#2"},
				"east": {"uv": [6, 10, 10, 16], "texture": "#2", "cullface": "south"},
				"south": {"uv": [0, 6, 6, 9], "rotation": 90, "texture": "#2", "cullface": "south"},
				"west": {"uv": [6, 10, 10, 16], "texture": "#2", "cullface": "west"},
				"down": {"uv": [0, 4, 3, 8], "texture": "#2", "cullface": "south"}
			}
		},
		{
			"from": [9, 9, 12],
			"to": [12, 15, 16],
			
			"faces": {
				"east": {"uv": [6, 10, 10, 16], "texture": "#2", "cullface": "south"},
				"south": {"uv": [0, 6, 6, 9], "rotation": 90, "texture": "#2", "cullface": "south"},
				"west": {"uv": [6, 10, 10, 16], "texture": "#2"},
				"down": {"uv": [4, 7, 7, 11], "texture": "#2", "cullface": "south"}
			}
		},
		{
			"from": [4, 9, 11],
			"to": [7, 15, 15],
			
			"faces": {
				"north": {"uv": [9, 0, 12, 6], "texture": "#2", "cullface": "west"},
				"east": {"uv": [3, 0, 7, 6], "texture": "#2", "cullface": "south"},
				"south": {"uv": [6, 6, 12, 9], "rotation": 90, "texture": "#2", "cullface": "south"},
				"west": {"uv": [10, 10, 14, 16], "texture": "#2", "cullface": "west"}
			}
		},
		{
			"from": [5, 12, 2],
			"to": [11, 15, 6],
			
			"faces": {
				"north": {"uv": [0, 0, 3, 6], "rotation": 90, "texture": "#2", "cullface": "north"},
				"east": {"uv": [0, 6, 4, 9], "texture": "#2", "cullface": "east"},
				"south": {"uv": [0, 6, 6, 9], "texture": "#2", "cullface": "south"},
				"west": {"uv": [2, 6, 6, 9], "texture": "#2"},
				"down": {"uv": [6, 10, 10, 16], "rotation": 270, "texture": "#2", "cullface": "north"}
			}
		},
		{
			"from": [11, 9, 5],
			"to": [15, 15, 8],
			
			"faces": {
				"north": {"uv": [6, 10, 10, 16], "texture": "#2"},
				"east": {"uv": [0, 6, 6, 9], "rotation": 90, "texture": "#2", "cullface": "east"},
				"south": {"uv": [6, 10, 10, 16], "texture": "#2", "cullface": "east"},
				"west": {"uv": [0, 0, 3, 6], "texture": "#2", "cullface": "north"}
			}
		},
		{
			"from": [1, 1, 12],
			"to": [4, 7, 16],
			
			"faces": {
				"north": {"uv": [3, 0, 6, 6], "texture": "#2", "cullface": "west"},
				"east": {"uv": [10, 10, 14, 16], "texture": "#2", "cullface": "south"},
				"south": {"uv": [0, 9, 6, 12], "rotation": 90, "texture": "#2", "cullface": "south"},
				"west": {"uv": [10, 10, 14, 16], "texture": "#2", "cullface": "west"},
				"up": {"uv": [6, 1, 9, 5], "texture": "#2", "cullface": "south"}
			}
		},
		{
			"from": [7.9, 1, 5],
			"to": [10.9, 7, 9],
			
			"faces": {
				"north": {"uv": [9, 0, 12, 6], "texture": "#3", "cullface": "north"},
				"east": {"uv": [0, 0, 4, 6], "texture": "#3", "cullface": "east"},
				"south": {"uv": [6, 6, 12, 9], "rotation": 90, "texture": "#3"},
				"west": {"uv": [0, 0, 4, 6], "texture": "#3", "cullface": "west"}
			}
		}
	],
	"display": {
		"thirdperson_righthand": {
			"rotation": [75, 45, 0],
			"translation": [0, 2.5, 0],
			"scale": [0.375, 0.375, 0.375]
		},
		"thirdperson_lefthand": {
			"rotation": [75, 45, 0],
			"translation": [0, 2.5, 0],
			"scale": [0.375, 0.375, 0.375]
		},
		"firstperson_righthand": {
			"rotation": [0, 45, 0],
			"scale": [0.4, 0.4, 0.4]
		},
		"firstperson_lefthand": {
			"rotation": [0, 225, 0],
			"scale": [0.4, 0.4, 0.4]
		},
		"ground": {
			"translation": [0, 3, 0],
			"scale": [0.25, 0.25, 0.25]
		},
		"gui": {
			"rotation": [30, 225, 0],
			"scale": [0.625, 0.625, 0.625]
		},
		"fixed": {
			"scale": [0.5, 0.5, 0.5]
		}
	},
	"groups": [
		{
			"name": "Shelf",
			"origin": [15, 9, 15],
			"color": 0,
			"children": [0, 1, 2, 3, 4, 5, 6, 7, 8, 9, 10, 11]
		},
		12,
		13,
		14,
		15,
		16,
		17,
		18,
		19,
		20,
		21,
		22,
		23,
		24,
		25,
		26,
		27,
		28,
		29,
		30,
		31,
		32,
		33,
		34,
		35
	]
}