{
	"credit": "Yuushya",
	"textures": {
		"0": "block/brain_coral",
		"particle": "block/brain_coral"
	},
	"elements": [
		{
			"name": "brain_coral_0",
			"from": [7.6, 14, 5.6],
			"to": [8.6, 15, 6.6],
			"rotation": {"angle": -45, "axis": "y", "origin": [8.1, 6.52857, 8.5]},
			"faces": {
				"north": {"uv": [10, 1, 11, 2], "texture": "#0"},
				"east": {"uv": [10, 1, 11, 2], "texture": "#0"},
				"south": {"uv": [10, 1, 11, 2], "texture": "#0"},
				"west": {"uv": [10, 2, 11, 1], "rotation": 180, "texture": "#0"},
				"up": {"uv": [11, 1, 10, 2], "rotation": 90, "texture": "#0"},
				"down": {"uv": [10, 1, 11, 2], "rotation": 90, "texture": "#0"}
			}
		},
		{
			"name": "brain_coral_1",
			"from": [7.6, 11, 9.6],
			"to": [8.6, 14, 10.6],
			"rotation": {"angle": -45, "axis": "y", "origin": [8.1, 6.52857, 8.5]},
			"faces": {
				"north": {"uv": [6, 2, 7, 5], "texture": "#0"},
				"east": {"uv": [6, 2, 7, 5], "texture": "#0"},
				"south": {"uv": [6, 2, 7, 5], "texture": "#0"},
				"west": {"uv": [6, 5, 7, 2], "rotation": 180, "texture": "#0"},
				"up": {"uv": [7, 2, 6, 3], "rotation": 90, "texture": "#0"},
				"down": {"uv": [6, 4, 7, 5], "rotation": 90, "texture": "#0"}
			}
		},
		{
			"name": "brain_coral_2",
			"from": [7.6, 12, 6.6],
			"to": [8.6, 14, 7.6],
			"rotation": {"angle": -45, "axis": "y", "origin": [8.1, 6.52857, 8.5]},
			"faces": {
				"north": {"uv": [9, 2, 10, 4], "texture": "#0"},
				"east": {"uv": [9, 2, 10, 4], "texture": "#0"},
				"south": {"uv": [9, 2, 10, 4], "texture": "#0"},
				"west": {"uv": [9, 4, 10, 2], "rotation": 180, "texture": "#0"},
				"up": {"uv": [10, 2, 9, 3], "rotation": 90, "texture": "#0"},
				"down": {"uv": [9, 3, 10, 4], "rotation": 90, "texture": "#0"}
			}
		},
		{
			"name": "brain_coral_3",
			"from": [7.6, 9, 4.6],
			"to": [8.6, 13, 5.6],
			"rotation": {"angle": -45, "axis": "y", "origin": [8.1, 6.52857, 8.5]},
			"faces": {
				"north": {"uv": [11, 3, 12, 7], "texture": "#0"},
				"east": {"uv": [11, 3, 12, 7], "texture": "#0"},
				"south": {"uv": [11, 3, 12, 7], "texture": "#0"},
				"west": {"uv": [11, 7, 12, 3], "rotation": 180, "texture": "#0"},
				"up": {"uv": [12, 3, 11, 4], "rotation": 90, "texture": "#0"},
				"down": {"uv": [11, 6, 12, 7], "rotation": 90, "texture": "#0"}
			}
		},
		{
			"name": "brain_coral_4",
			"from": [7.6, 9, 14.6],
			"to": [8.6, 12, 15.6],
			"rotation": {"angle": -45, "axis": "y", "origin": [8.1, 6.52857, 8.5]},
			"faces": {
				"north": {"uv": [1, 4, 2, 7], "texture": "#0"},
				"east": {"uv": [1, 4, 2, 7], "texture": "#0"},
				"south": {"uv": [1, 4, 2, 7], "texture": "#0"},
				"west": {"uv": [1, 7, 2, 4], "rotation": 180, "texture": "#0"},
				"up": {"uv": [2, 4, 1, 5], "rotation": 90, "texture": "#0"},
				"down": {"uv": [1, 6, 2, 7], "rotation": 90, "texture": "#0"}
			}
		},
		{
			"name": "brain_coral_5",
			"from": [7.6, 10, 11.6],
			"to": [8.6, 12, 12.6],
			"rotation": {"angle": -45, "axis": "y", "origin": [8.1, 6.52857, 8.5]},
			"faces": {
				"north": {"uv": [4, 4, 5, 6], "texture": "#0"},
				"east": {"uv": [4, 4, 5, 6], "texture": "#0"},
				"south": {"uv": [4, 4, 5, 6], "texture": "#0"},
				"west": {"uv": [4, 6, 5, 4], "rotation": 180, "texture": "#0"},
				"up": {"uv": [5, 4, 4, 5], "rotation": 90, "texture": "#0"},
				"down": {"uv": [4, 5, 5, 6], "rotation": 90, "texture": "#0"}
			}
		},
		{
			"name": "brain_coral_6",
			"from": [7.6, 11, 7.6],
			"to": [8.6, 12, 9.6],
			"rotation": {"angle": -45, "axis": "y", "origin": [8.1, 6.52857, 8.5]},
			"faces": {
				"north": {"uv": [8, 4, 9, 5], "texture": "#0"},
				"east": {"uv": [7, 4, 9, 5], "texture": "#0"},
				"south": {"uv": [7, 4, 8, 5], "texture": "#0"},
				"west": {"uv": [7, 5, 9, 4], "rotation": 180, "texture": "#0"},
				"up": {"uv": [9, 4, 7, 5], "rotation": 90, "texture": "#0"},
				"down": {"uv": [7, 4, 9, 5], "rotation": 90, "texture": "#0"}
			}
		},
		{
			"name": "brain_coral_7",
			"from": [7.6, 10, 1.6],
			"to": [8.6, 12, 2.6],
			"rotation": {"angle": -45, "axis": "y", "origin": [8.1, 6.52857, 8.5]},
			"faces": {
				"north": {"uv": [14, 4, 15, 6], "texture": "#0"},
				"east": {"uv": [14, 4, 15, 6], "texture": "#0"},
				"south": {"uv": [14, 4, 15, 6], "texture": "#0"},
				"west": {"uv": [14, 6, 15, 4], "rotation": 180, "texture": "#0"},
				"up": {"uv": [15, 4, 14, 5], "rotation": 90, "texture": "#0"},
				"down": {"uv": [14, 5, 15, 6], "rotation": 90, "texture": "#0"}
			}
		},
		{
			"name": "brain_coral_8",
			"from": [7.6, 6, 8.6],
			"to": [8.6, 11, 9.6],
			"rotation": {"angle": -45, "axis": "y", "origin": [8.1, 6.52857, 8.5]},
			"faces": {
				"north": {"uv": [7, 5, 8, 10], "texture": "#0"},
				"east": {"uv": [7, 5, 8, 10], "texture": "#0"},
				"south": {"uv": [7, 5, 8, 10], "texture": "#0"},
				"west": {"uv": [7, 10, 8, 5], "rotation": 180, "texture": "#0"},
				"up": {"uv": [8, 5, 7, 6], "rotation": 90, "texture": "#0"},
				"down": {"uv": [7, 9, 8, 10], "rotation": 90, "texture": "#0"}
			}
		},
		{
			"name": "brain_coral_9",
			"from": [7.6, 10, 5.6],
			"to": [8.6, 11, 7.6],
			"rotation": {"angle": -45, "axis": "y", "origin": [8.1, 6.52857, 8.5]},
			"faces": {
				"north": {"uv": [10, 5, 11, 6], "texture": "#0"},
				"east": {"uv": [9, 5, 11, 6], "texture": "#0"},
				"south": {"uv": [9, 5, 10, 6], "texture": "#0"},
				"west": {"uv": [9, 6, 11, 5], "rotation": 180, "texture": "#0"},
				"up": {"uv": [11, 5, 9, 6], "rotation": 90, "texture": "#0"},
				"down": {"uv": [9, 5, 11, 6], "rotation": 90, "texture": "#0"}
			}
		},
		{
			"name": "brain_coral_10",
			"from": [7.6, 9, 12.6],
			"to": [8.6, 10, 14.6],
			"rotation": {"angle": -45, "axis": "y", "origin": [8.1, 6.52857, 8.5]},
			"faces": {
				"north": {"uv": [3, 6, 4, 7], "texture": "#0"},
				"east": {"uv": [2, 6, 4, 7], "texture": "#0"},
				"south": {"uv": [2, 6, 3, 7], "texture": "#0"},
				"west": {"uv": [2, 7, 4, 6], "rotation": 180, "texture": "#0"},
				"up": {"uv": [4, 6, 2, 7], "rotation": 90, "texture": "#0"},
				"down": {"uv": [2, 6, 4, 7], "rotation": 90, "texture": "#0"}
			}
		},
		{
			"name": "brain_coral_11",
			"from": [7.6, 8, 6.6],
			"to": [8.6, 10, 7.6],
			"rotation": {"angle": -45, "axis": "y", "origin": [8.1, 6.52857, 8.5]},
			"faces": {
				"north": {"uv": [9, 6, 10, 8], "texture": "#0"},
				"east": {"uv": [9, 6, 10, 8], "texture": "#0"},
				"south": {"uv": [9, 6, 10, 8], "texture": "#0"},
				"west": {"uv": [9, 8, 10, 6], "rotation": 180, "texture": "#0"},
				"up": {"uv": [10, 6, 9, 7], "rotation": 90, "texture": "#0"},
				"down": {"uv": [9, 7, 10, 8], "rotation": 90, "texture": "#0"}
			}
		},
		{
			"name": "brain_coral_12",
			"from": [7.6, 9, 2.6],
			"to": [8.6, 10, 4.6],
			"rotation": {"angle": -45, "axis": "y", "origin": [8.1, 6.52857, 8.5]},
			"faces": {
				"north": {"uv": [13, 6, 14, 7], "texture": "#0"},
				"east": {"uv": [12, 6, 14, 7], "texture": "#0"},
				"south": {"uv": [12, 6, 13, 7], "texture": "#0"},
				"west": {"uv": [12, 7, 14, 6], "rotation": 180, "texture": "#0"},
				"up": {"uv": [14, 6, 12, 7], "rotation": 90, "texture": "#0"},
				"down": {"uv": [12, 6, 14, 7], "rotation": 90, "texture": "#0"}
			}
		},
		{
			"name": "brain_coral_13",
			"from": [7.6, 6, 13.6],
			"to": [8.6, 9, 14.6],
			"rotation": {"angle": -45, "axis": "y", "origin": [8.1, 6.52857, 8.5]},
			"faces": {
				"north": {"uv": [2, 7, 3, 10], "texture": "#0"},
				"east": {"uv": [2, 7, 3, 10], "texture": "#0"},
				"south": {"uv": [2, 7, 3, 10], "texture": "#0"},
				"west": {"uv": [2, 10, 3, 7], "rotation": 180, "texture": "#0"},
				"up": {"uv": [3, 7, 2, 8], "rotation": 90, "texture": "#0"},
				"down": {"uv": [2, 9, 3, 10], "rotation": 90, "texture": "#0"}
			}
		},
		{
			"name": "brain_coral_14",
			"from": [7.6, 8, 11.6],
			"to": [8.6, 9, 12.6],
			"rotation": {"angle": -45, "axis": "y", "origin": [8.1, 6.52857, 8.5]},
			"faces": {
				"north": {"uv": [4, 7, 5, 8], "texture": "#0"},
				"east": {"uv": [4, 7, 5, 8], "texture": "#0"},
				"south": {"uv": [4, 7, 5, 8], "texture": "#0"},
				"west": {"uv": [4, 8, 5, 7], "rotation": 180, "texture": "#0"},
				"up": {"uv": [5, 7, 4, 8], "rotation": 90, "texture": "#0"},
				"down": {"uv": [4, 7, 5, 8], "rotation": 90, "texture": "#0"}
			}
		},
		{
			"name": "brain_coral_15",
			"from": [7.6, 5, 3.6],
			"to": [8.6, 9, 4.6],
			"rotation": {"angle": -45, "axis": "y", "origin": [8.1, 6.52857, 8.5]},
			"faces": {
				"north": {"uv": [12, 7, 13, 11], "texture": "#0"},
				"east": {"uv": [12, 7, 13, 11], "texture": "#0"},
				"south": {"uv": [12, 7, 13, 11], "texture": "#0"},
				"west": {"uv": [12, 11, 13, 7], "rotation": 180, "texture": "#0"},
				"up": {"uv": [13, 7, 12, 8], "rotation": 90, "texture": "#0"},
				"down": {"uv": [12, 10, 13, 11], "rotation": 90, "texture": "#0"}
			}
		},
		{
			"name": "brain_coral_16",
			"from": [7.6, 6, 15.6],
			"to": [8.6, 7, 16.6],
			"rotation": {"angle": -45, "axis": "y", "origin": [8.1, 6.52857, 8.5]},
			"faces": {
				"north": {"uv": [0, 9, 1, 10], "texture": "#0"},
				"east": {"uv": [0, 9, 1, 10], "texture": "#0"},
				"south": {"uv": [0, 9, 1, 10], "texture": "#0"},
				"west": {"uv": [0, 10, 1, 9], "rotation": 180, "texture": "#0"},
				"up": {"uv": [1, 9, 0, 10], "rotation": 90, "texture": "#0"},
				"down": {"uv": [0, 9, 1, 10], "rotation": 90, "texture": "#0"}
			}
		},
		{
			"name": "brain_coral_17",
			"from": [7.6, 6, 11.6],
			"to": [8.6, 7, 13.6],
			"rotation": {"angle": -45, "axis": "y", "origin": [8.1, 6.52857, 8.5]},
			"faces": {
				"north": {"uv": [4, 9, 5, 10], "texture": "#0"},
				"east": {"uv": [3, 9, 5, 10], "texture": "#0"},
				"south": {"uv": [3, 9, 4, 10], "texture": "#0"},
				"west": {"uv": [3, 10, 5, 9], "rotation": 180, "texture": "#0"},
				"up": {"uv": [5, 9, 3, 10], "rotation": 90, "texture": "#0"},
				"down": {"uv": [3, 9, 5, 10], "rotation": 90, "texture": "#0"}
			}
		},
		{
			"name": "brain_coral_18",
			"from": [7.6, 0, 9.6],
			"to": [8.6, 7, 10.6],
			"rotation": {"angle": -45, "axis": "y", "origin": [8.1, 6.52857, 8.5]},
			"faces": {
				"north": {"uv": [6, 9, 7, 16], "texture": "#0"},
				"east": {"uv": [6, 9, 7, 16], "texture": "#0"},
				"south": {"uv": [6, 9, 7, 16], "texture": "#0"},
				"west": {"uv": [6, 16, 7, 9], "rotation": 180, "texture": "#0"},
				"up": {"uv": [7, 9, 6, 10], "rotation": 90, "texture": "#0"},
				"down": {"uv": [6, 15, 7, 16], "rotation": 90, "texture": "#0"}
			}
		},
		{
			"name": "brain_coral_19",
			"from": [7.6, 5, 6.6],
			"to": [8.6, 7, 7.6],
			"rotation": {"angle": -45, "axis": "y", "origin": [8.1, 6.52857, 8.5]},
			"faces": {
				"north": {"uv": [9, 9, 10, 11], "texture": "#0"},
				"east": {"uv": [9, 9, 10, 11], "texture": "#0"},
				"south": {"uv": [9, 9, 10, 11], "texture": "#0"},
				"west": {"uv": [9, 11, 10, 9], "rotation": 180, "texture": "#0"},
				"up": {"uv": [10, 9, 9, 10], "rotation": 90, "texture": "#0"},
				"down": {"uv": [9, 10, 10, 11], "rotation": 90, "texture": "#0"}
			}
		},
		{
			"name": "brain_coral_20",
			"from": [7.6, 2, 14.6],
			"to": [8.6, 6, 15.6],
			"rotation": {"angle": -45, "axis": "y", "origin": [8.1, 6.52857, 8.5]},
			"faces": {
				"north": {"uv": [1, 10, 2, 14], "texture": "#0"},
				"east": {"uv": [1, 10, 2, 14], "texture": "#0"},
				"south": {"uv": [1, 10, 2, 14], "texture": "#0"},
				"west": {"uv": [1, 14, 2, 10], "rotation": 180, "texture": "#0"},
				"up": {"uv": [2, 10, 1, 11], "rotation": 90, "texture": "#0"},
				"down": {"uv": [1, 13, 2, 14], "rotation": 90, "texture": "#0"}
			}
		},
		{
			"name": "brain_coral_21",
			"from": [7.6, 1, 11.6],
			"to": [8.6, 6, 12.6],
			"rotation": {"angle": -45, "axis": "y", "origin": [8.1, 6.52857, 8.5]},
			"faces": {
				"north": {"uv": [4, 10, 5, 15], "texture": "#0"},
				"east": {"uv": [4, 10, 5, 15], "texture": "#0"},
				"south": {"uv": [4, 10, 5, 15], "texture": "#0"},
				"west": {"uv": [4, 15, 5, 10], "rotation": 180, "texture": "#0"},
				"up": {"uv": [5, 10, 4, 11], "rotation": 90, "texture": "#0"},
				"down": {"uv": [4, 14, 5, 15], "rotation": 90, "texture": "#0"}
			}
		},
		{
			"name": "brain_coral_22",
			"from": [7.6, 5, 4.6],
			"to": [8.6, 6, 6.6],
			"rotation": {"angle": -45, "axis": "y", "origin": [8.1, 6.52857, 8.5]},
			"faces": {
				"north": {"uv": [11, 10, 12, 11], "texture": "#0"},
				"east": {"uv": [10, 10, 12, 11], "texture": "#0"},
				"south": {"uv": [10, 10, 11, 11], "texture": "#0"},
				"west": {"uv": [10, 11, 12, 10], "rotation": 180, "texture": "#0"},
				"up": {"uv": [12, 10, 10, 11], "rotation": 90, "texture": "#0"},
				"down": {"uv": [10, 10, 12, 11], "rotation": 90, "texture": "#0"}
			}
		},
		{
			"name": "brain_coral_23",
			"from": [7.6, 5, 0.6],
			"to": [8.6, 6, 3.6],
			"rotation": {"angle": -45, "axis": "y", "origin": [8.1, 6.52857, 8.5]},
			"faces": {
				"north": {"uv": [15, 10, 16, 11], "texture": "#0"},
				"east": {"uv": [13, 10, 16, 11], "texture": "#0"},
				"south": {"uv": [13, 10, 14, 11], "texture": "#0"},
				"west": {"uv": [13, 11, 16, 10], "rotation": 180, "texture": "#0"},
				"up": {"uv": [16, 10, 13, 11], "rotation": 90, "texture": "#0"},
				"down": {"uv": [13, 10, 16, 11], "rotation": 90, "texture": "#0"}
			}
		},
		{
			"name": "brain_coral_24",
			"from": [7.6, 0, 5.6],
			"to": [8.6, 5, 6.6],
			"rotation": {"angle": -45, "axis": "y", "origin": [8.1, 6.52857, 8.5]},
			"faces": {
				"north": {"uv": [10, 11, 11, 16], "texture": "#0"},
				"east": {"uv": [10, 11, 11, 16], "texture": "#0"},
				"south": {"uv": [10, 11, 11, 16], "texture": "#0"},
				"west": {"uv": [10, 16, 11, 11], "rotation": 180, "texture": "#0"},
				"up": {"uv": [11, 11, 10, 12], "rotation": 90, "texture": "#0"},
				"down": {"uv": [10, 15, 11, 16], "rotation": 90, "texture": "#0"}
			}
		},
		{
			"name": "brain_coral_25",
			"from": [7.6, 1, 2.6],
			"to": [8.6, 5, 3.6],
			"rotation": {"angle": -45, "axis": "y", "origin": [8.1, 6.52857, 8.5]},
			"faces": {
				"north": {"uv": [13, 11, 14, 15], "texture": "#0"},
				"east": {"uv": [13, 11, 14, 15], "texture": "#0"},
				"south": {"uv": [13, 11, 14, 15], "texture": "#0"},
				"west": {"uv": [13, 15, 14, 11], "rotation": 180, "texture": "#0"},
				"up": {"uv": [14, 11, 13, 12], "rotation": 90, "texture": "#0"},
				"down": {"uv": [13, 14, 14, 15], "rotation": 90, "texture": "#0"}
			}
		},
		{
			"name": "brain_coral_26",
			"from": [7.6, 3, 0.6],
			"to": [8.6, 5, 1.6],
			"rotation": {"angle": -45, "axis": "y", "origin": [8.1, 6.52857, 8.5]},
			"faces": {
				"north": {"uv": [15, 11, 16, 13], "texture": "#0"},
				"east": {"uv": [15, 11, 16, 13], "texture": "#0"},
				"south": {"uv": [15, 11, 16, 13], "texture": "#0"},
				"west": {"uv": [15, 13, 16, 11], "rotation": 180, "texture": "#0"},
				"up": {"uv": [16, 11, 15, 12], "rotation": 90, "texture": "#0"},
				"down": {"uv": [15, 12, 16, 13], "rotation": 90, "texture": "#0"}
			}
		},
		{
			"name": "brain_coral_27",
			"from": [7.6, 3, 1.6],
			"to": [8.6, 4, 2.6],
			"rotation": {"angle": -45, "axis": "y", "origin": [8.1, 6.52857, 8.5]},
			"faces": {
				"north": {"uv": [14, 12, 15, 13], "texture": "#0"},
				"east": {"uv": [14, 12, 15, 13], "texture": "#0"},
				"south": {"uv": [14, 12, 15, 13], "texture": "#0"},
				"west": {"uv": [14, 13, 15, 12], "rotation": 180, "texture": "#0"},
				"up": {"uv": [15, 12, 14, 13], "rotation": 90, "texture": "#0"},
				"down": {"uv": [14, 12, 15, 13], "rotation": 90, "texture": "#0"}
			}
		},
		{
			"name": "brain_coral_28",
			"from": [7.6, 2, 12.6],
			"to": [8.6, 3, 14.6],
			"rotation": {"angle": -45, "axis": "y", "origin": [8.1, 6.52857, 8.5]},
			"faces": {
				"north": {"uv": [3, 13, 4, 14], "texture": "#0"},
				"east": {"uv": [2, 13, 4, 14], "texture": "#0"},
				"south": {"uv": [2, 13, 3, 14], "texture": "#0"},
				"west": {"uv": [2, 14, 4, 13], "rotation": 180, "texture": "#0"},
				"up": {"uv": [4, 13, 2, 14], "rotation": 90, "texture": "#0"},
				"down": {"uv": [2, 13, 4, 14], "rotation": 90, "texture": "#0"}
			}
		},
		{
			"name": "brain_coral_29",
			"from": [7.6, 0, 7.6],
			"to": [8.6, 3, 8.6],
			"rotation": {"angle": -45, "axis": "y", "origin": [8.1, 6.52857, 8.5]},
			"faces": {
				"north": {"uv": [8, 13, 9, 16], "texture": "#0"},
				"east": {"uv": [8, 13, 9, 16], "texture": "#0"},
				"south": {"uv": [8, 13, 9, 16], "texture": "#0"},
				"west": {"uv": [8, 16, 9, 13], "rotation": 180, "texture": "#0"},
				"up": {"uv": [9, 13, 8, 14], "rotation": 90, "texture": "#0"},
				"down": {"uv": [8, 15, 9, 16], "rotation": 90, "texture": "#0"}
			}
		},
		{
			"name": "brain_coral_30",
			"from": [7.6, 0, 3.6],
			"to": [8.6, 3, 5.6],
			"rotation": {"angle": -45, "axis": "y", "origin": [8.1, 6.52857, 8.5]},
			"faces": {
				"north": {"uv": [12, 13, 13, 16], "texture": "#0"},
				"east": {"uv": [11, 13, 13, 16], "texture": "#0"},
				"south": {"uv": [11, 13, 12, 16], "texture": "#0"},
				"west": {"uv": [11, 16, 13, 13], "rotation": 180, "texture": "#0"},
				"up": {"uv": [13, 13, 11, 14], "rotation": 90, "texture": "#0"},
				"down": {"uv": [11, 15, 13, 16], "rotation": 90, "texture": "#0"}
			}
		},
		{
			"name": "brain_coral_31",
			"from": [7.6, 0, 13.6],
			"to": [8.6, 2, 14.6],
			"rotation": {"angle": -45, "axis": "y", "origin": [8.1, 6.52857, 8.5]},
			"faces": {
				"north": {"uv": [2, 14, 3, 16], "texture": "#0"},
				"east": {"uv": [2, 14, 3, 16], "texture": "#0"},
				"south": {"uv": [2, 14, 3, 16], "texture": "#0"},
				"west": {"uv": [2, 16, 3, 14], "rotation": 180, "texture": "#0"},
				"up": {"uv": [3, 14, 2, 15], "rotation": 90, "texture": "#0"},
				"down": {"uv": [2, 15, 3, 16], "rotation": 90, "texture": "#0"}
			}
		},
		{
			"name": "brain_coral_32",
			"from": [7.6, 0, 10.6],
			"to": [8.6, 2, 11.6],
			"rotation": {"angle": -45, "axis": "y", "origin": [8.1, 6.52857, 8.5]},
			"faces": {
				"north": {"uv": [5, 14, 6, 16], "texture": "#0"},
				"east": {"uv": [5, 14, 6, 16], "texture": "#0"},
				"south": {"uv": [5, 14, 6, 16], "texture": "#0"},
				"west": {"uv": [5, 16, 6, 14], "rotation": 180, "texture": "#0"},
				"up": {"uv": [6, 14, 5, 15], "rotation": 90, "texture": "#0"},
				"down": {"uv": [5, 15, 6, 16], "rotation": 90, "texture": "#0"}
			}
		},
		{
			"name": "brain_coral_33",
			"from": [7.6, 0, 8.6],
			"to": [8.6, 2, 9.6],
			"rotation": {"angle": -45, "axis": "y", "origin": [8.1, 6.52857, 8.5]},
			"faces": {
				"north": {"uv": [7, 14, 8, 16], "texture": "#0"},
				"east": {"uv": [7, 14, 8, 16], "texture": "#0"},
				"south": {"uv": [7, 14, 8, 16], "texture": "#0"},
				"west": {"uv": [7, 16, 8, 14], "rotation": 180, "texture": "#0"},
				"up": {"uv": [8, 14, 7, 15], "rotation": 90, "texture": "#0"},
				"down": {"uv": [7, 15, 8, 16], "rotation": 90, "texture": "#0"}
			}
		},
		{
			"name": "brain_coral_34",
			"from": [7.6, 0, 6.6],
			"to": [8.6, 2, 7.6],
			"rotation": {"angle": -45, "axis": "y", "origin": [8.1, 6.52857, 8.5]},
			"faces": {
				"north": {"uv": [9, 14, 10, 16], "texture": "#0"},
				"east": {"uv": [9, 14, 10, 16], "texture": "#0"},
				"south": {"uv": [9, 14, 10, 16], "texture": "#0"},
				"west": {"uv": [9, 16, 10, 14], "rotation": 180, "texture": "#0"},
				"up": {"uv": [10, 14, 9, 15], "rotation": 90, "texture": "#0"},
				"down": {"uv": [9, 15, 10, 16], "rotation": 90, "texture": "#0"}
			}
		},
		{
			"name": "brain_coral_0",
			"from": [10, 13.9, 8],
			"to": [11, 14.9, 9],
			"rotation": {"angle": -45, "axis": "y", "origin": [8.1, 6.52857, 8.5]},
			"faces": {
				"north": {"uv": [10, 2, 11, 1], "rotation": 180, "texture": "#0"},
				"east": {"uv": [10, 1, 11, 2], "texture": "#0"},
				"south": {"uv": [10, 1, 11, 2], "texture": "#0"},
				"west": {"uv": [10, 1, 11, 2], "texture": "#0"},
				"up": {"uv": [11, 1, 10, 2], "rotation": 180, "texture": "#0"},
				"down": {"uv": [10, 1, 11, 2], "texture": "#0"}
			}
		},
		{
			"name": "brain_coral_1",
			"from": [6, 10.9, 8],
			"to": [7, 13.9, 9],
			"rotation": {"angle": -45, "axis": "y", "origin": [8.1, 6.52857, 8.5]},
			"faces": {
				"north": {"uv": [6, 5, 7, 2], "rotation": 180, "texture": "#0"},
				"east": {"uv": [6, 2, 7, 5], "texture": "#0"},
				"south": {"uv": [6, 2, 7, 5], "texture": "#0"},
				"west": {"uv": [6, 2, 7, 5], "texture": "#0"},
				"up": {"uv": [7, 2, 6, 3], "rotation": 180, "texture": "#0"},
				"down": {"uv": [6, 4, 7, 5], "texture": "#0"}
			}
		},
		{
			"name": "brain_coral_2",
			"from": [9, 11.9, 8],
			"to": [10, 13.9, 9],
			"rotation": {"angle": -45, "axis": "y", "origin": [8.1, 6.52857, 8.5]},
			"faces": {
				"north": {"uv": [9, 4, 10, 2], "rotation": 180, "texture": "#0"},
				"east": {"uv": [9, 2, 10, 4], "texture": "#0"},
				"south": {"uv": [9, 2, 10, 4], "texture": "#0"},
				"west": {"uv": [9, 2, 10, 4], "texture": "#0"},
				"up": {"uv": [10, 2, 9, 3], "rotation": 180, "texture": "#0"},
				"down": {"uv": [9, 3, 10, 4], "texture": "#0"}
			}
		},
		{
			"name": "brain_coral_3",
			"from": [11, 8.9, 8],
			"to": [12, 12.9, 9],
			"rotation": {"angle": -45, "axis": "y", "origin": [8.1, 6.52857, 8.5]},
			"faces": {
				"north": {"uv": [11, 7, 12, 3], "rotation": 180, "texture": "#0"},
				"east": {"uv": [11, 3, 12, 7], "texture": "#0"},
				"south": {"uv": [11, 3, 12, 7], "texture": "#0"},
				"west": {"uv": [11, 3, 12, 7], "texture": "#0"},
				"up": {"uv": [12, 3, 11, 4], "rotation": 180, "texture": "#0"},
				"down": {"uv": [11, 6, 12, 7], "texture": "#0"}
			}
		},
		{
			"name": "brain_coral_4",
			"from": [1, 8.9, 8],
			"to": [2, 11.9, 9],
			"rotation": {"angle": -45, "axis": "y", "origin": [8.1, 6.52857, 8.5]},
			"faces": {
				"north": {"uv": [1, 7, 2, 4], "rotation": 180, "texture": "#0"},
				"east": {"uv": [1, 4, 2, 7], "texture": "#0"},
				"south": {"uv": [1, 4, 2, 7], "texture": "#0"},
				"west": {"uv": [1, 4, 2, 7], "texture": "#0"},
				"up": {"uv": [2, 4, 1, 5], "rotation": 180, "texture": "#0"},
				"down": {"uv": [1, 6, 2, 7], "texture": "#0"}
			}
		},
		{
			"name": "brain_coral_5",
			"from": [4, 9.9, 8],
			"to": [5, 11.9, 9],
			"rotation": {"angle": -45, "axis": "y", "origin": [8.1, 6.52857, 8.5]},
			"faces": {
				"north": {"uv": [4, 6, 5, 4], "rotation": 180, "texture": "#0"},
				"east": {"uv": [4, 4, 5, 6], "texture": "#0"},
				"south": {"uv": [4, 4, 5, 6], "texture": "#0"},
				"west": {"uv": [4, 4, 5, 6], "texture": "#0"},
				"up": {"uv": [5, 4, 4, 5], "rotation": 180, "texture": "#0"},
				"down": {"uv": [4, 5, 5, 6], "texture": "#0"}
			}
		},
		{
			"name": "brain_coral_6",
			"from": [7, 10.9, 8],
			"to": [9, 11.9, 9],
			"rotation": {"angle": -45, "axis": "y", "origin": [8.1, 6.52857, 8.5]},
			"faces": {
				"north": {"uv": [7, 5, 9, 4], "rotation": 180, "texture": "#0"},
				"east": {"uv": [8, 4, 9, 5], "texture": "#0"},
				"south": {"uv": [7, 4, 9, 5], "texture": "#0"},
				"west": {"uv": [7, 4, 8, 5], "texture": "#0"},
				"up": {"uv": [9, 4, 7, 5], "rotation": 180, "texture": "#0"},
				"down": {"uv": [7, 4, 9, 5], "texture": "#0"}
			}
		},
		{
			"name": "brain_coral_7",
			"from": [14, 9.9, 8],
			"to": [15, 11.9, 9],
			"rotation": {"angle": -45, "axis": "y", "origin": [8.1, 6.52857, 8.5]},
			"faces": {
				"north": {"uv": [14, 6, 15, 4], "rotation": 180, "texture": "#0"},
				"east": {"uv": [14, 4, 15, 6], "texture": "#0"},
				"south": {"uv": [14, 4, 15, 6], "texture": "#0"},
				"west": {"uv": [14, 4, 15, 6], "texture": "#0"},
				"up": {"uv": [15, 4, 14, 5], "rotation": 180, "texture": "#0"},
				"down": {"uv": [14, 5, 15, 6], "texture": "#0"}
			}
		},
		{
			"name": "brain_coral_8",
			"from": [7, 5.9, 8],
			"to": [8, 10.9, 9],
			"rotation": {"angle": -45, "axis": "y", "origin": [8.1, 6.52857, 8.5]},
			"faces": {
				"north": {"uv": [7, 10, 8, 5], "rotation": 180, "texture": "#0"},
				"east": {"uv": [7, 5, 8, 10], "texture": "#0"},
				"south": {"uv": [7, 5, 8, 10], "texture": "#0"},
				"west": {"uv": [7, 5, 8, 10], "texture": "#0"},
				"up": {"uv": [8, 5, 7, 6], "rotation": 180, "texture": "#0"},
				"down": {"uv": [7, 9, 8, 10], "texture": "#0"}
			}
		},
		{
			"name": "brain_coral_9",
			"from": [9, 9.9, 8],
			"to": [11, 10.9, 9],
			"rotation": {"angle": -45, "axis": "y", "origin": [8.1, 6.52857, 8.5]},
			"faces": {
				"north": {"uv": [9, 6, 11, 5], "rotation": 180, "texture": "#0"},
				"east": {"uv": [10, 5, 11, 6], "texture": "#0"},
				"south": {"uv": [9, 5, 11, 6], "texture": "#0"},
				"west": {"uv": [9, 5, 10, 6], "texture": "#0"},
				"up": {"uv": [11, 5, 9, 6], "rotation": 180, "texture": "#0"},
				"down": {"uv": [9, 5, 11, 6], "texture": "#0"}
			}
		},
		{
			"name": "brain_coral_10",
			"from": [2, 8.9, 8],
			"to": [4, 9.9, 9],
			"rotation": {"angle": -45, "axis": "y", "origin": [8.1, 6.52857, 8.5]},
			"faces": {
				"north": {"uv": [2, 7, 4, 6], "rotation": 180, "texture": "#0"},
				"east": {"uv": [3, 6, 4, 7], "texture": "#0"},
				"south": {"uv": [2, 6, 4, 7], "texture": "#0"},
				"west": {"uv": [2, 6, 3, 7], "texture": "#0"},
				"up": {"uv": [4, 6, 2, 7], "rotation": 180, "texture": "#0"},
				"down": {"uv": [2, 6, 4, 7], "texture": "#0"}
			}
		},
		{
			"name": "brain_coral_11",
			"from": [9, 7.9, 8],
			"to": [10, 9.9, 9],
			"rotation": {"angle": -45, "axis": "y", "origin": [8.1, 6.52857, 8.5]},
			"faces": {
				"north": {"uv": [9, 8, 10, 6], "rotation": 180, "texture": "#0"},
				"east": {"uv": [9, 6, 10, 8], "texture": "#0"},
				"south": {"uv": [9, 6, 10, 8], "texture": "#0"},
				"west": {"uv": [9, 6, 10, 8], "texture": "#0"},
				"up": {"uv": [10, 6, 9, 7], "rotation": 180, "texture": "#0"},
				"down": {"uv": [9, 7, 10, 8], "texture": "#0"}
			}
		},
		{
			"name": "brain_coral_12",
			"from": [12, 8.9, 8],
			"to": [14, 9.9, 9],
			"rotation": {"angle": -45, "axis": "y", "origin": [8.1, 6.52857, 8.5]},
			"faces": {
				"north": {"uv": [12, 7, 14, 6], "rotation": 180, "texture": "#0"},
				"east": {"uv": [13, 6, 14, 7], "texture": "#0"},
				"south": {"uv": [12, 6, 14, 7], "texture": "#0"},
				"west": {"uv": [12, 6, 13, 7], "texture": "#0"},
				"up": {"uv": [14, 6, 12, 7], "rotation": 180, "texture": "#0"},
				"down": {"uv": [12, 6, 14, 7], "texture": "#0"}
			}
		},
		{
			"name": "brain_coral_13",
			"from": [2, 5.9, 8],
			"to": [3, 8.9, 9],
			"rotation": {"angle": -45, "axis": "y", "origin": [8.1, 6.52857, 8.5]},
			"faces": {
				"north": {"uv": [2, 10, 3, 7], "rotation": 180, "texture": "#0"},
				"east": {"uv": [2, 7, 3, 10], "texture": "#0"},
				"south": {"uv": [2, 7, 3, 10], "texture": "#0"},
				"west": {"uv": [2, 7, 3, 10], "texture": "#0"},
				"up": {"uv": [3, 7, 2, 8], "rotation": 180, "texture": "#0"},
				"down": {"uv": [2, 9, 3, 10], "texture": "#0"}
			}
		},
		{
			"name": "brain_coral_14",
			"from": [4, 7.9, 8],
			"to": [5, 8.9, 9],
			"rotation": {"angle": -45, "axis": "y", "origin": [8.1, 6.52857, 8.5]},
			"faces": {
				"north": {"uv": [4, 8, 5, 7], "rotation": 180, "texture": "#0"},
				"east": {"uv": [4, 7, 5, 8], "texture": "#0"},
				"south": {"uv": [4, 7, 5, 8], "texture": "#0"},
				"west": {"uv": [4, 7, 5, 8], "texture": "#0"},
				"up": {"uv": [5, 7, 4, 8], "rotation": 180, "texture": "#0"},
				"down": {"uv": [4, 7, 5, 8], "texture": "#0"}
			}
		},
		{
			"name": "brain_coral_15",
			"from": [12, 4.9, 8],
			"to": [13, 8.9, 9],
			"rotation": {"angle": -45, "axis": "y", "origin": [8.1, 6.52857, 8.5]},
			"faces": {
				"north": {"uv": [12, 11, 13, 7], "rotation": 180, "texture": "#0"},
				"east": {"uv": [12, 7, 13, 11], "texture": "#0"},
				"south": {"uv": [12, 7, 13, 11], "texture": "#0"},
				"west": {"uv": [12, 7, 13, 11], "texture": "#0"},
				"up": {"uv": [13, 7, 12, 8], "rotation": 180, "texture": "#0"},
				"down": {"uv": [12, 10, 13, 11], "texture": "#0"}
			}
		},
		{
			"name": "brain_coral_16",
			"from": [0, 5.9, 8],
			"to": [1, 6.9, 9],
			"rotation": {"angle": -45, "axis": "y", "origin": [8.1, 6.52857, 8.5]},
			"faces": {
				"north": {"uv": [0, 10, 1, 9], "rotation": 180, "texture": "#0"},
				"east": {"uv": [0, 9, 1, 10], "texture": "#0"},
				"south": {"uv": [0, 9, 1, 10], "texture": "#0"},
				"west": {"uv": [0, 9, 1, 10], "texture": "#0"},
				"up": {"uv": [1, 9, 0, 10], "rotation": 180, "texture": "#0"},
				"down": {"uv": [0, 9, 1, 10], "texture": "#0"}
			}
		},
		{
			"name": "brain_coral_17",
			"from": [3, 5.9, 8],
			"to": [5, 6.9, 9],
			"rotation": {"angle": -45, "axis": "y", "origin": [8.1, 6.52857, 8.5]},
			"faces": {
				"north": {"uv": [3, 10, 5, 9], "rotation": 180, "texture": "#0"},
				"east": {"uv": [4, 9, 5, 10], "texture": "#0"},
				"south": {"uv": [3, 9, 5, 10], "texture": "#0"},
				"west": {"uv": [3, 9, 4, 10], "texture": "#0"},
				"up": {"uv": [5, 9, 3, 10], "rotation": 180, "texture": "#0"},
				"down": {"uv": [3, 9, 5, 10], "texture": "#0"}
			}
		},
		{
			"name": "brain_coral_18",
			"from": [6, -0.1, 8],
			"to": [7, 6.9, 9],
			"rotation": {"angle": -45, "axis": "y", "origin": [8.1, 6.52857, 8.5]},
			"faces": {
				"north": {"uv": [6, 16, 7, 9], "rotation": 180, "texture": "#0"},
				"east": {"uv": [6, 9, 7, 16], "texture": "#0"},
				"south": {"uv": [6, 9, 7, 16], "texture": "#0"},
				"west": {"uv": [6, 9, 7, 16], "texture": "#0"},
				"up": {"uv": [7, 9, 6, 10], "rotation": 180, "texture": "#0"},
				"down": {"uv": [6, 15, 7, 16], "texture": "#0"}
			}
		},
		{
			"name": "brain_coral_19",
			"from": [9, 4.9, 8],
			"to": [10, 6.9, 9],
			"rotation": {"angle": -45, "axis": "y", "origin": [8.1, 6.52857, 8.5]},
			"faces": {
				"north": {"uv": [9, 11, 10, 9], "rotation": 180, "texture": "#0"},
				"east": {"uv": [9, 9, 10, 11], "texture": "#0"},
				"south": {"uv": [9, 9, 10, 11], "texture": "#0"},
				"west": {"uv": [9, 9, 10, 11], "texture": "#0"},
				"up": {"uv": [10, 9, 9, 10], "rotation": 180, "texture": "#0"},
				"down": {"uv": [9, 10, 10, 11], "texture": "#0"}
			}
		},
		{
			"name": "brain_coral_20",
			"from": [1, 1.9, 8],
			"to": [2, 5.9, 9],
			"rotation": {"angle": -45, "axis": "y", "origin": [8.1, 6.52857, 8.5]},
			"faces": {
				"north": {"uv": [1, 14, 2, 10], "rotation": 180, "texture": "#0"},
				"east": {"uv": [1, 10, 2, 14], "texture": "#0"},
				"south": {"uv": [1, 10, 2, 14], "texture": "#0"},
				"west": {"uv": [1, 10, 2, 14], "texture": "#0"},
				"up": {"uv": [2, 10, 1, 11], "rotation": 180, "texture": "#0"},
				"down": {"uv": [1, 13, 2, 14], "texture": "#0"}
			}
		},
		{
			"name": "brain_coral_21",
			"from": [4, 0.9, 8],
			"to": [5, 5.9, 9],
			"rotation": {"angle": -45, "axis": "y", "origin": [8.1, 6.52857, 8.5]},
			"faces": {
				"north": {"uv": [4, 15, 5, 10], "rotation": 180, "texture": "#0"},
				"east": {"uv": [4, 10, 5, 15], "texture": "#0"},
				"south": {"uv": [4, 10, 5, 15], "texture": "#0"},
				"west": {"uv": [4, 10, 5, 15], "texture": "#0"},
				"up": {"uv": [5, 10, 4, 11], "rotation": 180, "texture": "#0"},
				"down": {"uv": [4, 14, 5, 15], "texture": "#0"}
			}
		},
		{
			"name": "brain_coral_22",
			"from": [10, 4.9, 8],
			"to": [12, 5.9, 9],
			"rotation": {"angle": -45, "axis": "y", "origin": [8.1, 6.52857, 8.5]},
			"faces": {
				"north": {"uv": [10, 11, 12, 10], "rotation": 180, "texture": "#0"},
				"east": {"uv": [11, 10, 12, 11], "texture": "#0"},
				"south": {"uv": [10, 10, 12, 11], "texture": "#0"},
				"west": {"uv": [10, 10, 11, 11], "texture": "#0"},
				"up": {"uv": [12, 10, 10, 11], "rotation": 180, "texture": "#0"},
				"down": {"uv": [10, 10, 12, 11], "texture": "#0"}
			}
		},
		{
			"name": "brain_coral_23",
			"from": [13, 4.9, 8],
			"to": [16, 5.9, 9],
			"rotation": {"angle": -45, "axis": "y", "origin": [8.1, 6.52857, 8.5]},
			"faces": {
				"north": {"uv": [13, 11, 16, 10], "rotation": 180, "texture": "#0"},
				"east": {"uv": [15, 10, 16, 11], "texture": "#0"},
				"south": {"uv": [13, 10, 16, 11], "texture": "#0"},
				"west": {"uv": [13, 10, 14, 11], "texture": "#0"},
				"up": {"uv": [16, 10, 13, 11], "rotation": 180, "texture": "#0"},
				"down": {"uv": [13, 10, 16, 11], "texture": "#0"}
			}
		},
		{
			"name": "brain_coral_24",
			"from": [10, -0.1, 8],
			"to": [11, 4.9, 9],
			"rotation": {"angle": -45, "axis": "y", "origin": [8.1, 6.52857, 8.5]},
			"faces": {
				"north": {"uv": [10, 16, 11, 11], "rotation": 180, "texture": "#0"},
				"east": {"uv": [10, 11, 11, 16], "texture": "#0"},
				"south": {"uv": [10, 11, 11, 16], "texture": "#0"},
				"west": {"uv": [10, 11, 11, 16], "texture": "#0"},
				"up": {"uv": [11, 11, 10, 12], "rotation": 180, "texture": "#0"},
				"down": {"uv": [10, 15, 11, 16], "texture": "#0"}
			}
		},
		{
			"name": "brain_coral_25",
			"from": [13, 0.9, 8],
			"to": [14, 4.9, 9],
			"rotation": {"angle": -45, "axis": "y", "origin": [8.1, 6.52857, 8.5]},
			"faces": {
				"north": {"uv": [13, 15, 14, 11], "rotation": 180, "texture": "#0"},
				"east": {"uv": [13, 11, 14, 15], "texture": "#0"},
				"south": {"uv": [13, 11, 14, 15], "texture": "#0"},
				"west": {"uv": [13, 11, 14, 15], "texture": "#0"},
				"up": {"uv": [14, 11, 13, 12], "rotation": 180, "texture": "#0"},
				"down": {"uv": [13, 14, 14, 15], "texture": "#0"}
			}
		},
		{
			"name": "brain_coral_26",
			"from": [15, 2.9, 8],
			"to": [16, 4.9, 9],
			"rotation": {"angle": -45, "axis": "y", "origin": [8.1, 6.52857, 8.5]},
			"faces": {
				"north": {"uv": [15, 13, 16, 11], "rotation": 180, "texture": "#0"},
				"east": {"uv": [15, 11, 16, 13], "texture": "#0"},
				"south": {"uv": [15, 11, 16, 13], "texture": "#0"},
				"west": {"uv": [15, 11, 16, 13], "texture": "#0"},
				"up": {"uv": [16, 11, 15, 12], "rotation": 180, "texture": "#0"},
				"down": {"uv": [15, 12, 16, 13], "texture": "#0"}
			}
		},
		{
			"name": "brain_coral_27",
			"from": [14, 2.9, 8],
			"to": [15, 3.9, 9],
			"rotation": {"angle": -45, "axis": "y", "origin": [8.1, 6.52857, 8.5]},
			"faces": {
				"north": {"uv": [14, 13, 15, 12], "rotation": 180, "texture": "#0"},
				"east": {"uv": [14, 12, 15, 13], "texture": "#0"},
				"south": {"uv": [14, 12, 15, 13], "texture": "#0"},
				"west": {"uv": [14, 12, 15, 13], "texture": "#0"},
				"up": {"uv": [15, 12, 14, 13], "rotation": 180, "texture": "#0"},
				"down": {"uv": [14, 12, 15, 13], "texture": "#0"}
			}
		},
		{
			"name": "brain_coral_28",
			"from": [2, 1.9, 8],
			"to": [4, 2.9, 9],
			"rotation": {"angle": -45, "axis": "y", "origin": [8.1, 6.52857, 8.5]},
			"faces": {
				"north": {"uv": [2, 14, 4, 13], "rotation": 180, "texture": "#0"},
				"east": {"uv": [3, 13, 4, 14], "texture": "#0"},
				"south": {"uv": [2, 13, 4, 14], "texture": "#0"},
				"west": {"uv": [2, 13, 3, 14], "texture": "#0"},
				"up": {"uv": [4, 13, 2, 14], "rotation": 180, "texture": "#0"},
				"down": {"uv": [2, 13, 4, 14], "texture": "#0"}
			}
		},
		{
			"name": "brain_coral_29",
			"from": [8, -0.1, 8],
			"to": [9, 2.9, 9],
			"rotation": {"angle": -45, "axis": "y", "origin": [8.1, 6.52857, 8.5]},
			"faces": {
				"north": {"uv": [8, 16, 9, 13], "rotation": 180, "texture": "#0"},
				"east": {"uv": [8, 13, 9, 16], "texture": "#0"},
				"south": {"uv": [8, 13, 9, 16], "texture": "#0"},
				"west": {"uv": [8, 13, 9, 16], "texture": "#0"},
				"up": {"uv": [9, 13, 8, 14], "rotation": 180, "texture": "#0"},
				"down": {"uv": [8, 15, 9, 16], "texture": "#0"}
			}
		},
		{
			"name": "brain_coral_30",
			"from": [11, -0.1, 8],
			"to": [13, 2.9, 9],
			"rotation": {"angle": -45, "axis": "y", "origin": [8.1, 6.52857, 8.5]},
			"faces": {
				"north": {"uv": [11, 16, 13, 13], "rotation": 180, "texture": "#0"},
				"east": {"uv": [12, 13, 13, 16], "texture": "#0"},
				"south": {"uv": [11, 13, 13, 16], "texture": "#0"},
				"west": {"uv": [11, 13, 12, 16], "texture": "#0"},
				"up": {"uv": [13, 13, 11, 14], "rotation": 180, "texture": "#0"},
				"down": {"uv": [11, 15, 13, 16], "texture": "#0"}
			}
		},
		{
			"name": "brain_coral_31",
			"from": [2, -0.1, 8],
			"to": [3, 1.9, 9],
			"rotation": {"angle": -45, "axis": "y", "origin": [8.1, 6.52857, 8.5]},
			"faces": {
				"north": {"uv": [2, 16, 3, 14], "rotation": 180, "texture": "#0"},
				"east": {"uv": [2, 14, 3, 16], "texture": "#0"},
				"south": {"uv": [2, 14, 3, 16], "texture": "#0"},
				"west": {"uv": [2, 14, 3, 16], "texture": "#0"},
				"up": {"uv": [3, 14, 2, 15], "rotation": 180, "texture": "#0"},
				"down": {"uv": [2, 15, 3, 16], "texture": "#0"}
			}
		},
		{
			"name": "brain_coral_32",
			"from": [5, -0.1, 8],
			"to": [6, 1.9, 9],
			"rotation": {"angle": -45, "axis": "y", "origin": [8.1, 6.52857, 8.5]},
			"faces": {
				"north": {"uv": [5, 16, 6, 14], "rotation": 180, "texture": "#0"},
				"east": {"uv": [5, 14, 6, 16], "texture": "#0"},
				"south": {"uv": [5, 14, 6, 16], "texture": "#0"},
				"west": {"uv": [5, 14, 6, 16], "texture": "#0"},
				"up": {"uv": [6, 14, 5, 15], "rotation": 180, "texture": "#0"},
				"down": {"uv": [5, 15, 6, 16], "texture": "#0"}
			}
		},
		{
			"name": "brain_coral_33",
			"from": [7, -0.1, 8],
			"to": [8, 1.9, 9],
			"rotation": {"angle": -45, "axis": "y", "origin": [8.1, 6.52857, 8.5]},
			"faces": {
				"north": {"uv": [7, 16, 8, 14], "rotation": 180, "texture": "#0"},
				"east": {"uv": [7, 14, 8, 16], "texture": "#0"},
				"south": {"uv": [7, 14, 8, 16], "texture": "#0"},
				"west": {"uv": [7, 14, 8, 16], "texture": "#0"},
				"up": {"uv": [8, 14, 7, 15], "rotation": 180, "texture": "#0"},
				"down": {"uv": [7, 15, 8, 16], "texture": "#0"}
			}
		},
		{
			"name": "brain_coral_34",
			"from": [9, -0.1, 8],
			"to": [10, 1.9, 9],
			"rotation": {"angle": -45, "axis": "y", "origin": [8.1, 6.52857, 8.5]},
			"faces": {
				"north": {"uv": [9, 16, 10, 14], "rotation": 180, "texture": "#0"},
				"east": {"uv": [9, 14, 10, 16], "texture": "#0"},
				"south": {"uv": [9, 14, 10, 16], "texture": "#0"},
				"west": {"uv": [9, 14, 10, 16], "texture": "#0"},
				"up": {"uv": [10, 14, 9, 15], "rotation": 180, "texture": "#0"},
				"down": {"uv": [9, 15, 10, 16], "texture": "#0"}
			}
		}
	],
	"groups": [
		{
			"name": "brain_coral",
			"origin": [8, 8, 8],
			"children": [0, 1, 2, 3, 4, 5, 6, 7, 8, 9, 10, 11, 12, 13, 14, 15, 16, 17, 18, 19, 20, 21, 22, 23, 24, 25, 26, 27, 28, 29, 30, 31, 32, 33, 34,
				{
					"name": "brain_coral",
					"origin": [8, 8, 8],
					"children": [35, 36, 37, 38, 39, 40, 41, 42, 43, 44, 45, 46, 47, 48, 49, 50, 51, 52, 53, 54, 55, 56, 57, 58, 59, 60, 61, 62, 63, 64, 65, 66, 67, 68, 69]
				}
			]
		}
	]
}