{
	"credit": "Yuushya",
	"textures": {
		"0": "block/bubble_coral",
		"particle": "block/bubble_coral"
	},
	"elements": [
		{
			"name": "bubble_coral_0",
			"from": [3, 8, 6.6],
			"to": [5, 10, 7.6],
			"rotation": {"angle": -45, "axis": "y", "origin": [7.61765, 4.17647, 7.5]},
			"faces": {
				"north": {"uv": [3, 8, 5, 6], "rotation": 180, "texture": "#0"},
				"east": {"uv": [4, 6, 5, 8], "texture": "#0"},
				"south": {"uv": [3, 6, 5, 8], "texture": "#0"},
				"west": {"uv": [3, 6, 4, 8], "texture": "#0"},
				"up": {"uv": [5, 6, 3, 7], "rotation": 180, "texture": "#0"},
				"down": {"uv": [3, 7, 5, 8], "texture": "#0"}
			}
		},
		{
			"name": "bubble_coral_0",
			"from": [3, 8, 7.6],
			"to": [5, 10, 8.6],
			"rotation": {"angle": -45, "axis": "y", "origin": [7.61765, 4.17647, 7.5]},
			"faces": {
				"north": {"uv": [3, 8, 5, 6], "rotation": 180, "texture": "#0"},
				"east": {"uv": [4, 6, 5, 8], "texture": "#0"},
				"south": {"uv": [3, 6, 5, 8], "texture": "#0"},
				"west": {"uv": [4, 6, 5, 8], "texture": "#0"},
				"up": {"uv": [5, 6, 3, 7], "rotation": 180, "texture": "#0"},
				"down": {"uv": [3, 7, 5, 8], "texture": "#0"}
			}
		},
		{
			"name": "bubble_coral_1",
			"from": [5, 0, 7],
			"to": [6, 9, 8],
			"rotation": {"angle": -45, "axis": "y", "origin": [7.61765, 4.17647, 7.5]},
			"faces": {
				"north": {"uv": [5, 16, 6, 7], "rotation": 180, "texture": "#0"},
				"east": {"uv": [5, 7, 6, 16], "texture": "#0"},
				"south": {"uv": [5, 7, 6, 16], "texture": "#0"},
				"west": {"uv": [5, 7, 6, 16], "texture": "#0"},
				"up": {"uv": [6, 7, 5, 8], "rotation": 180, "texture": "#0"},
				"down": {"uv": [5, 15, 6, 16], "texture": "#0"}
			}
		},
		{
			"name": "bubble_coral_2",
			"from": [7, 0, 7],
			"to": [9, 9, 8],
			"rotation": {"angle": -45, "axis": "y", "origin": [7.61765, 4.17647, 7.5]},
			"faces": {
				"north": {"uv": [7, 16, 9, 7], "rotation": 180, "texture": "#0"},
				"east": {"uv": [8, 7, 9, 16], "texture": "#0"},
				"south": {"uv": [7, 7, 9, 16], "texture": "#0"},
				"west": {"uv": [7, 7, 8, 16], "texture": "#0"},
				"up": {"uv": [9, 7, 7, 8], "rotation": 180, "texture": "#0"},
				"down": {"uv": [7, 15, 9, 16], "texture": "#0"}
			}
		},
		{
			"name": "bubble_coral_3",
			"from": [13, 7, 7],
			"to": [15, 9, 8],
			"rotation": {"angle": -45, "axis": "y", "origin": [7.61765, 4.17647, 7.5]},
			"faces": {
				"north": {"uv": [13, 9, 15, 7], "rotation": 180, "texture": "#0"},
				"east": {"uv": [14, 7, 15, 9], "texture": "#0"},
				"south": {"uv": [13, 7, 15, 9], "texture": "#0"},
				"west": {"uv": [13, 7, 14, 9], "texture": "#0"},
				"up": {"uv": [15, 7, 13, 8], "rotation": 180, "texture": "#0"},
				"down": {"uv": [13, 8, 15, 9], "texture": "#0"}
			}
		},
		{
			"name": "bubble_coral_4",
			"from": [4, 7, 7],
			"to": [5, 8, 8],
			"rotation": {"angle": -45, "axis": "y", "origin": [7.61765, 4.17647, 7.5]},
			"faces": {
				"north": {"uv": [4, 9, 5, 8], "rotation": 180, "texture": "#0"},
				"east": {"uv": [4, 8, 5, 9], "texture": "#0"},
				"south": {"uv": [4, 8, 5, 9], "texture": "#0"},
				"west": {"uv": [4, 8, 5, 9], "texture": "#0"},
				"up": {"uv": [5, 8, 4, 9], "rotation": 180, "texture": "#0"},
				"down": {"uv": [4, 8, 5, 9], "texture": "#0"}
			}
		},
		{
			"name": "bubble_coral_5",
			"from": [9, 0, 7],
			"to": [10, 8, 8],
			"rotation": {"angle": -45, "axis": "y", "origin": [7.61765, 4.17647, 7.5]},
			"faces": {
				"north": {"uv": [9, 16, 10, 8], "rotation": 180, "texture": "#0"},
				"east": {"uv": [9, 8, 10, 16], "texture": "#0"},
				"south": {"uv": [9, 8, 10, 16], "texture": "#0"},
				"west": {"uv": [9, 8, 10, 16], "texture": "#0"},
				"up": {"uv": [10, 8, 9, 9], "rotation": 180, "texture": "#0"},
				"down": {"uv": [9, 15, 10, 16], "texture": "#0"}
			}
		},
		{
			"name": "bubble_coral_6",
			"from": [12, 0, 7],
			"to": [13, 8, 8],
			"rotation": {"angle": -45, "axis": "y", "origin": [7.61765, 4.17647, 7.5]},
			"faces": {
				"north": {"uv": [12, 16, 13, 8], "rotation": 180, "texture": "#0"},
				"east": {"uv": [12, 8, 13, 16], "texture": "#0"},
				"south": {"uv": [12, 8, 13, 16], "texture": "#0"},
				"west": {"uv": [12, 8, 13, 16], "texture": "#0"},
				"up": {"uv": [13, 8, 12, 9], "rotation": 180, "texture": "#0"},
				"down": {"uv": [12, 15, 13, 16], "texture": "#0"}
			}
		},
		{
			"name": "bubble_coral_7",
			"from": [6, 0, 7],
			"to": [7, 7, 8],
			"rotation": {"angle": -45, "axis": "y", "origin": [7.61765, 4.17647, 7.5]},
			"faces": {
				"north": {"uv": [6, 16, 7, 9], "rotation": 180, "texture": "#0"},
				"east": {"uv": [6, 9, 7, 16], "texture": "#0"},
				"south": {"uv": [6, 9, 7, 16], "texture": "#0"},
				"west": {"uv": [6, 9, 7, 16], "texture": "#0"},
				"up": {"uv": [7, 9, 6, 10], "rotation": 180, "texture": "#0"},
				"down": {"uv": [6, 15, 7, 16], "texture": "#0"}
			}
		},
		{
			"name": "bubble_coral_8",
			"from": [11, 0, 7],
			"to": [12, 7, 8],
			"rotation": {"angle": -45, "axis": "y", "origin": [7.61765, 4.17647, 7.5]},
			"faces": {
				"north": {"uv": [11, 16, 12, 9], "rotation": 180, "texture": "#0"},
				"east": {"uv": [11, 9, 12, 16], "texture": "#0"},
				"south": {"uv": [11, 9, 12, 16], "texture": "#0"},
				"west": {"uv": [11, 9, 12, 16], "texture": "#0"},
				"up": {"uv": [12, 9, 11, 10], "rotation": 180, "texture": "#0"},
				"down": {"uv": [11, 15, 12, 16], "texture": "#0"}
			}
		},
		{
			"name": "bubble_coral_9",
			"from": [13, 3, 7],
			"to": [14, 7, 8],
			"rotation": {"angle": -45, "axis": "y", "origin": [7.61765, 4.17647, 7.5]},
			"faces": {
				"north": {"uv": [13, 13, 14, 9], "rotation": 180, "texture": "#0"},
				"east": {"uv": [13, 9, 14, 13], "texture": "#0"},
				"south": {"uv": [13, 9, 14, 13], "texture": "#0"},
				"west": {"uv": [13, 9, 14, 13], "texture": "#0"},
				"up": {"uv": [14, 9, 13, 10], "rotation": 180, "texture": "#0"},
				"down": {"uv": [13, 12, 14, 13], "texture": "#0"}
			}
		},
		{
			"name": "bubble_coral_10",
			"from": [1, 4, 7],
			"to": [4, 6, 8],
			"rotation": {"angle": -45, "axis": "y", "origin": [7.61765, 4.17647, 7.5]},
			"faces": {
				"north": {"uv": [1, 12, 4, 10], "rotation": 180, "texture": "#0"},
				"east": {"uv": [3, 10, 4, 12], "texture": "#0"},
				"south": {"uv": [1, 10, 4, 12], "texture": "#0"},
				"west": {"uv": [1, 10, 2, 12], "texture": "#0"},
				"up": {"uv": [4, 10, 1, 11], "rotation": 180, "texture": "#0"},
				"down": {"uv": [1, 11, 4, 12], "texture": "#0"}
			}
		},
		{
			"name": "bubble_coral_11",
			"from": [10, 0, 7],
			"to": [11, 6, 8],
			"rotation": {"angle": -45, "axis": "y", "origin": [7.61765, 4.17647, 7.5]},
			"faces": {
				"north": {"uv": [10, 16, 11, 10], "rotation": 180, "texture": "#0"},
				"east": {"uv": [10, 10, 11, 16], "texture": "#0"},
				"south": {"uv": [10, 10, 11, 16], "texture": "#0"},
				"west": {"uv": [10, 10, 11, 16], "texture": "#0"},
				"up": {"uv": [11, 10, 10, 11], "rotation": 180, "texture": "#0"},
				"down": {"uv": [10, 15, 11, 16], "texture": "#0"}
			}
		},
		{
			"name": "bubble_coral_12",
			"from": [4, 0, 7],
			"to": [5, 5, 8],
			"rotation": {"angle": -45, "axis": "y", "origin": [7.61765, 4.17647, 7.5]},
			"faces": {
				"north": {"uv": [4, 16, 5, 11], "rotation": 180, "texture": "#0"},
				"east": {"uv": [4, 11, 5, 16], "texture": "#0"},
				"south": {"uv": [4, 11, 5, 16], "texture": "#0"},
				"west": {"uv": [4, 11, 5, 16], "texture": "#0"},
				"up": {"uv": [5, 11, 4, 12], "rotation": 180, "texture": "#0"},
				"down": {"uv": [4, 15, 5, 16], "texture": "#0"}
			}
		},
		{
			"name": "bubble_coral_13",
			"from": [2, 3, 7],
			"to": [4, 4, 8],
			"rotation": {"angle": -45, "axis": "y", "origin": [7.61765, 4.17647, 7.5]},
			"faces": {
				"north": {"uv": [2, 13, 4, 12], "rotation": 180, "texture": "#0"},
				"east": {"uv": [3, 12, 4, 13], "texture": "#0"},
				"south": {"uv": [2, 12, 4, 13], "texture": "#0"},
				"west": {"uv": [2, 12, 3, 13], "texture": "#0"},
				"up": {"uv": [4, 12, 2, 13], "rotation": 180, "texture": "#0"},
				"down": {"uv": [2, 12, 4, 13], "texture": "#0"}
			}
		},
		{
			"name": "bubble_coral_14",
			"from": [3, 0, 7],
			"to": [4, 3, 8],
			"rotation": {"angle": -45, "axis": "y", "origin": [7.61765, 4.17647, 7.5]},
			"faces": {
				"north": {"uv": [3, 16, 4, 13], "rotation": 180, "texture": "#0"},
				"east": {"uv": [3, 13, 4, 16], "texture": "#0"},
				"south": {"uv": [3, 13, 4, 16], "texture": "#0"},
				"west": {"uv": [3, 13, 4, 16], "texture": "#0"},
				"up": {"uv": [4, 13, 3, 14], "rotation": 180, "texture": "#0"},
				"down": {"uv": [3, 15, 4, 16], "texture": "#0"}
			}
		},
		{
			"name": "bubble_coral_15",
			"from": [1, 0, 7],
			"to": [3, 2, 8],
			"rotation": {"angle": -45, "axis": "y", "origin": [7.61765, 4.17647, 7.5]},
			"faces": {
				"north": {"uv": [1, 16, 3, 14], "rotation": 180, "texture": "#0"},
				"east": {"uv": [2, 14, 3, 16], "texture": "#0"},
				"south": {"uv": [1, 14, 3, 16], "texture": "#0"},
				"west": {"uv": [1, 14, 2, 16], "texture": "#0"},
				"up": {"uv": [3, 14, 1, 15], "rotation": 180, "texture": "#0"},
				"down": {"uv": [1, 15, 3, 16], "texture": "#0"}
			}
		},
		{
			"name": "bubble_coral_16",
			"from": [13, 0, 7],
			"to": [15, 2, 8],
			"rotation": {"angle": -45, "axis": "y", "origin": [7.61765, 4.17647, 7.5]},
			"faces": {
				"north": {"uv": [13, 16, 15, 14], "rotation": 180, "texture": "#0"},
				"east": {"uv": [14, 14, 15, 16], "texture": "#0"},
				"south": {"uv": [13, 14, 15, 16], "texture": "#0"},
				"west": {"uv": [13, 14, 14, 16], "texture": "#0"},
				"up": {"uv": [15, 14, 13, 15], "rotation": 180, "texture": "#0"},
				"down": {"uv": [13, 15, 15, 16], "texture": "#0"}
			}
		},
		{
			"name": "bubble_coral_0",
			"from": [3, 7.9, 7],
			"to": [5, 9.9, 8],
			"rotation": {"angle": 45, "axis": "y", "origin": [7.61765, 4.07647, 7.5]},
			"faces": {
				"north": {"uv": [3, 8, 5, 6], "rotation": 180, "texture": "#0"},
				"east": {"uv": [4, 6, 5, 8], "texture": "#0"},
				"south": {"uv": [3, 6, 5, 8], "texture": "#0"},
				"west": {"uv": [3, 6, 4, 8], "texture": "#0"},
				"up": {"uv": [5, 6, 3, 7], "rotation": 180, "texture": "#0"},
				"down": {"uv": [3, 7, 5, 8], "texture": "#0"}
			}
		},
		{
			"name": "bubble_coral_1",
			"from": [5, -0.1, 7],
			"to": [6, 8.9, 8],
			"rotation": {"angle": 45, "axis": "y", "origin": [7.61765, 4.07647, 7.5]},
			"faces": {
				"north": {"uv": [5, 16, 6, 7], "rotation": 180, "texture": "#0"},
				"east": {"uv": [5, 7, 6, 16], "texture": "#0"},
				"south": {"uv": [5, 7, 6, 16], "texture": "#0"},
				"west": {"uv": [5, 7, 6, 16], "texture": "#0"},
				"up": {"uv": [6, 7, 5, 8], "rotation": 180, "texture": "#0"},
				"down": {"uv": [5, 15, 6, 16], "texture": "#0"}
			}
		},
		{
			"name": "bubble_coral_2",
			"from": [7, -0.1, 7],
			"to": [9, 8.9, 8],
			"rotation": {"angle": 45, "axis": "y", "origin": [7.61765, 4.07647, 7.5]},
			"faces": {
				"north": {"uv": [7, 16, 9, 7], "rotation": 180, "texture": "#0"},
				"east": {"uv": [8, 7, 9, 16], "texture": "#0"},
				"south": {"uv": [7, 7, 9, 16], "texture": "#0"},
				"west": {"uv": [7, 7, 8, 16], "texture": "#0"},
				"up": {"uv": [9, 7, 7, 8], "rotation": 180, "texture": "#0"},
				"down": {"uv": [7, 15, 9, 16], "texture": "#0"}
			}
		},
		{
			"name": "bubble_coral_3",
			"from": [13, 6.9, 7],
			"to": [15, 8.9, 8],
			"rotation": {"angle": 45, "axis": "y", "origin": [7.61765, 4.07647, 7.5]},
			"faces": {
				"north": {"uv": [13, 9, 15, 7], "rotation": 180, "texture": "#0"},
				"east": {"uv": [14, 7, 15, 9], "texture": "#0"},
				"south": {"uv": [13, 7, 15, 9], "texture": "#0"},
				"west": {"uv": [13, 7, 14, 9], "texture": "#0"},
				"up": {"uv": [15, 7, 13, 8], "rotation": 180, "texture": "#0"},
				"down": {"uv": [13, 8, 15, 9], "texture": "#0"}
			}
		},
		{
			"name": "bubble_coral_4",
			"from": [4, 6.9, 7],
			"to": [5, 7.9, 8],
			"rotation": {"angle": 45, "axis": "y", "origin": [7.61765, 4.07647, 7.5]},
			"faces": {
				"north": {"uv": [4, 9, 5, 8], "rotation": 180, "texture": "#0"},
				"east": {"uv": [4, 8, 5, 9], "texture": "#0"},
				"south": {"uv": [4, 8, 5, 9], "texture": "#0"},
				"west": {"uv": [4, 8, 5, 9], "texture": "#0"},
				"up": {"uv": [5, 8, 4, 9], "rotation": 180, "texture": "#0"},
				"down": {"uv": [4, 8, 5, 9], "texture": "#0"}
			}
		},
		{
			"name": "bubble_coral_5",
			"from": [9, -0.1, 7],
			"to": [10, 7.9, 8],
			"rotation": {"angle": 45, "axis": "y", "origin": [7.61765, 4.07647, 7.5]},
			"faces": {
				"north": {"uv": [9, 16, 10, 8], "rotation": 180, "texture": "#0"},
				"east": {"uv": [9, 8, 10, 16], "texture": "#0"},
				"south": {"uv": [9, 8, 10, 16], "texture": "#0"},
				"west": {"uv": [9, 8, 10, 16], "texture": "#0"},
				"up": {"uv": [10, 8, 9, 9], "rotation": 180, "texture": "#0"},
				"down": {"uv": [9, 15, 10, 16], "texture": "#0"}
			}
		},
		{
			"name": "bubble_coral_6",
			"from": [12, -0.1, 7],
			"to": [13, 7.9, 8],
			"rotation": {"angle": 45, "axis": "y", "origin": [7.61765, 4.07647, 7.5]},
			"faces": {
				"north": {"uv": [12, 16, 13, 8], "rotation": 180, "texture": "#0"},
				"east": {"uv": [12, 8, 13, 16], "texture": "#0"},
				"south": {"uv": [12, 8, 13, 16], "texture": "#0"},
				"west": {"uv": [12, 8, 13, 16], "texture": "#0"},
				"up": {"uv": [13, 8, 12, 9], "rotation": 180, "texture": "#0"},
				"down": {"uv": [12, 15, 13, 16], "texture": "#0"}
			}
		},
		{
			"name": "bubble_coral_7",
			"from": [6, -0.1, 7],
			"to": [7, 6.9, 8],
			"rotation": {"angle": 45, "axis": "y", "origin": [7.61765, 4.07647, 7.5]},
			"faces": {
				"north": {"uv": [6, 16, 7, 9], "rotation": 180, "texture": "#0"},
				"east": {"uv": [6, 9, 7, 16], "texture": "#0"},
				"south": {"uv": [6, 9, 7, 16], "texture": "#0"},
				"west": {"uv": [6, 9, 7, 16], "texture": "#0"},
				"up": {"uv": [7, 9, 6, 10], "rotation": 180, "texture": "#0"},
				"down": {"uv": [6, 15, 7, 16], "texture": "#0"}
			}
		},
		{
			"name": "bubble_coral_8",
			"from": [11, -0.1, 7],
			"to": [12, 6.9, 8],
			"rotation": {"angle": 45, "axis": "y", "origin": [7.61765, 4.07647, 7.5]},
			"faces": {
				"north": {"uv": [11, 16, 12, 9], "rotation": 180, "texture": "#0"},
				"east": {"uv": [11, 9, 12, 16], "texture": "#0"},
				"south": {"uv": [11, 9, 12, 16], "texture": "#0"},
				"west": {"uv": [11, 9, 12, 16], "texture": "#0"},
				"up": {"uv": [12, 9, 11, 10], "rotation": 180, "texture": "#0"},
				"down": {"uv": [11, 15, 12, 16], "texture": "#0"}
			}
		},
		{
			"name": "bubble_coral_9",
			"from": [13, 2.9, 7],
			"to": [14, 6.9, 8],
			"rotation": {"angle": 45, "axis": "y", "origin": [7.61765, 4.07647, 7.5]},
			"faces": {
				"north": {"uv": [13, 13, 14, 9], "rotation": 180, "texture": "#0"},
				"east": {"uv": [13, 9, 14, 13], "texture": "#0"},
				"south": {"uv": [13, 9, 14, 13], "texture": "#0"},
				"west": {"uv": [13, 9, 14, 13], "texture": "#0"},
				"up": {"uv": [14, 9, 13, 10], "rotation": 180, "texture": "#0"},
				"down": {"uv": [13, 12, 14, 13], "texture": "#0"}
			}
		},
		{
			"name": "bubble_coral_10",
			"from": [1, 3.9, 7],
			"to": [4, 5.9, 8],
			"rotation": {"angle": 45, "axis": "y", "origin": [7.61765, 4.07647, 7.5]},
			"faces": {
				"north": {"uv": [1, 12, 4, 10], "rotation": 180, "texture": "#0"},
				"east": {"uv": [3, 10, 4, 12], "texture": "#0"},
				"south": {"uv": [1, 10, 4, 12], "texture": "#0"},
				"west": {"uv": [1, 10, 2, 12], "texture": "#0"},
				"up": {"uv": [4, 10, 1, 11], "rotation": 180, "texture": "#0"},
				"down": {"uv": [1, 11, 4, 12], "texture": "#0"}
			}
		},
		{
			"name": "bubble_coral_11",
			"from": [10, -0.1, 7],
			"to": [11, 5.9, 8],
			"rotation": {"angle": 45, "axis": "y", "origin": [7.61765, 4.07647, 7.5]},
			"faces": {
				"north": {"uv": [10, 16, 11, 10], "rotation": 180, "texture": "#0"},
				"east": {"uv": [10, 10, 11, 16], "texture": "#0"},
				"south": {"uv": [10, 10, 11, 16], "texture": "#0"},
				"west": {"uv": [10, 10, 11, 16], "texture": "#0"},
				"up": {"uv": [11, 10, 10, 11], "rotation": 180, "texture": "#0"},
				"down": {"uv": [10, 15, 11, 16], "texture": "#0"}
			}
		},
		{
			"name": "bubble_coral_12",
			"from": [4, -0.1, 7],
			"to": [5, 4.9, 8],
			"rotation": {"angle": 45, "axis": "y", "origin": [7.61765, 4.07647, 7.5]},
			"faces": {
				"north": {"uv": [4, 16, 5, 11], "rotation": 180, "texture": "#0"},
				"east": {"uv": [4, 11, 5, 16], "texture": "#0"},
				"south": {"uv": [4, 11, 5, 16], "texture": "#0"},
				"west": {"uv": [4, 11, 5, 16], "texture": "#0"},
				"up": {"uv": [5, 11, 4, 12], "rotation": 180, "texture": "#0"},
				"down": {"uv": [4, 15, 5, 16], "texture": "#0"}
			}
		},
		{
			"name": "bubble_coral_13",
			"from": [2, 2.9, 7],
			"to": [4, 3.9, 8],
			"rotation": {"angle": 45, "axis": "y", "origin": [7.61765, 4.07647, 7.5]},
			"faces": {
				"north": {"uv": [2, 13, 4, 12], "rotation": 180, "texture": "#0"},
				"east": {"uv": [3, 12, 4, 13], "texture": "#0"},
				"south": {"uv": [2, 12, 4, 13], "texture": "#0"},
				"west": {"uv": [2, 12, 3, 13], "texture": "#0"},
				"up": {"uv": [4, 12, 2, 13], "rotation": 180, "texture": "#0"},
				"down": {"uv": [2, 12, 4, 13], "texture": "#0"}
			}
		},
		{
			"name": "bubble_coral_14",
			"from": [3, -0.1, 7],
			"to": [4, 2.9, 8],
			"rotation": {"angle": 45, "axis": "y", "origin": [7.61765, 4.07647, 7.5]},
			"faces": {
				"north": {"uv": [3, 16, 4, 13], "rotation": 180, "texture": "#0"},
				"east": {"uv": [3, 13, 4, 16], "texture": "#0"},
				"south": {"uv": [3, 13, 4, 16], "texture": "#0"},
				"west": {"uv": [3, 13, 4, 16], "texture": "#0"},
				"up": {"uv": [4, 13, 3, 14], "rotation": 180, "texture": "#0"},
				"down": {"uv": [3, 15, 4, 16], "texture": "#0"}
			}
		},
		{
			"name": "bubble_coral_15",
			"from": [1, -0.1, 7],
			"to": [3, 1.9, 8],
			"rotation": {"angle": 45, "axis": "y", "origin": [7.61765, 4.07647, 7.5]},
			"faces": {
				"north": {"uv": [1, 16, 3, 14], "rotation": 180, "texture": "#0"},
				"east": {"uv": [2, 14, 3, 16], "texture": "#0"},
				"south": {"uv": [1, 14, 3, 16], "texture": "#0"},
				"west": {"uv": [1, 14, 2, 16], "texture": "#0"},
				"up": {"uv": [3, 14, 1, 15], "rotation": 180, "texture": "#0"},
				"down": {"uv": [1, 15, 3, 16], "texture": "#0"}
			}
		},
		{
			"name": "bubble_coral_16",
			"from": [13, -0.1, 7],
			"to": [15, 1.9, 8],
			"rotation": {"angle": 45, "axis": "y", "origin": [7.61765, 4.07647, 7.5]},
			"faces": {
				"north": {"uv": [13, 16, 15, 14], "rotation": 180, "texture": "#0"},
				"east": {"uv": [14, 14, 15, 16], "texture": "#0"},
				"south": {"uv": [13, 14, 15, 16], "texture": "#0"},
				"west": {"uv": [13, 14, 14, 16], "texture": "#0"},
				"up": {"uv": [15, 14, 13, 15], "rotation": 180, "texture": "#0"},
				"down": {"uv": [13, 15, 15, 16], "texture": "#0"}
			}
		}
	],
	"groups": [
		{
			"name": "bubble_coral",
			"origin": [8, 8, 8],
			"children": [0, 1, 2, 3, 4, 5, 6, 7, 8, 9, 10, 11, 12, 13, 14, 15, 16, 17]
		},
		{
			"name": "bubble_coral",
			"origin": [8, 8, 8],
			"children": [18, 19, 20, 21, 22, 23, 24, 25, 26, 27, 28, 29, 30, 31, 32, 33, 34]
		}
	]
}