{
	"credit": "Yuushya",
	"textures": {
		"1": "block/cake/cake_top3",
		"2": "block/cake/cake_side3",
		"3": "block/cake/cake_inner",
		"4": "block/cake/plate",
		"particle": "block/cake/cake_top3"
	},
	"elements": [
		{
			"from": [0, 0, 0],
			"to": [16, 1, 16],
			"faces": {
				"north": {"uv": [0, 0, 16, 1], "texture": "#4"},
				"east": {"uv": [0, 0, 16, 1], "texture": "#4"},
				"south": {"uv": [0, 0, 16, 1], "texture": "#4"},
				"west": {"uv": [0, 0, 16, 1], "texture": "#4"},
				"up": {"uv": [0, 0, 16, 16], "texture": "#4"},
				"down": {"uv": [0, 0, 16, 16], "texture": "#4"}
			}
		},
		{
			"name": "cake_top3_2",
			"from": [11, 1, 2],
			"to": [13, 9, 14],
			
			"faces": {
				"north": {"uv": [5, 8, 6, 16], "texture": "#2"},
				"east": {"uv": [5, 8, 6, 16], "texture": "#2"},
				"south": {"uv": [5, 8, 7, 16], "texture": "#2"},
				"west": {"uv": [2, 8, 14, 16], "texture": "#3"},
				"up": {"uv": [11, 2, 13, 14], "texture": "#1"},
				"down": {"uv": [11, 14, 13, 2], "texture": "#1"}
			}
		},
		{
			"name": "cake_top3_4",
			"from": [13, 1, 3],
			"to": [14, 9, 13],
			
			"faces": {
				"north": {"uv": [5, 8, 6, 16], "texture": "#2"},
				"east": {"uv": [5, 8, 6, 16], "texture": "#2"},
				"south": {"uv": [1, 8, 2, 16], "texture": "#2"},
				"west": {"uv": [5, 8, 6, 16], "texture": "#2"},
				"up": {"uv": [13, 3, 14, 13], "texture": "#1"},
				"down": {"uv": [13, 13, 14, 3], "texture": "#1"}
			}
		},
		{
			"name": "cake_top3_6",
			"from": [14, 1, 5],
			"to": [15, 9, 11],
			
			"faces": {
				"north": {"uv": [5, 8, 6, 16], "texture": "#2"},
				"east": {"uv": [5, 8, 11, 16], "texture": "#2"},
				"south": {"uv": [1, 8, 2, 16], "texture": "#2"},
				"west": {"uv": [5, 8, 6, 16], "texture": "#2"},
				"up": {"uv": [14, 5, 15, 11], "texture": "#1"},
				"down": {"uv": [14, 11, 15, 5], "texture": "#1"}
			}
		},
		{
			"from": [12, 9, 7],
			"to": [14, 9.5, 9],
			
			"faces": {
				"north": {"uv": [3, 3, 5, 4], "texture": "#1"},
				"east": {"uv": [3, 3, 5, 4], "texture": "#1"},
				"south": {"uv": [3, 3, 5, 4], "texture": "#1"},
				"west": {"uv": [3, 3, 5, 4], "texture": "#1"},
				"up": {"uv": [3, 3, 5, 5], "texture": "#1"},
				"down": {"uv": [0, 0, 2, 2], "texture": "#1"}
			}
		},
		{
			"from": [11, 9, 11],
			"to": [13, 9.5, 13],
			
			"faces": {
				"north": {"uv": [3, 3, 5, 4], "texture": "#1"},
				"east": {"uv": [3, 3, 5, 4], "texture": "#1"},
				"south": {"uv": [3, 3, 5, 4], "texture": "#1"},
				"west": {"uv": [3, 3, 5, 4], "texture": "#1"},
				"up": {"uv": [3, 3, 5, 5], "texture": "#1"},
				"down": {"uv": [0, 0, 2, 2], "texture": "#1"}
			}
		},
		{
			"from": [11, 9, 3],
			"to": [13, 9.5, 5],
			
			"faces": {
				"north": {"uv": [3, 3, 5, 4], "texture": "#1"},
				"east": {"uv": [3, 3, 5, 4], "texture": "#1"},
				"south": {"uv": [3, 3, 5, 4], "texture": "#1"},
				"west": {"uv": [3, 3, 5, 4], "texture": "#1"},
				"up": {"uv": [3, 3, 5, 5], "texture": "#1"},
				"down": {"uv": [0, 0, 2, 2], "texture": "#1"}
			}
		}
	],
	"groups": [
		{
			"name": "group",
			"origin": [17, 16, 18],
			"children": []
		}, 0,
		{
			"name": "cake_top3",
			"origin": [8, 8, 8],
			"children": [1, 2, 3]
		}, 4, 5, 6]
}