{
	"credit": "Yuushya",
	"textures": {
		"1": "block/cake/cake_top3",
		"2": "block/cake/cake_side3",
		"3": "block/cake/cake_inner",
		"4": "block/cake/plate",
		"particle": "block/cake/cake_top3"
	},
	"elements": [
		{
			"from": [0, 0, 0],
			"to": [16, 1, 16],
			"faces": {
				"north": {"uv": [0, 0, 16, 1], "texture": "#4"},
				"east": {"uv": [0, 0, 16, 1], "texture": "#4"},
				"south": {"uv": [0, 0, 16, 1], "texture": "#4"},
				"west": {"uv": [0, 0, 16, 1], "texture": "#4"},
				"up": {"uv": [0, 0, 16, 16], "texture": "#4"},
				"down": {"uv": [0, 0, 16, 16], "texture": "#4"}
			}
		},
		{
			"name": "cake_top3_4",
			"from": [13, 1, 3],
			"to": [14, 9, 13],
			
			"faces": {
				"north": {"uv": [5, 8, 6, 16], "texture": "#2"},
				"east": {"uv": [5, 8, 6, 16], "texture": "#2"},
				"south": {"uv": [1, 8, 2, 16], "texture": "#2"},
				"west": {"uv": [3, 8, 13, 16], "texture": "#3"},
				"up": {"uv": [5, 3, 6, 13], "texture": "#1"},
				"down": {"uv": [13, 13, 14, 3], "texture": "#1"}
			}
		},
		{
			"name": "cake_top3_6",
			"from": [14, 1, 5],
			"to": [15, 9, 11],
			
			"faces": {
				"north": {"uv": [5, 8, 6, 16], "texture": "#2"},
				"east": {"uv": [5, 8, 11, 16], "texture": "#2"},
				"south": {"uv": [1, 8, 2, 16], "texture": "#2"},
				"west": {"uv": [5, 8, 6, 16], "texture": "#2"},
				"up": {"uv": [14, 5, 15, 11], "texture": "#1"},
				"down": {"uv": [14, 11, 15, 5], "texture": "#1"}
			}
		}
	],
	"groups": [
		{
			"name": "group",
			"origin": [17, 16, 18],
			"children": []
		}, 0,
		{
			"name": "cake_top3",
			"origin": [8, 8, 8],
			"children": [1, 2]
		}
	]
}