{
	"credit": "Yuushya",
	"ambientocclusion": false,
	"textures": {
		"0": "block/amethyst_",
		"4": "block/sculk_shrieker_side",
		"5": "block/reinforced_deepslate_bottom",
		"6": "block/sculk_gradient",
		"7": "block/sculk_shrieker_top",
		"main": "block/azure/butterfly",
		"particle": "block/amethyst_"
	},
	"elements": [
		{
			"from": [0, 0, 0],
			"to": [16, 6, 16],
			"faces": {
				"north": {"uv": [0, 0, 16, 6], "texture": "#6"},
				"east": {"uv": [0, 0, 16, 6], "texture": "#6"},
				"south": {"uv": [0, 0, 16, 6], "texture": "#6"},
				"west": {"uv": [0, 0, 16, 6], "texture": "#6"},
				"up": {"uv": [0, 0, 16, 16], "texture": "#6"},
				"down": {"uv": [0, 0, 16, 16], "texture": "#5"}
			}
		},
		{
			"from": [6, 14.55, 7.45],
			"to": [10.5, 18.05, 7.45],
			"rotation": {"angle": -22.5, "axis": "x", "origin": [8.25, 14.3, 7.45]},
			"faces": {
				"north": {"uv": [1.3125, 0, 0, 1.75], "rotation": 270, "texture": "#main"},
				"east": {"uv": [0, 0, 0, 0], "rotation": 270, "texture": "#main"},
				"south": {"uv": [0, 0, 1.3125, 1.75], "rotation": 90, "texture": "#main"},
				"west": {"uv": [0, 0, 0, 0], "rotation": 90, "texture": "#main"},
				"up": {"uv": [0, 0, 0, 0], "rotation": 180, "texture": "#main"},
				"down": {"uv": [0, 0, 0, 0], "texture": "#main"}
			}
		},
		{
			"from": [6, 14.55, 7.45],
			"to": [10.5, 18.05, 7.45],
			"rotation": {"angle": 22.5, "axis": "x", "origin": [8.25, 14.3, 7.45]},
			"faces": {
				"north": {"uv": [1.3125, 0, 0, 1.75], "rotation": 270, "texture": "#main"},
				"east": {"uv": [0, 0, 0.4375, 0], "rotation": 270, "texture": "#main"},
				"south": {"uv": [0, 0, 1.3125, 1.75], "rotation": 90, "texture": "#main"},
				"west": {"uv": [0, 0, 0.4375, 0], "rotation": 90, "texture": "#main"},
				"up": {"uv": [0, 0, 0.5625, 0], "rotation": 180, "texture": "#main"},
				"down": {"uv": [0, 0, 0.5625, 0], "texture": "#main"}
			}
		},
		{
			"from": [0, 6, 0],
			"to": [16, 7, 16],
			
			"faces": {
				"north": {"uv": [0, 0, 16, 1], "texture": "#5"},
				"east": {"uv": [0, 0, 16, 1], "texture": "#5"},
				"south": {"uv": [0, 0, 16, 1], "texture": "#5"},
				"west": {"uv": [0, 0, 16, 1], "texture": "#5"},
				"up": {"uv": [0, 0, 16, 16], "texture": "#5"},
				"down": {"uv": [0, 0, 16, 16], "texture": "#5"}
			}
		},
		{
			"name": "top_slab",
			"from": [1, 3, 1],
			"to": [15, 10, 15],
			"faces": {
				"north": {"uv": [1, 1, 15, 8], "texture": "#4"},
				"east": {"uv": [1, 1, 15, 8], "texture": "#4"},
				"south": {"uv": [1, 1, 15, 8], "texture": "#4"},
				"west": {"uv": [1, 1, 15, 8], "texture": "#4"},
				"up": {"uv": [1, 1, 15, 15], "texture": "#7"}
			}
		},
		{
			"name": "up",
			"from": [1, 9.98, 1],
			"to": [15, 9.98, 15],
			"faces": {
				"down": {"uv": [1, 1, 15, 15], "texture": "#7"}
			}
		},
		{
			"name": "south",
			"from": [1, 3, 14.98],
			"to": [15, 10, 14.98],
			"faces": {
				"north": {"uv": [1, 1, 15, 8], "texture": "#4"}
			}
		},
		{
			"name": "north",
			"from": [1, 3, 1.02],
			"to": [15, 10, 1.02],
			"faces": {
				"south": {"uv": [1, 1, 15, 8], "texture": "#4"}
			}
		},
		{
			"name": "east",
			"from": [14.98, 3, 1],
			"to": [14.98, 10, 15],
			"faces": {
				"west": {"uv": [1, 1, 15, 8], "texture": "#4"}
			}
		},
		{
			"name": "west",
			"from": [1.02, 3, 1],
			"to": [1.02, 10, 15],
			"faces": {
				"east": {"uv": [1, 1, 15, 8], "texture": "#4"}
			}
		},
		{
			"from": [6, 6, 9],
			"to": [9, 12, 12],
			
			"faces": {
				"north": {"uv": [0, 8, 3, 14], "texture": "#0"},
				"east": {"uv": [0, 8, 3, 14], "texture": "#0"},
				"south": {"uv": [0, 8, 3, 14], "texture": "#0"},
				"west": {"uv": [0, 8, 3, 14], "texture": "#0"},
				"up": {"uv": [0, 8, 3, 11], "texture": "#0"},
				"down": {"uv": [0, 8, 3, 11], "texture": "#0"}
			}
		},
		{
			"from": [5, 6, 5],
			"to": [8, 12, 8],
			
			"faces": {
				"north": {"uv": [0, 8, 3, 14], "texture": "#0"},
				"east": {"uv": [0, 8, 3, 14], "texture": "#0"},
				"south": {"uv": [0, 8, 3, 14], "texture": "#0"},
				"west": {"uv": [0, 8, 3, 14], "texture": "#0"},
				"up": {"uv": [0, 8, 3, 11], "texture": "#0"},
				"down": {"uv": [0, 8, 3, 11], "texture": "#0"}
			}
		},
		{
			"from": [9, 6, 5],
			"to": [12, 12, 8],
			
			"faces": {
				"north": {"uv": [0, 8, 3, 14], "texture": "#0"},
				"east": {"uv": [0, 8, 3, 14], "texture": "#0"},
				"south": {"uv": [0, 8, 3, 14], "texture": "#0"},
				"west": {"uv": [0, 8, 3, 14], "texture": "#0"},
				"up": {"uv": [0, 8, 3, 11], "texture": "#0"},
				"down": {"uv": [0, 8, 3, 11], "texture": "#0"}
			}
		},
		{
			"from": [8, 6, 7],
			"to": [11, 13, 10],
			
			"faces": {
				"north": {"uv": [3, 6, 6, 13], "texture": "#0"},
				"east": {"uv": [3, 6, 6, 13], "texture": "#0"},
				"south": {"uv": [3, 6, 6, 13], "texture": "#0"},
				"west": {"uv": [3, 6, 6, 13], "texture": "#0"},
				"up": {"uv": [3, 6, 6, 9], "texture": "#0"},
				"down": {"uv": [12, 0, 15, 3], "texture": "#0"}
			}
		},
		{
			"from": [4, 6, 7],
			"to": [7, 13, 10],
			
			"faces": {
				"north": {"uv": [3, 6, 6, 13], "texture": "#0"},
				"east": {"uv": [3, 6, 6, 13], "texture": "#0"},
				"south": {"uv": [3, 6, 6, 13], "texture": "#0"},
				"west": {"uv": [3, 6, 6, 13], "texture": "#0"},
				"up": {"uv": [3, 6, 6, 9], "texture": "#0"},
				"down": {"uv": [12, 0, 15, 3], "texture": "#0"}
			}
		}
	],
	"display": {
		"thirdperson_righthand": {
			"rotation": [75, 45, 0],
			"translation": [0, 2.5, 0],
			"scale": [0.375, 0.375, 0.375]
		},
		"thirdperson_lefthand": {
			"rotation": [75, 45, 0],
			"translation": [0, 2.5, 0],
			"scale": [0.375, 0.375, 0.375]
		},
		"firstperson_righthand": {
			"rotation": [0, 45, 0],
			"scale": [0.4, 0.4, 0.4]
		},
		"firstperson_lefthand": {
			"rotation": [0, 225, 0],
			"scale": [0.4, 0.4, 0.4]
		},
		"ground": {
			"translation": [0, 3, 0],
			"scale": [0.25, 0.25, 0.25]
		},
		"gui": {
			"rotation": [30, 225, 0],
			"scale": [0.7, 0.7, 0.7]
		},
		"fixed": {
			"scale": [0.5, 0.5, 0.5]
		}
	}
}