{
	"credit": "Yuushya",
	"textures": {
		"3": "block/cartography_table_side1",
		"4": "block/cartography_table_deco",
		"5": "block/cartography_table_side3",
		"6": "block/cartography_table_top",
		"7": "block/iron_trapdoor",
		"8": "block/redstone_block",
		"particle": "block/cartography_table_side3"
	},
	"elements": [
		{
			"from": [0, 0, 0],
			"to": [16, 14, 16],
			"faces": {
				"north": {"uv": [0, 2, 16, 16], "texture": "#3", "cullface": "north"},
				"east": {"uv": [0, 2, 16, 16], "texture": "#5", "cullface": "east"},
				"south": {"uv": [0, 2, 16, 16], "texture": "#3", "cullface": "south"},
				"west": {"uv": [0, 2, 16, 16], "texture": "#5", "cullface": "west"},
				"up": {"uv": [0, 0, 16, 16], "texture": "#6", "cullface": "up"},
				"down": {"uv": [0, 0, 16, 16], "texture": "#6", "cullface": "down"}
			}
		},
		{
			"from": [0, 14, 0],
			"to": [1, 16, 16],
			
			"faces": {
				"north": {"uv": [0, 0, 1, 2], "texture": "#3", "cullface": "north"},
				"east": {"uv": [0, 0, 16, 2], "texture": "#3", "cullface": "up"},
				"south": {"uv": [0, 0, 1, 2], "texture": "#3", "cullface": "south"},
				"west": {"uv": [0, 0, 16, 2], "texture": "#3", "cullface": "west"},
				"up": {"uv": [0, 2, 16, 3], "rotation": 90, "texture": "#3", "cullface": "up"}
			}
		},
		{
			"from": [15, 14, 0],
			"to": [16, 16, 16],
			
			"faces": {
				"north": {"uv": [0, 0, 1, 2], "texture": "#3", "cullface": "north"},
				"east": {"uv": [0, 0, 16, 2], "texture": "#3", "cullface": "east"},
				"south": {"uv": [0, 0, 1, 2], "texture": "#3", "cullface": "south"},
				"west": {"uv": [0, 0, 16, 2], "texture": "#3", "cullface": "up"},
				"up": {"uv": [0, 2, 16, 3], "rotation": 90, "texture": "#3", "cullface": "up"}
			}
		},
		{
			"from": [1, 14, 0],
			"to": [15, 16, 1],
			
			"faces": {
				"north": {"uv": [0, 0, 14, 2], "texture": "#3", "cullface": "north"},
				"south": {"uv": [0, 0, 14, 2], "texture": "#3", "cullface": "up"},
				"up": {"uv": [0, 0, 14, 1], "texture": "#3", "cullface": "up"}
			}
		},
		{
			"from": [1, 14, 15],
			"to": [15, 16, 16],
			
			"faces": {
				"north": {"uv": [0, 0, 14, 2], "texture": "#5", "cullface": "up"},
				"south": {"uv": [0, 0, 14, 2], "texture": "#5", "cullface": "south"},
				"up": {"uv": [0, 0, 14, 1], "texture": "#5", "cullface": "up"}
			}
		},
		{
			"from": [2, 14, 2],
			"to": [6, 18, 6],
			"rotation": {"angle": -22.5, "axis": "y", "origin": [4, 16, 4]},
			"faces": {
				"north": {"uv": [0, 4, 4, 8], "texture": "#4", "cullface": "up"},
				"east": {"uv": [4, 0, 8, 4], "texture": "#4", "cullface": "up"},
				"south": {"uv": [0, 0, 4, 4], "texture": "#4", "cullface": "up"},
				"west": {"uv": [4, 4, 8, 8], "texture": "#4", "cullface": "up"},
				"up": {"uv": [8, 4, 12, 8], "texture": "#4", "cullface": "up"}
			}
		},
		{
			"from": [10, 15, 10],
			"to": [13, 15, 13],
			"rotation": {"angle": 22.5, "axis": "y", "origin": [11.5, 0, 11.5]},
			"faces": {
				"up": {"uv": [7, 7, 10, 10], "texture": "#7", "cullface": "up"}
			}
		},
		{
			"from": [9, 14, 10],
			"to": [10, 16, 13],
			"rotation": {"angle": 22.5, "axis": "y", "origin": [11.5, 0, 11.5]},
			"faces": {
				"north": {"uv": [7, 0, 8, 2], "texture": "#7", "cullface": "up"},
				"east": {"uv": [0, 0, 3, 2], "texture": "#7", "cullface": "up"},
				"south": {"uv": [0, 0, 1, 2], "texture": "#7", "cullface": "up"},
				"west": {"uv": [13, 0, 16, 2], "texture": "#7", "cullface": "up"},
				"up": {"uv": [0, 10, 1, 13], "texture": "#7", "cullface": "up"}
			}
		},
		{
			"from": [13, 14, 10],
			"to": [14, 16, 13],
			"rotation": {"angle": 22.5, "axis": "y", "origin": [11.5, 0, 11.5]},
			"faces": {
				"north": {"uv": [15, 0, 16, 2], "texture": "#7", "cullface": "up"},
				"east": {"uv": [13, 0, 16, 2], "texture": "#7", "cullface": "up"},
				"south": {"uv": [7, 0, 8, 2], "texture": "#7", "cullface": "up"},
				"west": {"uv": [0, 0, 3, 2], "texture": "#7", "cullface": "up"},
				"up": {"uv": [13, 3, 14, 6], "texture": "#7", "cullface": "up"}
			}
		},
		{
			"from": [10, 14, 9],
			"to": [13, 16, 10],
			"rotation": {"angle": 22.5, "axis": "y", "origin": [11.5, 0, 11.5]},
			"faces": {
				"north": {"uv": [0, 13, 3, 15], "texture": "#7", "cullface": "up"},
				"east": {"uv": [15, 13, 16, 15], "texture": "#7", "cullface": "up"},
				"south": {"uv": [13, 13, 16, 15], "texture": "#7", "cullface": "up"},
				"west": {"uv": [7, 13, 8, 15], "texture": "#7", "cullface": "up"},
				"up": {"uv": [13, 15, 16, 16], "texture": "#7", "cullface": "up"}
			}
		},
		{
			"from": [10, 14, 13],
			"to": [13, 16, 14],
			"rotation": {"angle": 22.5, "axis": "y", "origin": [11.5, 0, 11.5]},
			"faces": {
				"north": {"uv": [13, 13, 16, 15], "texture": "#7", "cullface": "up"},
				"east": {"uv": [8, 13, 9, 15], "texture": "#7", "cullface": "up"},
				"south": {"uv": [0, 13, 3, 15], "texture": "#7", "cullface": "up"},
				"west": {"uv": [15, 13, 16, 15], "texture": "#7", "cullface": "up"},
				"up": {"uv": [0, 15, 3, 16], "texture": "#7", "cullface": "up"}
			}
		},
		{
			"from": [11, 15, 10],
			"to": [12, 15.5, 12],
			
			"faces": {
				"north": {"uv": [5, 4, 4, 4.5], "texture": "#8", "cullface": "up"},
				"east": {"uv": [7, 2, 9, 2.5], "texture": "#8", "cullface": "up"},
				"south": {"uv": [10, 10, 11, 10.5], "texture": "#8", "cullface": "up"},
				"west": {"uv": [4, 2, 6, 2.5], "texture": "#8", "cullface": "up"},
				"up": {"uv": [3, 1, 4, 3], "texture": "#8", "cullface": "up"}
			}
		},
		{
			"from": [5, 14.1, 3],
			"to": [13, 14.1, 11],
			"rotation": {"angle": 45, "axis": "y", "origin": [9, 0, 7]},
			"faces": {
				"up": {"uv": [0, 8, 8, 16], "texture": "#4", "cullface": "up"}
			}
		},
		{
			"from": [2, 14.2, 6],
			"to": [10, 14.2, 14],
			"rotation": {"angle": -22.5, "axis": "y", "origin": [6, 0, 10]},
			"faces": {
				"up": {"uv": [8, 8, 16, 16], "texture": "#4", "cullface": "up"}
			}
		}
	],
	"display": {
		"thirdperson_righthand": {
			"rotation": [75, 45, 0],
			"translation": [0, 2.5, 0],
			"scale": [0.375, 0.375, 0.375]
		},
		"thirdperson_lefthand": {
			"rotation": [75, 45, 0],
			"translation": [0, 2.5, 0],
			"scale": [0.375, 0.375, 0.375]
		},
		"firstperson_righthand": {
			"rotation": [0, 45, 0],
			"scale": [0.4, 0.4, 0.4]
		},
		"firstperson_lefthand": {
			"rotation": [0, 225, 0],
			"scale": [0.4, 0.4, 0.4]
		},
		"ground": {
			"translation": [0, 3, 0],
			"scale": [0.25, 0.25, 0.25]
		},
		"gui": {
			"rotation": [30, 225, 0],
			"scale": [0.625, 0.625, 0.625]
		},
		"fixed": {
			"scale": [0.5, 0.5, 0.5]
		}
	}
}