{
	"credit": "Yuushya",
	"textures": {
		"1": "block/jungle_planks_alt2",
		"2": "block/books",
		"3": "block/books1",
		"4": "block/stripped/stripped_acacia_log",
		"particle": "block/jungle_planks_alt2"
	},
	"elements": [
		{
			"from": [0, 8, 0],
			"to": [1, 15, 1],
			
			"faces": {
				"north": {"uv": [1, 0, 0, 7], "texture": "#1"},
				"east": {"uv": [1, 0, 0, 7], "texture": "#1"},
				"south": {"uv": [1, 0, 0, 7], "texture": "#1"},
				"west": {"uv": [1, 0, 0, 7], "texture": "#1"},
				"up": {"uv": [0, 1, 1, 0], "texture": "#1"},
				"down": {"uv": [0, 1, 1, 0], "texture": "#1"}
			}
		},
		{
			"from": [15, 8, 0],
			"to": [16, 15, 1],
			
			"faces": {
				"north": {"uv": [1, 0, 0, 7], "texture": "#1"},
				"east": {"uv": [1, 0, 0, 7], "texture": "#1"},
				"south": {"uv": [1, 0, 0, 7], "texture": "#1"},
				"west": {"uv": [1, 0, 0, 7], "texture": "#1"},
				"up": {"uv": [0, 1, 1, 0], "texture": "#1"},
				"down": {"uv": [0, 1, 1, 0], "texture": "#1"}
			}
		},
		{
			"from": [0, 1, 0],
			"to": [1, 8, 1],
			
			"faces": {
				"north": {"uv": [1, 0, 0, 7], "texture": "#1"},
				"east": {"uv": [1, 0, 0, 7], "texture": "#1"},
				"south": {"uv": [1, 0, 0, 7], "texture": "#1"},
				"west": {"uv": [1, 0, 0, 7], "texture": "#1"},
				"up": {"uv": [0, 1, 1, 0], "texture": "#1"},
				"down": {"uv": [0, 1, 1, 0], "texture": "#1"}
			}
		},
		{
			"from": [15, 1, 0],
			"to": [16, 8, 1],
			
			"faces": {
				"north": {"uv": [1, 0, 0, 7], "texture": "#1"},
				"east": {"uv": [1, 0, 0, 7], "texture": "#1"},
				"south": {"uv": [1, 0, 0, 7], "texture": "#1"},
				"west": {"uv": [1, 0, 0, 7], "texture": "#1"},
				"up": {"uv": [0, 1, 1, 0], "texture": "#1"},
				"down": {"uv": [0, 1, 1, 0], "texture": "#1"}
			}
		},
		{
			"from": [1, 7, 0],
			"to": [15, 9, 9],
			
			"faces": {
				"north": {"uv": [0, 14, 14, 16], "texture": "#4"},
				"east": {"uv": [0, 14, 9, 16], "texture": "#4"},
				"south": {"uv": [0, 14, 14, 16], "texture": "#4"},
				"west": {"uv": [0, 14, 9, 16], "texture": "#4"},
				"up": {"uv": [0, 9, 14, 0], "texture": "#4"},
				"down": {"uv": [0, 9, 14, 0], "texture": "#4"}
			}
		},
		{
			"from": [0, 15, 0],
			"to": [16, 16, 16],
			
			"faces": {
				"north": {"uv": [16, 0, 0, 1], "texture": "#4"},
				"east": {"uv": [16, 0, 0, 1], "texture": "#4"},
				"south": {"uv": [16, 0, 0, 1], "texture": "#4"},
				"west": {"uv": [16, 0, 0, 1], "texture": "#4"},
				"up": {"uv": [0, 16, 16, 0], "texture": "#1"},
				"down": {"uv": [0, 16, 16, 0], "texture": "#4"}
			}
		},
		{
			"from": [0, 0, 0],
			"to": [16, 1, 16],
			
			"faces": {
				"north": {"uv": [16, 0, 0, 1], "texture": "#4"},
				"east": {"uv": [16, 0, 0, 1], "texture": "#4"},
				"south": {"uv": [16, 0, 0, 1], "texture": "#4"},
				"west": {"uv": [16, 0, 0, 1], "texture": "#4"},
				"up": {"uv": [0, 16, 16, 0], "texture": "#4"},
				"down": {"uv": [0, 16, 16, 0], "texture": "#1"}
			}
		},
		{
			"from": [0, 1, 1],
			"to": [1, 15, 16],
			
			"faces": {
				"north": {"uv": [1, 1, 0, 15], "texture": "#4"},
				"east": {"uv": [16, 1, 1, 15], "texture": "#4"},
				"south": {"uv": [16, 1, 15, 15], "texture": "#4"},
				"west": {"uv": [15, 1, 0, 15], "texture": "#4"},
				"up": {"uv": [0, 15, 1, 0], "texture": "#4"},
				"down": {"uv": [0, 16, 1, 1], "texture": "#4"}
			}
		},
		{
			"from": [15, 1, 1],
			"to": [16, 15, 16],
			
			"faces": {
				"north": {"uv": [16, 1, 15, 15], "texture": "#4"},
				"east": {"uv": [16, 1, 1, 15], "texture": "#4"},
				"south": {"uv": [1, 1, 0, 15], "texture": "#4"},
				"west": {"uv": [15, 1, 0, 15], "texture": "#4"},
				"up": {"uv": [15, 15, 16, 0], "texture": "#4"},
				"down": {"uv": [15, 16, 16, 1], "texture": "#4"}
			}
		},
		{
			"from": [1, 1, 10],
			"to": [15, 15, 16],
			
			"faces": {
				"north": {"uv": [15, 1, 1, 15], "texture": "#4"},
				"east": {"uv": [16, 1, 10, 15], "texture": "#4"},
				"south": {"uv": [15, 1, 1, 15], "texture": "#4"},
				"west": {"uv": [6, 1, 0, 15], "texture": "#4"},
				"up": {"uv": [1, 6, 15, 0], "texture": "#4"},
				"down": {"uv": [1, 16, 15, 10], "texture": "#4"}
			}
		},
		{
			"from": [3, 9, 4],
			"to": [9, 12, 8],
			
			"faces": {
				"north": {"uv": [6, 12, 0, 15], "texture": "#2"},
				"east": {"uv": [4, 9, 0, 12], "texture": "#2"},
				"south": {"uv": [3, 6, 6, 0], "rotation": 90, "texture": "#2"},
				"west": {"uv": [4, 9, 0, 12], "texture": "#2"},
				"up": {"uv": [14, 10, 10, 16], "rotation": 270, "texture": "#2"},
				"down": {"uv": [16, 0, 12, 6], "rotation": 270, "texture": "#2"}
			}
		},
		{
			"from": [12, 1, 1],
			"to": [15, 7, 5],
			
			"faces": {
				"north": {"uv": [0, 9, 6, 6], "rotation": 90, "texture": "#2"},
				"east": {"uv": [10, 10, 6, 16], "texture": "#2"},
				"south": {"uv": [3, 0, 0, 6], "texture": "#2"},
				"west": {"uv": [10, 10, 6, 16], "texture": "#2"},
				"up": {"uv": [0, 4, 3, 0], "texture": "#2"},
				"down": {"uv": [0, 4, 3, 0], "texture": "#2"}
			}
		},
		{
			"from": [12, 9, 1],
			"to": [15, 15, 5],
			
			"faces": {
				"north": {"uv": [6, 9, 12, 6], "rotation": 90, "texture": "#2"},
				"east": {"uv": [4, 0, 0, 6], "texture": "#3"},
				"south": {"uv": [12, 0, 9, 6], "texture": "#2"},
				"west": {"uv": [4, 0, 0, 6], "texture": "#3"},
				"up": {"uv": [0, 4, 3, 0], "texture": "#2"},
				"down": {"uv": [0, 4, 3, 0], "texture": "#2"}
			}
		},
		{
			"from": [4, 1, 1],
			"to": [10, 4, 5],
			
			"faces": {
				"north": {"uv": [12, 6, 6, 9], "rotation": 180, "texture": "#2"},
				"east": {"uv": [13, 6, 9, 9], "texture": "#2"},
				"south": {"uv": [9, 6, 12, 0], "rotation": 270, "texture": "#2"},
				"west": {"uv": [9, 9, 13, 6], "texture": "#2"},
				"up": {"uv": [4, 0, 0, 6], "rotation": 90, "texture": "#3"},
				"down": {"uv": [4, 0, 0, 6], "rotation": 90, "texture": "#2"}
			}
		},
		{
			"from": [8, 1, 4.5],
			"to": [12, 7, 7.5],
			
			"faces": {
				"north": {"uv": [4, 0, 0, 6], "texture": "#3"},
				"east": {"uv": [12, 0, 9, 6], "texture": "#2"},
				"south": {"uv": [4, 0, 0, 6], "texture": "#3"},
				"west": {"uv": [6, 9, 12, 6], "rotation": 90, "texture": "#2"},
				"up": {"uv": [3, 0, 0, 4], "rotation": 90, "texture": "#2"},
				"down": {"uv": [3, 0, 0, 4], "rotation": 270, "texture": "#2"}
			}
		},
		{
			"from": [4, 4, 1],
			"to": [10, 7, 5],
			
			"faces": {
				"north": {"uv": [6, 9, 0, 12], "rotation": 180, "texture": "#2"},
				"east": {"uv": [5, 9, 1, 12], "texture": "#2"},
				"south": {"uv": [9, 6, 12, 0], "rotation": 270, "texture": "#2"},
				"west": {"uv": [10, 16, 14, 13], "texture": "#2"},
				"up": {"uv": [4, 0, 0, 6], "rotation": 90, "texture": "#2"},
				"down": {"uv": [4, 0, 0, 6], "rotation": 90, "texture": "#2"}
			}
		},
		{
			"from": [9, 9, 0],
			"to": [12, 15, 4],
			
			"faces": {
				"north": {"uv": [0, 9, 6, 6], "rotation": 90, "texture": "#2"},
				"east": {"uv": [10, 10, 6, 16], "texture": "#2"},
				"south": {"uv": [3, 0, 0, 6], "texture": "#2"},
				"west": {"uv": [10, 10, 6, 16], "texture": "#2"},
				"up": {"uv": [0, 4, 3, 0], "texture": "#2"},
				"down": {"uv": [0, 4, 3, 0], "texture": "#2"}
			}
		},
		{
			"from": [1, 9, 0],
			"to": [4, 15, 4],
			
			"faces": {
				"north": {"uv": [0, 9, 6, 6], "rotation": 90, "texture": "#2"},
				"east": {"uv": [10, 10, 6, 16], "texture": "#2"},
				"south": {"uv": [3, 0, 0, 6], "texture": "#2"},
				"west": {"uv": [10, 10, 6, 16], "texture": "#2"},
				"up": {"uv": [0, 4, 3, 0], "texture": "#2"},
				"down": {"uv": [0, 4, 3, 0], "texture": "#2"}
			}
		},
		{
			"from": [4, 9, 1],
			"to": [7, 15, 5],
			
			"faces": {
				"north": {"uv": [0, 9, 6, 6], "rotation": 90, "texture": "#2"},
				"east": {"uv": [4, 0, 0, 6], "texture": "#2"},
				"south": {"uv": [12, 0, 9, 6], "texture": "#2"},
				"west": {"uv": [14, 10, 10, 16], "texture": "#2"},
				"up": {"uv": [0, 4, 3, 0], "texture": "#2"},
				"down": {"uv": [0, 4, 3, 0], "texture": "#2"}
			}
		},
		{
			"from": [1, 1, 0],
			"to": [4, 7, 4],
			
			"faces": {
				"north": {"uv": [0, 12, 6, 9], "rotation": 90, "texture": "#2"},
				"east": {"uv": [14, 10, 10, 16], "texture": "#2"},
				"south": {"uv": [6, 0, 3, 6], "texture": "#2"},
				"west": {"uv": [14, 10, 10, 16], "texture": "#2"},
				"up": {"uv": [0, 4, 3, 0], "texture": "#2"},
				"down": {"uv": [0, 4, 3, 0], "texture": "#2"}
			}
		}
	],
	"display": {
		"thirdperson_righthand": {
			"rotation": [75, 45, 0],
			"translation": [0, 2.5, 0],
			"scale": [0.375, 0.375, 0.375]
		},
		"thirdperson_lefthand": {
			"rotation": [75, 45, 0],
			"translation": [0, 2.5, 0],
			"scale": [0.375, 0.375, 0.375]
		},
		"firstperson_righthand": {
			"rotation": [0, 45, 0],
			"scale": [0.4, 0.4, 0.4]
		},
		"firstperson_lefthand": {
			"rotation": [0, 225, 0],
			"scale": [0.4, 0.4, 0.4]
		},
		"ground": {
			"translation": [0, 3, 0],
			"scale": [0.25, 0.25, 0.25]
		},
		"gui": {
			"rotation": [30, 225, 0],
			"scale": [0.625, 0.625, 0.625]
		},
		"fixed": {
			"scale": [0.5, 0.5, 0.5]
		}
	},
	"groups": [
		{
			"name": "Shelf",
			"origin": [15, 9, 15],
			"color": 0,
			"children": [0, 1, 2, 3, 4, 5, 6, 7, 8, 9]
		},
		10,
		11,
		12,
		13,
		14,
		15,
		16,
		17,
		18,
		19
	]
}