{
	"credit": "Yuushya",
	"textures": {
		"0": "block/chiseled_sandstone",
		"particle": "block/chiseled_sandstone"
	},
	"elements": [
		{
			"from": [1, 1, 1],
			"to": [15, 15, 15],
			"faces": {
				"north": {"uv": [1, 1, 15, 15], "texture": "#0"},
				"east": {"uv": [1, 1, 15, 15], "texture": "#0"},
				"south": {"uv": [1, 1, 15, 15], "texture": "#0"},
				"west": {"uv": [1, 1, 15, 15], "texture": "#0"},
				"up": {"uv": [1, 1, 15, 15], "texture": "#0"},
				"down": {"uv": [1, 1, 15, 15], "texture": "#0"}
			}
		},
		{
			"from": [0, 0, 0],
			"to": [1, 2, 15],
			"faces": {
				"north": {"uv": [0, 14, 1, 16], "texture": "#0"},
				"east": {"uv": [0, 14, 15, 16], "texture": "#0"},
				"south": {"uv": [0, 14, 1, 16], "texture": "#0"},
				"west": {"uv": [0, 14, 15, 16], "texture": "#0"},
				"up": {"uv": [0, 13, 1, 14], "texture": "#0"},
				"down": {"uv": [0, 0, 1, 15], "texture": "#0"}
			}
		},
		{
			"from": [1, 0, 0],
			"to": [16, 2, 1],
			"faces": {
				"north": {"uv": [0, 14, 15, 16], "texture": "#0"},
				"east": {"uv": [0, 14, 1, 16], "texture": "#0"},
				"south": {"uv": [0, 14, 15, 16], "texture": "#0"},
				"west": {"uv": [0, 14, 1, 16], "texture": "#0"},
				"up": {"uv": [0, 13, 1, 14], "texture": "#0"},
				"down": {"uv": [0, 0, 1, 15], "rotation": 270, "texture": "#0"}
			}
		},
		{
			"from": [15, 0, 1],
			"to": [16, 2, 16],
			"faces": {
				"north": {"uv": [0, 14, 1, 16], "texture": "#0"},
				"east": {"uv": [0, 14, 15, 16], "texture": "#0"},
				"south": {"uv": [0, 14, 1, 16], "texture": "#0"},
				"west": {"uv": [0, 14, 15, 16], "texture": "#0"},
				"up": {"uv": [0, 13, 1, 14], "texture": "#0"},
				"down": {"uv": [0, 0, 1, 15], "rotation": 180, "texture": "#0"}
			}
		},
		{
			"from": [0, 0, 15],
			"to": [15, 2, 16],
			"faces": {
				"north": {"uv": [0, 14, 15, 16], "texture": "#0"},
				"east": {"uv": [0, 14, 1, 16], "texture": "#0"},
				"south": {"uv": [0, 14, 15, 16], "texture": "#0"},
				"west": {"uv": [0, 14, 1, 16], "texture": "#0"},
				"up": {"uv": [0, 13, 1, 14], "texture": "#0"},
				"down": {"uv": [0, 0, 1, 15], "rotation": 90, "texture": "#0"}
			}
		},
		{
			"from": [0, 14, 0],
			"to": [1, 16, 15],
			"faces": {
				"north": {"uv": [0, 14, 1, 16], "texture": "#0"},
				"east": {"uv": [0, 14, 15, 16], "texture": "#0"},
				"south": {"uv": [0, 14, 1, 16], "texture": "#0"},
				"west": {"uv": [0, 0, 15, 2], "texture": "#0"},
				"up": {"uv": [0, 0, 1, 15], "texture": "#0"},
				"down": {"uv": [0, 13, 1, 14], "texture": "#0"}
			}
		},
		{
			"from": [1, 14, 0],
			"to": [16, 16, 1],
			"faces": {
				"north": {"uv": [0, 0, 15, 2], "texture": "#0"},
				"east": {"uv": [0, 14, 1, 16], "texture": "#0"},
				"south": {"uv": [0, 14, 15, 16], "texture": "#0"},
				"west": {"uv": [0, 14, 1, 16], "texture": "#0"},
				"up": {"uv": [0, 0, 1, 15], "rotation": 90, "texture": "#0"},
				"down": {"uv": [0, 13, 1, 14], "texture": "#0"}
			}
		},
		{
			"from": [15, 14, 1],
			"to": [16, 16, 16],
			"faces": {
				"north": {"uv": [0, 14, 1, 16], "texture": "#0"},
				"east": {"uv": [0, 0, 15, 2], "texture": "#0"},
				"south": {"uv": [0, 14, 1, 16], "texture": "#0"},
				"west": {"uv": [0, 14, 15, 16], "texture": "#0"},
				"up": {"uv": [0, 0, 1, 15], "rotation": 180, "texture": "#0"},
				"down": {"uv": [0, 13, 1, 14], "texture": "#0"}
			}
		},
		{
			"from": [0, 14, 15],
			"to": [15, 16, 16],
			"faces": {
				"north": {"uv": [0, 14, 15, 16], "texture": "#0"},
				"east": {"uv": [0, 14, 1, 16], "texture": "#0"},
				"south": {"uv": [0, 0, 15, 2], "texture": "#0"},
				"west": {"uv": [0, 14, 1, 16], "texture": "#0"},
				"up": {"uv": [0, 0, 1, 15], "rotation": 270, "texture": "#0"},
				"down": {"uv": [0, 13, 1, 14], "texture": "#0"}
			}
		},
		{
			"from": [0, 2, 14],
			"to": [2, 14, 16],
			"faces": {
				"north": {"uv": [0, 13, 1, 14], "texture": "#0"},
				"east": {"uv": [0, 13, 1, 14], "texture": "#0"},
				"south": {"uv": [14, 2, 16, 14], "rotation": 180, "texture": "#0"},
				"west": {"uv": [0, 2, 2, 14], "rotation": 180, "texture": "#0"},
				"up": {"uv": [0, 14, 1, 16], "texture": "#0"},
				"down": {"uv": [0, 14, 1, 16], "rotation": 180, "texture": "#0"}
			}
		},
		{
			"from": [14, 2, 14],
			"to": [16, 14, 16],
			"faces": {
				"north": {"uv": [0, 13, 1, 14], "texture": "#0"},
				"east": {"uv": [14, 2, 16, 14], "rotation": 180, "texture": "#0"},
				"south": {"uv": [0, 2, 2, 14], "rotation": 180, "texture": "#0"},
				"west": {"uv": [0, 13, 1, 14], "texture": "#0"},
				"up": {"uv": [0, 14, 1, 16], "texture": "#0"},
				"down": {"uv": [0, 14, 1, 16], "rotation": 180, "texture": "#0"}
			}
		},
		{
			"from": [0, 2, 0],
			"to": [2, 14, 2],
			"faces": {
				"north": {"uv": [0, 2, 2, 14], "rotation": 180, "texture": "#0"},
				"east": {"uv": [0, 13, 1, 14], "texture": "#0"},
				"south": {"uv": [0, 13, 1, 14], "texture": "#0"},
				"west": {"uv": [0, 2, 2, 14], "rotation": 180, "texture": "#0"},
				"up": {"uv": [0, 14, 1, 16], "texture": "#0"},
				"down": {"uv": [0, 14, 1, 16], "rotation": 180, "texture": "#0"}
			}
		},
		{
			"from": [14, 2, 0],
			"to": [16, 14, 2],
			"faces": {
				"north": {"uv": [14, 2, 16, 14], "rotation": 180, "texture": "#0"},
				"east": {"uv": [0, 2, 2, 14], "rotation": 180, "texture": "#0"},
				"south": {"uv": [0, 13, 1, 14], "texture": "#0"},
				"west": {"uv": [0, 13, 1, 14], "texture": "#0"},
				"up": {"uv": [0, 14, 1, 16], "texture": "#0"},
				"down": {"uv": [0, 14, 1, 16], "rotation": 180, "texture": "#0"}
			}
		},
		{
			"from": [7, -1, 0.1],
			"to": [9, 17, 1.1],
			"rotation": {"angle": 45, "axis": "z", "origin": [8, 8, 8]},
			"faces": {
				"north": {"uv": [0, 14, 16, 16], "rotation": 90, "texture": "#0"},
				"east": {"uv": [0, 0, 1, 15], "rotation": 180, "texture": "#0"},
				"south": {"uv": [0, 14, 15, 16], "rotation": 270, "texture": "#0"},
				"west": {"uv": [0, 13, 1, 14], "rotation": 270, "texture": "#0"},
				"up": {"uv": [0, 14, 1, 16], "rotation": 270, "texture": "#0"},
				"down": {"uv": [0, 14, 1, 16], "rotation": 270, "texture": "#0"}
			}
		},
		{
			"from": [14.9, 7, -1],
			"to": [15.9, 9, 17],
			"rotation": {"angle": 45, "axis": "x", "origin": [8, 8, 8]},
			"faces": {
				"north": {"uv": [0, 14, 1, 16], "rotation": 180, "texture": "#0"},
				"east": {"uv": [0, 14, 16, 16], "rotation": 180, "texture": "#0"},
				"south": {"uv": [0, 14, 1, 16], "rotation": 180, "texture": "#0"},
				"west": {"uv": [0, 14, 15, 16], "rotation": 180, "texture": "#0"},
				"up": {"uv": [0, 0, 1, 15], "rotation": 180, "texture": "#0"},
				"down": {"uv": [0, 13, 1, 14], "rotation": 90, "texture": "#0"}
			}
		},
		{
			"from": [7, -1, 14.9],
			"to": [9, 17, 15.9],
			"rotation": {"angle": -45, "axis": "z", "origin": [8, 8, 8]},
			"faces": {
				"north": {"uv": [0, 14, 15, 16], "rotation": 270, "texture": "#0"},
				"east": {"uv": [0, 13, 1, 14], "rotation": 270, "texture": "#0"},
				"south": {"uv": [0, 14, 16, 16], "rotation": 90, "texture": "#0"},
				"west": {"uv": [0, 0, 1, 15], "rotation": 180, "texture": "#0"},
				"up": {"uv": [0, 14, 1, 16], "rotation": 90, "texture": "#0"},
				"down": {"uv": [0, 14, 1, 16], "rotation": 90, "texture": "#0"}
			}
		},
		{
			"from": [0.1, -1, 7],
			"to": [1.1, 17, 9],
			"rotation": {"angle": 45, "axis": "x", "origin": [8, 8, 8]},
			"faces": {
				"north": {"uv": [0, 0, 1, 15], "rotation": 180, "texture": "#0"},
				"east": {"uv": [0, 14, 15, 16], "rotation": 270, "texture": "#0"},
				"south": {"uv": [0, 13, 1, 14], "rotation": 270, "texture": "#0"},
				"west": {"uv": [0, 14, 16, 16], "rotation": 90, "texture": "#0"},
				"up": {"uv": [0, 14, 1, 16], "rotation": 180, "texture": "#0"},
				"down": {"uv": [0, 14, 1, 16], "texture": "#0"}
			}
		},
		{
			"from": [7, 14.9, -1],
			"to": [9, 15.9, 17],
			"rotation": {"angle": -45, "axis": "y", "origin": [8, 8, 8]},
			"faces": {
				"north": {"uv": [0, 14, 1, 16], "rotation": 270, "texture": "#0"},
				"east": {"uv": [0, 13, 1, 14], "texture": "#0"},
				"south": {"uv": [0, 14, 1, 16], "rotation": 90, "texture": "#0"},
				"west": {"uv": [0, 0, 1, 15], "rotation": 90, "texture": "#0"},
				"up": {"uv": [0, 14, 16, 16], "rotation": 90, "texture": "#0"},
				"down": {"uv": [0, 14, 15, 16], "rotation": 90, "texture": "#0"}
			}
		},
		{
			"from": [7, 0.1, -1],
			"to": [9, 1.1, 17],
			"rotation": {"angle": -45, "axis": "y", "origin": [8, 8, 8]},
			"faces": {
				"north": {"uv": [0, 14, 1, 16], "rotation": 270, "texture": "#0"},
				"east": {"uv": [0, 13, 1, 14], "texture": "#0"},
				"south": {"uv": [0, 14, 1, 16], "rotation": 90, "texture": "#0"},
				"west": {"uv": [0, 0, 1, 15], "rotation": 90, "texture": "#0"},
				"up": {"uv": [0, 14, 16, 16], "rotation": 90, "texture": "#0"},
				"down": {"uv": [0, 14, 15, 16], "rotation": 90, "texture": "#0"}
			}
		},
		{
			"name": "chiseled_sandstone_0",
			"from": [1, 15, 1],
			"to": [15, 16, 2],
			"faces": {
				"north": {"uv": [15, 1, 1, 2], "texture": "#0"},
				"east": {"uv": [14, 1, 15, 2], "rotation": 90, "texture": "#0"},
				"south": {"uv": [1, 1, 15, 2], "texture": "#0"},
				"west": {"uv": [1, 1, 2, 2], "rotation": 270, "texture": "#0"},
				"up": {"uv": [1, 1, 15, 2], "texture": "#0"},
				"down": {"uv": [1, 2, 15, 1], "texture": "#0"}
			}
		},
		{
			"name": "chiseled_sandstone_1",
			"from": [1, 15, 2],
			"to": [2, 16, 15],
			"faces": {
				"north": {"uv": [2, 2, 1, 3], "texture": "#0"},
				"east": {"uv": [1, 2, 2, 15], "rotation": 90, "texture": "#0"},
				"south": {"uv": [1, 14, 2, 15], "texture": "#0"},
				"west": {"uv": [1, 2, 2, 15], "rotation": 270, "texture": "#0"},
				"up": {"uv": [1, 2, 2, 15], "texture": "#0"},
				"down": {"uv": [1, 15, 2, 2], "texture": "#0"}
			}
		},
		{
			"name": "chiseled_sandstone_2",
			"from": [14, 15, 2],
			"to": [15, 16, 15],
			"faces": {
				"north": {"uv": [15, 2, 14, 3], "texture": "#0"},
				"east": {"uv": [14, 2, 15, 15], "rotation": 90, "texture": "#0"},
				"south": {"uv": [14, 14, 15, 15], "texture": "#0"},
				"west": {"uv": [14, 2, 15, 15], "rotation": 270, "texture": "#0"},
				"up": {"uv": [14, 2, 15, 15], "texture": "#0"},
				"down": {"uv": [14, 15, 15, 2], "texture": "#0"}
			}
		},
		{
			"name": "chiseled_sandstone_3",
			"from": [2, 15, 14],
			"to": [14, 16, 15],
			"faces": {
				"north": {"uv": [14, 14, 2, 15], "texture": "#0"},
				"east": {"uv": [13, 14, 14, 15], "rotation": 90, "texture": "#0"},
				"south": {"uv": [2, 14, 14, 15], "texture": "#0"},
				"west": {"uv": [2, 14, 3, 15], "rotation": 270, "texture": "#0"},
				"up": {"uv": [2, 14, 14, 15], "texture": "#0"},
				"down": {"uv": [2, 15, 14, 14], "texture": "#0"}
			}
		},
		{
			"name": "chiseled_sandstone_0",
			"from": [1, 0, 1],
			"to": [15, 1, 2],
			"faces": {
				"north": {"uv": [15, 1, 1, 2], "texture": "#0"},
				"east": {"uv": [14, 1, 15, 2], "rotation": 90, "texture": "#0"},
				"south": {"uv": [1, 1, 15, 2], "texture": "#0"},
				"west": {"uv": [1, 1, 2, 2], "rotation": 270, "texture": "#0"},
				"up": {"uv": [1, 1, 15, 2], "texture": "#0"},
				"down": {"uv": [1, 2, 15, 1], "texture": "#0"}
			}
		},
		{
			"name": "chiseled_sandstone_1",
			"from": [1, 0, 2],
			"to": [2, 1, 15],
			"faces": {
				"north": {"uv": [2, 2, 1, 3], "texture": "#0"},
				"east": {"uv": [1, 2, 2, 15], "rotation": 90, "texture": "#0"},
				"south": {"uv": [1, 14, 2, 15], "texture": "#0"},
				"west": {"uv": [1, 2, 2, 15], "rotation": 270, "texture": "#0"},
				"up": {"uv": [1, 2, 2, 15], "texture": "#0"},
				"down": {"uv": [1, 15, 2, 2], "texture": "#0"}
			}
		},
		{
			"name": "chiseled_sandstone_2",
			"from": [14, 0, 2],
			"to": [15, 1, 15],
			"faces": {
				"north": {"uv": [15, 2, 14, 3], "texture": "#0"},
				"east": {"uv": [14, 2, 15, 15], "rotation": 90, "texture": "#0"},
				"south": {"uv": [14, 14, 15, 15], "texture": "#0"},
				"west": {"uv": [14, 2, 15, 15], "rotation": 270, "texture": "#0"},
				"up": {"uv": [14, 2, 15, 15], "texture": "#0"},
				"down": {"uv": [14, 15, 15, 2], "texture": "#0"}
			}
		},
		{
			"name": "chiseled_sandstone_3",
			"from": [2, 0, 14],
			"to": [14, 1, 15],
			"faces": {
				"north": {"uv": [14, 14, 2, 15], "texture": "#0"},
				"east": {"uv": [13, 14, 14, 15], "rotation": 90, "texture": "#0"},
				"south": {"uv": [2, 14, 14, 15], "texture": "#0"},
				"west": {"uv": [2, 14, 3, 15], "rotation": 270, "texture": "#0"},
				"up": {"uv": [2, 14, 14, 15], "texture": "#0"},
				"down": {"uv": [2, 15, 14, 14], "texture": "#0"}
			}
		}
	],
	"display": {
		"thirdperson_righthand": {
			"rotation": [75, 45, 0],
			"translation": [0, 2.5, 0],
			"scale": [0.375, 0.375, 0.375]
		},
		"thirdperson_lefthand": {
			"rotation": [75, 45, 0],
			"translation": [0, 2.5, 0],
			"scale": [0.375, 0.375, 0.375]
		},
		"firstperson_righthand": {
			"rotation": [0, 45, 0],
			"scale": [0.4, 0.4, 0.4]
		},
		"firstperson_lefthand": {
			"rotation": [0, 225, 0],
			"scale": [0.4, 0.4, 0.4]
		},
		"ground": {
			"translation": [0, 3, 0],
			"scale": [0.25, 0.25, 0.25]
		},
		"gui": {
			"rotation": [30, 225, 0],
			"scale": [0.625, 0.625, 0.625]
		},
		"fixed": {
			"scale": [0.5, 0.5, 0.5]
		}
	},
	"groups": [0, 1, 2, 3, 4, 5, 6, 7, 8, 9, 10, 11, 12, 13, 14, 15, 16, 17, 18,
		{
			"name": "chiseled_sandstone",
			"origin": [8, 8, 8],
			"children": [19, 20, 21, 22]
		},
		{
			"name": "chiseled_sandstone",
			"origin": [8, 8, 8],
			"children": [23, 24, 25, 26]
		}
	]
}