{
	"credit": "Made with Blockbench",
	"parent": "block/block",
	"textures": {
		"0": "block/copper_block",
		"1": "block/chiseled_copper",
		"particle": "block/copper_block"
	},
	"elements": [
		{
			"from": [0, 0, 0],
			"to": [2, 16, 2],
			"faces": {
				"north": {"uv": [14, 0, 16, 16], "texture": "#0", "cullface": "north"},
				"east": {"uv": [0, 0, 2, 16], "texture": "#0", "cullface": "north"},
				"south": {"uv": [14, 0, 16, 16], "texture": "#0", "cullface": "west"},
				"west": {"uv": [0, 0, 2, 16], "texture": "#0", "cullface": "west"},
				"up": {"uv": [0, 0, 2, 2], "texture": "#0", "cullface": "up"},
				"down": {"uv": [0, 14, 2, 16], "texture": "#0", "cullface": "down"}
			}
		},
		{
			"from": [14, 0, 0],
			"to": [16, 16, 2],
			
			"faces": {
				"north": {"uv": [0, 0, 2, 16], "texture": "#0", "cullface": "north"},
				"east": {"uv": [14, 0, 16, 16], "texture": "#0", "cullface": "east"},
				"south": {"uv": [0, 0, 2, 16], "texture": "#0", "cullface": "east"},
				"west": {"uv": [14, 0, 16, 16], "texture": "#0", "cullface": "north"},
				"up": {"uv": [14, 0, 16, 2], "texture": "#0", "cullface": "up"},
				"down": {"uv": [14, 14, 16, 16], "texture": "#0", "cullface": "down"}
			}
		},
		{
			"from": [0, 0, 14],
			"to": [2, 16, 16],
			
			"faces": {
				"north": {"uv": [0, 0, 2, 16], "texture": "#0", "cullface": "west"},
				"east": {"uv": [14, 0, 16, 16], "texture": "#0", "cullface": "south"},
				"south": {"uv": [0, 0, 2, 16], "texture": "#0", "cullface": "south"},
				"west": {"uv": [14, 0, 16, 16], "texture": "#0", "cullface": "west"},
				"up": {"uv": [0, 14, 2, 16], "texture": "#0", "cullface": "up"},
				"down": {"uv": [0, 0, 2, 2], "texture": "#0", "cullface": "down"}
			}
		},
		{
			"from": [14, 0, 14],
			"to": [16, 16, 16],
			
			"faces": {
				"north": {"uv": [14, 0, 16, 16], "texture": "#0", "cullface": "east"},
				"east": {"uv": [0, 0, 2, 16], "texture": "#0", "cullface": "east"},
				"south": {"uv": [14, 0, 16, 16], "texture": "#0", "cullface": "south"},
				"west": {"uv": [0, 0, 2, 16], "texture": "#0", "cullface": "south"},
				"up": {"uv": [14, 14, 16, 16], "texture": "#0", "cullface": "up"},
				"down": {"uv": [14, 0, 16, 2], "texture": "#0", "cullface": "down"}
			}
		},
		{
			"from": [2, 0, 0],
			"to": [14, 2, 2],
			
			"faces": {
				"north": {"uv": [2, 14, 14, 16], "texture": "#0", "cullface": "north"},
				"south": {"uv": [2, 0, 14, 2], "texture": "#0", "cullface": "down"},
				"up": {"uv": [2, 14, 14, 16], "texture": "#0", "cullface": "north"},
				"down": {"uv": [2, 14, 14, 16], "texture": "#0", "cullface": "down"}
			}
		},
		{
			"from": [2, 0, 14],
			"to": [14, 2, 16],
			
			"faces": {
				"north": {"uv": [2, 0, 14, 2], "texture": "#0", "cullface": "down"},
				"south": {"uv": [2, 14, 14, 16], "texture": "#0", "cullface": "south"},
				"up": {"uv": [2, 0, 14, 2], "texture": "#0", "cullface": "south"},
				"down": {"uv": [2, 0, 14, 2], "texture": "#0", "cullface": "down"}
			}
		},
		{
			"from": [0, 0, 2],
			"to": [2, 2, 14],
			
			"faces": {
				"east": {"uv": [2, 0, 14, 2], "texture": "#0", "cullface": "down"},
				"west": {"uv": [2, 14, 14, 16], "texture": "#0", "cullface": "west"},
				"up": {"uv": [14, 2, 16, 14], "texture": "#0", "cullface": "west"},
				"down": {"uv": [0, 2, 2, 14], "texture": "#0", "cullface": "down"}
			}
		},
		{
			"from": [14, 0, 2],
			"to": [16, 2, 14],
			
			"faces": {
				"east": {"uv": [2, 14, 14, 16], "texture": "#0", "cullface": "east"},
				"west": {"uv": [2, 0, 14, 2], "texture": "#0", "cullface": "down"},
				"up": {"uv": [0, 2, 2, 14], "texture": "#0", "cullface": "east"},
				"down": {"uv": [14, 2, 16, 14], "texture": "#0", "cullface": "down"}
			}
		},
		{
			"from": [14, 14, 2],
			"to": [16, 16, 14],
			
			"faces": {
				"east": {"uv": [2, 0, 14, 2], "texture": "#0", "cullface": "east"},
				"west": {"uv": [2, 14, 14, 16], "texture": "#0", "cullface": "up"},
				"up": {"uv": [14, 2, 16, 14], "texture": "#0", "cullface": "up"},
				"down": {"uv": [0, 2, 2, 14], "texture": "#0", "cullface": "east"}
			}
		},
		{
			"from": [2, 14, 0],
			"to": [14, 16, 2],
			
			"faces": {
				"north": {"uv": [2, 0, 14, 2], "texture": "#0", "cullface": "north"},
				"south": {"uv": [2, 14, 14, 16], "texture": "#0", "cullface": "up"},
				"up": {"uv": [2, 0, 14, 2], "texture": "#0", "cullface": "up"},
				"down": {"uv": [2, 0, 14, 2], "texture": "#0", "cullface": "north"}
			}
		},
		{
			"from": [2, 14, 14],
			"to": [14, 16, 16],
			
			"faces": {
				"north": {"uv": [2, 14, 14, 16], "texture": "#0", "cullface": "up"},
				"south": {"uv": [2, 0, 14, 2], "texture": "#0", "cullface": "south"},
				"up": {"uv": [2, 14, 14, 16], "texture": "#0", "cullface": "up"},
				"down": {"uv": [2, 14, 14, 16], "texture": "#0", "cullface": "south"}
			}
		},
		{
			"from": [0, 14, 2],
			"to": [2, 16, 14],
			
			"faces": {
				"east": {"uv": [2, 14, 14, 16], "texture": "#0", "cullface": "up"},
				"west": {"uv": [2, 0, 14, 2], "texture": "#0", "cullface": "west"},
				"up": {"uv": [0, 2, 2, 14], "texture": "#0", "cullface": "up"},
				"down": {"uv": [14, 2, 16, 14], "texture": "#0", "cullface": "west"}
			}
		},
		{
			"from": [1, 1, 1],
			"to": [15, 15, 15],
			
			"faces": {
				"north": {"uv": [1, 1, 15, 15], "texture": "#1", "cullface": "north"},
				"east": {"uv": [1, 1, 15, 15], "texture": "#1", "cullface": "east"},
				"south": {"uv": [1, 1, 15, 15], "texture": "#1", "cullface": "south"},
				"west": {"uv": [1, 1, 15, 15], "texture": "#1", "cullface": "west"},
				"up": {"uv": [1, 1, 15, 15], "texture": "#1", "cullface": "up"},
				"down": {"uv": [1, 1, 15, 15], "texture": "#1", "cullface": "down"}
			}
		},
		{
			"from": [-0.5, 6, 14.75],
			"to": [1.5, 10, 15.75],
			"rotation": {"angle": -45, "axis": "z", "origin": [8, 8, 8]},
			"faces": {
				"east": {"uv": [15, 6, 16, 10], "texture": "#1", "cullface": "south"},
				"south": {"uv": [0, 6, 2, 10], "texture": "#1", "cullface": "south"}
			}
		},
		{
			"from": [6.5, 0, 14.25],
			"to": [9.5, 16, 15.25],
			"rotation": {"angle": 45, "axis": "z", "origin": [8, 8, 8]},
			"faces": {
				"east": {"uv": [0, 0, 16, 1], "rotation": 90, "texture": "#1", "cullface": "south"},
				"south": {"uv": [0, 13, 16, 16], "rotation": 90, "texture": "#1", "cullface": "south"},
				"west": {"uv": [0, 2, 16, 3], "rotation": 90, "texture": "#1", "cullface": "south"}
			}
		},
		{
			"from": [6.5, 0, 14.5],
			"to": [9.5, 16, 15.5],
			"rotation": {"angle": -45, "axis": "z", "origin": [8, 8, 8]},
			"faces": {
				"east": {"uv": [0, 15, 16, 16], "rotation": 90, "texture": "#1", "cullface": "south"},
				"south": {"uv": [0, 0, 16, 3], "rotation": 90, "texture": "#1", "cullface": "south"},
				"west": {"uv": [0, 13, 16, 14], "rotation": 90, "texture": "#1", "cullface": "south"}
			}
		},
		{
			"from": [14.5, 6, 14.75],
			"to": [16.5, 10, 15.75],
			"rotation": {"angle": 45, "axis": "z", "origin": [8, 8, 8]},
			"faces": {
				"south": {"uv": [14, 6, 16, 10], "texture": "#1", "cullface": "south"},
				"west": {"uv": [0, 6, 1, 10], "texture": "#1", "cullface": "south"}
			}
		},
		{
			"from": [6, -0.5, 14.75],
			"to": [10, 1.5, 15.75],
			"rotation": {"angle": 45, "axis": "z", "origin": [8, 8, 8]},
			"faces": {
				"south": {"uv": [6, 14, 10, 16], "texture": "#1", "cullface": "south"},
				"up": {"uv": [6, 0, 10, 1], "texture": "#1", "cullface": "south"}
			}
		},
		{
			"from": [6, -0.5, 14.75],
			"to": [10, 1.5, 15.75],
			"rotation": {"angle": -45, "axis": "z", "origin": [8, 8, 8]},
			"faces": {
				"south": {"uv": [6, 1, 10, 3], "texture": "#1", "cullface": "south"},
				"up": {"uv": [6, 13, 10, 14], "texture": "#1", "cullface": "south"}
			}
		},
		{
			"from": [14.75, 14.5, 6],
			"to": [15.75, 16.5, 10],
			"rotation": {"angle": 45, "axis": "x", "origin": [8, 8, 8]},
			"faces": {
				"east": {"uv": [0, 6, 2, 10], "rotation": 90, "texture": "#1", "cullface": "east"},
				"down": {"uv": [15, 6, 16, 10], "rotation": 180, "texture": "#1", "cullface": "east"}
			}
		},
		{
			"from": [14.25, 0, 6.5],
			"to": [15.25, 16, 9.5],
			"rotation": {"angle": 45, "axis": "x", "origin": [8, 8, 8]},
			"faces": {
				"north": {"uv": [0, 0, 16, 1], "rotation": 90, "texture": "#1", "cullface": "east"},
				"east": {"uv": [0, 13, 16, 16], "rotation": 90, "texture": "#1", "cullface": "east"},
				"south": {"uv": [0, 2, 16, 3], "rotation": 90, "texture": "#1", "cullface": "east"}
			}
		},
		{
			"from": [14.5, 6.5, 0],
			"to": [15.5, 9.5, 16],
			"rotation": {"angle": 45, "axis": "x", "origin": [8, 8, 8]},
			"faces": {
				"east": {"uv": [0, 0, 16, 3], "rotation": 180, "texture": "#1", "cullface": "east"},
				"up": {"uv": [0, 13, 16, 14], "rotation": 90, "texture": "#1", "cullface": "east"},
				"down": {"uv": [0, 15, 16, 16], "rotation": 270, "texture": "#1", "cullface": "east"}
			}
		},
		{
			"from": [14.75, 6, -0.5],
			"to": [15.75, 10, 1.5],
			"rotation": {"angle": 45, "axis": "x", "origin": [8, 8, 8]},
			"faces": {
				"east": {"uv": [14, 6, 16, 10], "texture": "#1", "cullface": "east"},
				"south": {"uv": [0, 6, 1, 10], "texture": "#1", "cullface": "east"}
			}
		},
		{
			"from": [14.75, -0.5, 6],
			"to": [15.75, 1.5, 10],
			"rotation": {"angle": 45, "axis": "x", "origin": [8, 8, 8]},
			"faces": {
				"east": {"uv": [6, 14, 10, 16], "texture": "#1", "cullface": "east"},
				"up": {"uv": [6, 0, 10, 1], "rotation": 270, "texture": "#1", "cullface": "east"}
			}
		},
		{
			"from": [14.75, 6, 14.5],
			"to": [15.75, 10, 16.5],
			"rotation": {"angle": 45, "axis": "x", "origin": [8, 8, 8]},
			"faces": {
				"north": {"uv": [6, 13, 10, 14], "rotation": 90, "texture": "#1", "cullface": "east"},
				"east": {"uv": [6, 1, 10, 3], "rotation": 90, "texture": "#1", "cullface": "east"}
			}
		},
		{
			"from": [6, 14.5, 0.25],
			"to": [10, 16.5, 1.25],
			"rotation": {"angle": -45, "axis": "z", "origin": [8, 8, 8]},
			"faces": {
				"north": {"uv": [0, 6, 2, 10], "rotation": 90, "texture": "#1", "cullface": "north"},
				"down": {"uv": [15, 6, 16, 10], "rotation": 270, "texture": "#1", "cullface": "north"}
			}
		},
		{
			"from": [6.5, 0, 0.75],
			"to": [9.5, 16, 1.75],
			"rotation": {"angle": -45, "axis": "z", "origin": [8, 8, 8]},
			"faces": {
				"north": {"uv": [0, 13, 16, 16], "rotation": 90, "texture": "#1", "cullface": "north"},
				"east": {"uv": [0, 2, 16, 3], "rotation": 90, "texture": "#1", "cullface": "north"},
				"west": {"uv": [0, 0, 16, 1], "rotation": 90, "texture": "#1", "cullface": "north"}
			}
		},
		{
			"from": [0, 6.5, 0.5],
			"to": [16, 9.5, 1.5],
			"rotation": {"angle": -45, "axis": "z", "origin": [8, 8, 8]},
			"faces": {
				"north": {"uv": [0, 0, 16, 3], "rotation": 180, "texture": "#1", "cullface": "north"},
				"up": {"uv": [0, 13, 16, 14], "texture": "#1", "cullface": "north"},
				"down": {"uv": [0, 15, 16, 16], "texture": "#1", "cullface": "north"}
			}
		},
		{
			"from": [-0.5, 6, 0.25],
			"to": [1.5, 10, 1.25],
			"rotation": {"angle": -45, "axis": "z", "origin": [8, 8, 8]},
			"faces": {
				"north": {"uv": [14, 6, 16, 10], "texture": "#1", "cullface": "north"},
				"east": {"uv": [0, 6, 1, 10], "texture": "#1", "cullface": "north"}
			}
		},
		{
			"from": [6, -0.5, 0.25],
			"to": [10, 1.5, 1.25],
			"rotation": {"angle": -45, "axis": "z", "origin": [8, 8, 8]},
			"faces": {
				"north": {"uv": [6, 14, 10, 16], "texture": "#1", "cullface": "north"},
				"up": {"uv": [6, 0, 10, 1], "rotation": 180, "texture": "#1", "cullface": "north"}
			}
		},
		{
			"from": [14.5, 6, 0.25],
			"to": [16.5, 10, 1.25],
			"rotation": {"angle": -45, "axis": "z", "origin": [8, 8, 8]},
			"faces": {
				"north": {"uv": [6, 1, 10, 3], "rotation": 90, "texture": "#1", "cullface": "north"},
				"west": {"uv": [6, 13, 10, 14], "rotation": 90, "texture": "#1", "cullface": "north"}
			}
		},
		{
			"from": [0.25, 14.5, 6],
			"to": [1.25, 16.5, 10],
			"rotation": {"angle": -45, "axis": "x", "origin": [8, 8, 8]},
			"faces": {
				"west": {"uv": [0, 6, 2, 10], "rotation": 90, "texture": "#1", "cullface": "west"},
				"down": {"uv": [15, 6, 16, 10], "texture": "#1", "cullface": "west"}
			}
		},
		{
			"from": [0.75, 0, 6.5],
			"to": [1.75, 16, 9.5],
			"rotation": {"angle": -45, "axis": "x", "origin": [8, 8, 8]},
			"faces": {
				"north": {"uv": [0, 2, 16, 3], "rotation": 90, "texture": "#1", "cullface": "west"},
				"south": {"uv": [0, 0, 16, 1], "rotation": 90, "texture": "#1", "cullface": "west"},
				"west": {"uv": [0, 13, 16, 16], "rotation": 90, "texture": "#1", "cullface": "west"}
			}
		},
		{
			"from": [0.5, 6.5, 0],
			"to": [1.5, 9.5, 16],
			"rotation": {"angle": -45, "axis": "x", "origin": [8, 8, 8]},
			"faces": {
				"west": {"uv": [0, 0, 16, 3], "rotation": 180, "texture": "#1", "cullface": "west"},
				"up": {"uv": [0, 13, 16, 14], "rotation": 270, "texture": "#1", "cullface": "west"},
				"down": {"uv": [0, 15, 16, 16], "rotation": 90, "texture": "#1", "cullface": "west"}
			}
		},
		{
			"from": [0.25, 6, 14.5],
			"to": [1.25, 10, 16.5],
			"rotation": {"angle": -45, "axis": "x", "origin": [8, 8, 8]},
			"faces": {
				"north": {"uv": [0, 6, 1, 10], "texture": "#1", "cullface": "west"},
				"west": {"uv": [14, 6, 16, 10], "texture": "#1", "cullface": "west"}
			}
		},
		{
			"from": [0.25, -0.5, 6],
			"to": [1.25, 1.5, 10],
			"rotation": {"angle": -45, "axis": "x", "origin": [8, 8, 8]},
			"faces": {
				"west": {"uv": [6, 14, 10, 16], "texture": "#1", "cullface": "west"},
				"up": {"uv": [6, 0, 10, 1], "rotation": 90, "texture": "#1", "cullface": "west"}
			}
		},
		{
			"from": [0.25, 6, -0.5],
			"to": [1.25, 10, 1.5],
			"rotation": {"angle": -45, "axis": "x", "origin": [8, 8, 8]},
			"faces": {
				"south": {"uv": [6, 13, 10, 14], "rotation": 90, "texture": "#1", "cullface": "west"},
				"west": {"uv": [6, 1, 10, 3], "rotation": 90, "texture": "#1", "cullface": "west"}
			}
		},
		{
			"from": [6, 14.75, -0.5],
			"to": [10, 15.75, 1.5],
			"rotation": {"angle": 45, "axis": "y", "origin": [8, 8, 8]},
			"faces": {
				"south": {"uv": [15, 6, 16, 10], "rotation": 90, "texture": "#1", "cullface": "up"},
				"up": {"uv": [0, 6, 2, 10], "rotation": 90, "texture": "#1", "cullface": "up"}
			}
		},
		{
			"from": [6.5, 14.25, 0],
			"to": [9.5, 15.25, 16],
			"rotation": {"angle": 45, "axis": "y", "origin": [8, 8, 8]},
			"faces": {
				"east": {"uv": [0, 0, 16, 1], "rotation": 180, "texture": "#1", "cullface": "up"},
				"west": {"uv": [0, 2, 16, 3], "texture": "#1", "cullface": "up"},
				"up": {"uv": [0, 13, 16, 16], "rotation": 90, "texture": "#1", "cullface": "up"}
			}
		},
		{
			"from": [0, 14.5, 6.5],
			"to": [16, 15.5, 9.5],
			"rotation": {"angle": 45, "axis": "y", "origin": [8, 8, 8]},
			"faces": {
				"north": {"uv": [0, 13, 16, 14], "texture": "#1", "cullface": "up"},
				"south": {"uv": [0, 15, 16, 16], "rotation": 180, "texture": "#1", "cullface": "up"},
				"up": {"uv": [0, 0, 16, 3], "rotation": 180, "texture": "#1", "cullface": "up"}
			}
		},
		{
			"from": [14.5, 14.75, 6],
			"to": [16.5, 15.75, 10],
			"rotation": {"angle": 45, "axis": "y", "origin": [8, 8, 8]},
			"faces": {
				"west": {"uv": [0, 6, 1, 10], "rotation": 270, "texture": "#1", "cullface": "up"},
				"up": {"uv": [14, 6, 16, 10], "texture": "#1", "cullface": "up"}
			}
		},
		{
			"from": [6, 14.75, 14.5],
			"to": [10, 15.75, 16.5],
			"rotation": {"angle": 45, "axis": "y", "origin": [8, 8, 8]},
			"faces": {
				"north": {"uv": [6, 0, 10, 1], "rotation": 180, "texture": "#1", "cullface": "up"},
				"up": {"uv": [6, 14, 10, 16], "texture": "#1", "cullface": "up"}
			}
		},
		{
			"from": [-0.5, 14.75, 6],
			"to": [1.5, 15.75, 10],
			"rotation": {"angle": 45, "axis": "y", "origin": [8, 8, 8]},
			"faces": {
				"east": {"uv": [6, 13, 10, 14], "rotation": 180, "texture": "#1", "cullface": "up"},
				"up": {"uv": [6, 1, 10, 3], "rotation": 90, "texture": "#1", "cullface": "up"}
			}
		},
		{
			"from": [6, 0.25, -0.5],
			"to": [10, 1.25, 1.5],
			"rotation": {"angle": -45, "axis": "y", "origin": [8, 8, 8]},
			"faces": {
				"south": {"uv": [15, 6, 16, 10], "rotation": 270, "texture": "#1", "cullface": "down"},
				"down": {"uv": [0, 6, 2, 10], "rotation": 270, "texture": "#1", "cullface": "down"}
			}
		},
		{
			"from": [6.5, 0.75, 0],
			"to": [9.5, 1.75, 16],
			"rotation": {"angle": -45, "axis": "y", "origin": [8, 8, 8]},
			"faces": {
				"east": {"uv": [0, 2, 16, 3], "rotation": 180, "texture": "#1", "cullface": "down"},
				"west": {"uv": [0, 0, 16, 1], "texture": "#1", "cullface": "down"},
				"down": {"uv": [0, 13, 16, 16], "rotation": 270, "texture": "#1", "cullface": "down"}
			}
		},
		{
			"from": [0, 0.5, 6.5],
			"to": [16, 1.5, 9.5],
			"rotation": {"angle": -45, "axis": "y", "origin": [8, 8, 8]},
			"faces": {
				"north": {"uv": [0, 13, 16, 14], "rotation": 180, "texture": "#1", "cullface": "down"},
				"south": {"uv": [0, 15, 16, 16], "texture": "#1", "cullface": "down"},
				"down": {"uv": [0, 0, 16, 3], "texture": "#1", "cullface": "down"}
			}
		},
		{
			"from": [-0.5, 0.25, 6],
			"to": [1.5, 1.25, 10],
			"rotation": {"angle": -45, "axis": "y", "origin": [8, 8, 8]},
			"faces": {
				"east": {"uv": [0, 6, 1, 10], "rotation": 90, "texture": "#1", "cullface": "down"},
				"down": {"uv": [14, 6, 16, 10], "rotation": 180, "texture": "#1", "cullface": "down"}
			}
		},
		{
			"from": [6, 0.25, 14.5],
			"to": [10, 1.25, 16.5],
			"rotation": {"angle": -45, "axis": "y", "origin": [8, 8, 8]},
			"faces": {
				"north": {"uv": [6, 0, 10, 1], "texture": "#1", "cullface": "down"},
				"down": {"uv": [6, 14, 10, 16], "rotation": 180, "texture": "#1", "cullface": "down"}
			}
		},
		{
			"from": [14.5, 0.25, 6],
			"to": [16.5, 1.25, 10],
			"rotation": {"angle": -45, "axis": "y", "origin": [8, 8, 8]},
			"faces": {
				"west": {"uv": [6, 13, 10, 14], "texture": "#1", "cullface": "down"},
				"down": {"uv": [6, 1, 10, 3], "rotation": 270, "texture": "#1", "cullface": "down"}
			}
		}
	],
	"groups": [
		0,
		1,
		2,
		3,
		4,
		5,
		6,
		7,
		8,
		9,
		10,
		11,
		12,
		{
			"name": "South",
			"origin": [2, 2, 8],
			"color": 0,
			"children": [13, 14, 15, 16, 17, 18]
		},
		{
			"name": "East",
			"origin": [2, 2, 8],
			"color": 0,
			"children": [19, 20, 21, 22, 23, 24]
		},
		{
			"name": "North",
			"origin": [2, 2, 8],
			"color": 0,
			"children": [25, 26, 27, 28, 29, 30]
		},
		{
			"name": "West",
			"origin": [2, 2, 8],
			"color": 0,
			"children": [31, 32, 33, 34, 35, 36]
		},
		{
			"name": "Up",
			"origin": [2, 2, 8],
			"color": 0,
			"children": [37, 38, 39, 40, 41, 42]
		},
		{
			"name": "Down",
			"origin": [2, 2, 8],
			"color": 0,
			"children": [43, 44, 45, 46, 47, 48]
		}
	]
}