{
	"credit": "Yuushya",
	"ambientocclusion": false,
	"textures": {
		"1": "block/cobwebb",
		"particle": "block/cobweb"
	},
	"elements": [
		{
			"from": [0.8, -16, 8],
			"to": [15.2, 0, 8],
			"shade": false,
			"rotation": {"angle": 45, "axis": "y", "origin": [8, -8, 8]},
			"faces": {
				"north": {"uv": [8, 8, 16, 16], "texture": "#1", "cullface": "down"},
				"south": {"uv": [8, 8, 16, 16], "texture": "#1", "cullface": "down"}
			}
		},
		{
			"from": [8, -16, 0.8],
			"to": [8, 0, 15.2],
			"shade": false,
			"rotation": {"angle": 45, "axis": "y", "origin": [8, -8, 8]},
			"faces": {
				"east": {"uv": [8, 8, 16, 16], "texture": "#1", "cullface": "down"},
				"west": {"uv": [8, 8, 16, 16], "texture": "#1", "cullface": "down"}
			}
		},
		{
			"from": [8, 0, 0.8],
			"to": [8, 16, 15.2],
			"shade": false,
			"rotation": {"angle": 45, "axis": "y", "origin": [8, 8, 8]},
			"faces": {
				"north": {"uv": [0, 0, 0, 0], "texture": "#1"},
				"east": {"uv": [8, 0, 16, 8], "texture": "#1"},
				"south": {"uv": [0, 0, 0, 0], "texture": "#1"},
				"west": {"uv": [8, 0, 16, 8], "texture": "#1"},
				"up": {"uv": [0, 0, 0, 0], "texture": "#1"},
				"down": {"uv": [0, 0, 0, 0], "texture": "#1"}
			}
		},
		{
			"from": [0.8, 0, 8],
			"to": [15.2, 16, 8],
			"shade": false,
			"rotation": {"angle": 45, "axis": "y", "origin": [8, 8, 8]},
			"faces": {
				"north": {"uv": [8, 0, 16, 8], "texture": "#1"},
				"east": {"uv": [0, 0, 0, 0], "texture": "#1"},
				"south": {"uv": [8, 0, 16, 8], "texture": "#1"},
				"west": {"uv": [0, 0, 0, 0], "texture": "#1"},
				"up": {"uv": [0, 0, 0, 0], "texture": "#1"},
				"down": {"uv": [0, 0, 0, 0], "texture": "#1"}
			}
		},
		{
			"from": [8, 0, 0.8],
			"to": [8, 16, 15.2],
			"shade": false,
			"rotation": {"angle": 45, "axis": "y", "origin": [8, 8, 8]},
			"faces": {
				"north": {"uv": [0, 0, 0, 0], "texture": "#missing", "cullface": "down"},
				"east": {"uv": [0, 0, 8, 8], "texture": "#1", "cullface": "down"},
				"south": {"uv": [0, 0, 0, 0], "texture": "#missing", "cullface": "down"},
				"west": {"uv": [0, 0, 8, 8], "texture": "#1", "cullface": "down"},
				"up": {"uv": [0, 0, 0, 0], "texture": "#missing", "cullface": "down"},
				"down": {"uv": [0, 0, 0, 0], "texture": "#missing", "cullface": "down"}
			}
		},
		{
			"from": [0.8, 0, 8],
			"to": [15.2, 16, 8],
			"shade": false,
			"rotation": {"angle": 45, "axis": "y", "origin": [8, 8, 8]},
			"faces": {
				"north": {"uv": [0, 0, 8, 8], "texture": "#1", "cullface": "down"},
				"east": {"uv": [0, 0, 0, 0], "texture": "#missing", "cullface": "down"},
				"south": {"uv": [0, 0, 8, 8], "texture": "#1", "cullface": "down"},
				"west": {"uv": [0, 0, 0, 0], "texture": "#missing", "cullface": "down"},
				"up": {"uv": [0, 0, 0, 0], "texture": "#missing", "cullface": "down"},
				"down": {"uv": [0, 0, 0, 0], "texture": "#missing", "cullface": "down"}
			}
		}
	]
}