{
	"credit": "Made with Blockbench",
	"parent": "block/block",
	"textures": {
		"0": "block/copper_block",
		"1": "block/chiseled_copper",
		"3": "block/copper_bulb",
		"particle": "block/copper_block"
	},
	"elements": [
		{
			"from": [0, 0, 0],
			"to": [1, 16, 1],
			"faces": {
				"north": {"uv": [15, 0, 16, 16], "texture": "#0", "cullface": "north"},
				"east": {"uv": [1, 0, 2, 16], "texture": "#0", "cullface": "north"},
				"south": {"uv": [14, 0, 15, 16], "texture": "#0", "cullface": "west"},
				"west": {"uv": [0, 0, 1, 16], "texture": "#0", "cullface": "west"},
				"up": {"uv": [0, 0, 1, 1], "texture": "#0", "cullface": "up"},
				"down": {"uv": [0, 15, 1, 16], "texture": "#0", "cullface": "down"}
			}
		},
		{
			"from": [15, 0, 0],
			"to": [16, 16, 1],
			
			"faces": {
				"north": {"uv": [0, 0, 1, 16], "texture": "#0", "cullface": "north"},
				"east": {"uv": [15, 0, 16, 16], "texture": "#0", "cullface": "east"},
				"south": {"uv": [1, 0, 2, 16], "texture": "#0", "cullface": "east"},
				"west": {"uv": [14, 0, 15, 16], "texture": "#0", "cullface": "north"},
				"up": {"uv": [15, 0, 16, 1], "texture": "#0", "cullface": "up"},
				"down": {"uv": [15, 15, 16, 16], "texture": "#0", "cullface": "down"}
			}
		},
		{
			"from": [0, 0, 15],
			"to": [1, 16, 16],
			
			"faces": {
				"north": {"uv": [1, 0, 2, 16], "texture": "#0", "cullface": "west"},
				"east": {"uv": [14, 0, 15, 16], "texture": "#0", "cullface": "south"},
				"south": {"uv": [0, 0, 1, 16], "texture": "#0", "cullface": "south"},
				"west": {"uv": [15, 0, 16, 16], "texture": "#0", "cullface": "west"},
				"up": {"uv": [0, 15, 1, 16], "texture": "#0", "cullface": "up"},
				"down": {"uv": [0, 0, 1, 1], "texture": "#0", "cullface": "down"}
			}
		},
		{
			"from": [15, 0, 15],
			"to": [16, 16, 16],
			
			"faces": {
				"north": {"uv": [14, 0, 15, 16], "texture": "#0", "cullface": "east"},
				"east": {"uv": [0, 0, 1, 16], "texture": "#0", "cullface": "east"},
				"south": {"uv": [15, 0, 16, 16], "texture": "#0", "cullface": "south"},
				"west": {"uv": [1, 0, 2, 16], "texture": "#0", "cullface": "south"},
				"up": {"uv": [15, 15, 16, 16], "texture": "#0", "cullface": "up"},
				"down": {"uv": [15, 0, 16, 1], "texture": "#0", "cullface": "down"}
			}
		},
		{
			"from": [1, 0, 0],
			"to": [15, 1, 1],
			
			"faces": {
				"north": {"uv": [1, 15, 15, 16], "texture": "#0", "cullface": "north"},
				"south": {"uv": [1, 1, 15, 2], "texture": "#0", "cullface": "down"},
				"up": {"uv": [1, 14, 15, 15], "texture": "#0", "cullface": "north"},
				"down": {"uv": [1, 15, 15, 16], "texture": "#0", "cullface": "down"}
			}
		},
		{
			"from": [1, 0, 15],
			"to": [15, 1, 16],
			
			"faces": {
				"north": {"uv": [1, 1, 15, 2], "texture": "#0", "cullface": "down"},
				"south": {"uv": [1, 15, 15, 16], "texture": "#0", "cullface": "south"},
				"up": {"uv": [1, 1, 15, 2], "texture": "#0", "cullface": "south"},
				"down": {"uv": [1, 0, 15, 1], "texture": "#0", "cullface": "down"}
			}
		},
		{
			"from": [0, 0, 1],
			"to": [1, 1, 15],
			
			"faces": {
				"east": {"uv": [1, 1, 15, 2], "texture": "#0", "cullface": "down"},
				"west": {"uv": [1, 15, 15, 16], "texture": "#0", "cullface": "west"},
				"up": {"uv": [14, 1, 15, 15], "texture": "#0", "cullface": "west"},
				"down": {"uv": [0, 1, 1, 15], "texture": "#0", "cullface": "down"}
			}
		},
		{
			"from": [15, 0, 1],
			"to": [16, 1, 15],
			
			"faces": {
				"east": {"uv": [1, 15, 15, 16], "texture": "#0", "cullface": "east"},
				"west": {"uv": [1, 1, 15, 2], "texture": "#0", "cullface": "down"},
				"up": {"uv": [1, 1, 2, 15], "texture": "#0", "cullface": "east"},
				"down": {"uv": [15, 1, 16, 15], "texture": "#0", "cullface": "down"}
			}
		},
		{
			"from": [15, 15, 1],
			"to": [16, 16, 15],
			
			"faces": {
				"east": {"uv": [1, 0, 15, 1], "texture": "#0", "cullface": "east"},
				"west": {"uv": [1, 14, 15, 15], "texture": "#0", "cullface": "up"},
				"up": {"uv": [15, 1, 16, 15], "texture": "#0", "cullface": "up"},
				"down": {"uv": [1, 1, 2, 15], "texture": "#0", "cullface": "east"}
			}
		},
		{
			"from": [1, 15, 0],
			"to": [15, 16, 1],
			
			"faces": {
				"north": {"uv": [1, 0, 15, 1], "texture": "#0", "cullface": "north"},
				"south": {"uv": [1, 14, 15, 15], "texture": "#0", "cullface": "up"},
				"up": {"uv": [1, 0, 15, 1], "texture": "#0", "cullface": "up"},
				"down": {"uv": [1, 1, 15, 2], "texture": "#0", "cullface": "north"}
			}
		},
		{
			"from": [1, 15, 15],
			"to": [15, 16, 16],
			
			"faces": {
				"north": {"uv": [1, 14, 15, 15], "texture": "#0", "cullface": "up"},
				"south": {"uv": [1, 0, 15, 1], "texture": "#0", "cullface": "south"},
				"up": {"uv": [1, 15, 15, 16], "texture": "#0", "cullface": "up"},
				"down": {"uv": [1, 14, 15, 15], "texture": "#0", "cullface": "south"}
			}
		},
		{
			"from": [0, 15, 1],
			"to": [1, 16, 15],
			
			"faces": {
				"east": {"uv": [2, 14, 16, 15], "texture": "#0", "cullface": "up"},
				"west": {"uv": [1, 0, 15, 1], "texture": "#0", "cullface": "west"},
				"up": {"uv": [0, 1, 1, 15], "texture": "#0", "cullface": "up"},
				"down": {"uv": [14, 1, 15, 15], "texture": "#0", "cullface": "west"}
			}
		},
		{
			"from": [1, 1, 1],
			"to": [15, 15, 15],
			
			"faces": {
				"north": {"uv": [1, 1, 15, 15], "texture": "#3", "cullface": "north"},
				"east": {"uv": [1, 1, 15, 15], "texture": "#3", "cullface": "east"},
				"south": {"uv": [1, 1, 15, 15], "texture": "#3", "cullface": "south"},
				"west": {"uv": [1, 1, 15, 15], "texture": "#3", "cullface": "west"},
				"up": {"uv": [1, 1, 15, 15], "texture": "#3", "cullface": "up"},
				"down": {"uv": [1, 1, 15, 15], "texture": "#3", "cullface": "down"}
			}
		},
		{
			"from": [6, 16, 15.75],
			"to": [10, 17, 15.75],
			"rotation": {"angle": -45, "axis": "z", "origin": [8, 8, 8]},
			"faces": {
				"south": {"uv": [6, 1, 10, 2], "texture": "#1", "cullface": "south"},
				"down": {"uv": [14, 6, 15, 13], "rotation": 90, "texture": "#1", "cullface": "south"}
			}
		},
		{
			"from": [7, 1, 14.5],
			"to": [9, 15, 15.5],
			
			"faces": {
				"east": {"uv": [1, 15, 15, 16], "rotation": 270, "texture": "#1", "cullface": "south"},
				"south": {"uv": [1, 1, 15, 3], "rotation": 270, "texture": "#1", "cullface": "south"},
				"west": {"uv": [1, 13, 15, 14], "rotation": 270, "texture": "#1", "cullface": "south"}
			}
		},
		{
			"from": [6, 6, 14.75],
			"to": [10, 10, 15.75],
			"rotation": {"angle": 45, "axis": "z", "origin": [8, 8, 8]},
			"faces": {
				"east": {"uv": [14, 6, 15, 10], "texture": "#1", "cullface": "south"},
				"south": {"uv": [6, 6, 10, 10], "texture": "#0", "cullface": "south"},
				"west": {"uv": [1, 6, 2, 10], "texture": "#1", "cullface": "south"},
				"up": {"uv": [6, 1, 10, 2], "texture": "#1", "cullface": "south"},
				"down": {"uv": [6, 14, 10, 15], "texture": "#1", "cullface": "south"}
			}
		},
		{
			"from": [1, 7, 14.5],
			"to": [15, 9, 15.5],
			
			"faces": {
				"south": {"uv": [0, 1, 2, 15], "rotation": 270, "texture": "#1", "cullface": "south"},
				"up": {"uv": [13, 1, 14, 15], "rotation": 270, "texture": "#1", "cullface": "south"},
				"down": {"uv": [0, 1, 1, 15], "rotation": 270, "texture": "#1", "cullface": "south"}
			}
		},
		{
			"from": [5, 15, 14.75],
			"to": [11, 16, 15.75],
			"rotation": {"angle": 45, "axis": "z", "origin": [8, 8, 7]},
			"faces": {
				"south": {"uv": [5, 15, 11, 16], "texture": "#1", "cullface": "south"},
				"down": {"uv": [5, 2, 11, 3], "texture": "#1", "cullface": "south"}
			}
		},
		{
			"from": [16, 6, 15.75],
			"to": [17, 10, 15.75],
			"rotation": {"angle": -45, "axis": "z", "origin": [8, 8, 8]},
			"faces": {
				"south": {"uv": [1, 6, 2, 10], "texture": "#1", "cullface": "south"},
				"west": {"uv": [14, 6, 15, 13], "rotation": 180, "texture": "#1", "cullface": "south"}
			}
		},
		{
			"from": [0, 5, 14.75],
			"to": [1, 11, 15.75],
			"rotation": {"angle": 45, "axis": "z", "origin": [8, 8, 7]},
			"faces": {
				"east": {"uv": [2, 5, 3, 11], "texture": "#1", "cullface": "south"},
				"south": {"uv": [13, 5, 14, 11], "texture": "#1", "cullface": "south"}
			}
		},
		{
			"from": [-1, 6, 15.75],
			"to": [0, 10, 15.75],
			"rotation": {"angle": 45, "axis": "z", "origin": [8, 8, 8]},
			"faces": {
				"east": {"uv": [14, 6, 15, 13], "texture": "#1", "cullface": "south"},
				"south": {"uv": [14, 6, 15, 10], "texture": "#1", "cullface": "south"}
			}
		},
		{
			"from": [-2, 7, 15.75],
			"to": [-1, 9, 15.75],
			"rotation": {"angle": 45, "axis": "z", "origin": [8, 8, 8]},
			"faces": {
				"east": {"uv": [14, 6, 15, 13], "texture": "#1", "cullface": "south"},
				"south": {"uv": [15, 7, 16, 9], "texture": "#1", "cullface": "south"}
			}
		},
		{
			"from": [17, 7, 15.75],
			"to": [18, 9, 15.75],
			"rotation": {"angle": -45, "axis": "z", "origin": [8, 8, 8]},
			"faces": {
				"south": {"uv": [0, 7, 1, 9], "texture": "#1", "cullface": "south"},
				"west": {"uv": [14, 6, 15, 13], "rotation": 180, "texture": "#1", "cullface": "south"}
			}
		},
		{
			"from": [15, 5, 14.75],
			"to": [16, 11, 15.75],
			"rotation": {"angle": -45, "axis": "z", "origin": [8, 8, 7]},
			"faces": {
				"south": {"uv": [2, 5, 3, 11], "texture": "#1", "cullface": "south"},
				"west": {"uv": [2, 5, 3, 11], "texture": "#1", "cullface": "south"}
			}
		},
		{
			"from": [5, 15, 14.75],
			"to": [11, 16, 15.75],
			"rotation": {"angle": -45, "axis": "z", "origin": [8, 8, 7]},
			"faces": {
				"south": {"uv": [5, 2, 11, 3], "texture": "#1", "cullface": "south"},
				"down": {"uv": [5, 13, 11, 14], "texture": "#1", "cullface": "south"}
			}
		},
		{
			"from": [7, 17, 15.75],
			"to": [9, 18, 15.75],
			"rotation": {"angle": -45, "axis": "z", "origin": [8, 8, 8]},
			"faces": {
				"south": {"uv": [7, 0, 9, 1], "texture": "#1", "cullface": "south"},
				"down": {"uv": [14, 6, 15, 13], "rotation": 90, "texture": "#1", "cullface": "south"}
			}
		},
		{
			"from": [6, 16, 15.75],
			"to": [10, 17, 15.75],
			"rotation": {"angle": 45, "axis": "z", "origin": [8, 8, 8]},
			"faces": {
				"south": {"uv": [6, 14, 10, 15], "texture": "#1", "cullface": "south"},
				"down": {"uv": [14, 6, 15, 13], "rotation": 90, "texture": "#1", "cullface": "south"}
			}
		},
		{
			"from": [7, 17, 15.75],
			"to": [9, 18, 15.75],
			"rotation": {"angle": 45, "axis": "z", "origin": [8, 8, 8]},
			"faces": {
				"south": {"uv": [7, 13, 9, 14], "texture": "#1", "cullface": "south"},
				"down": {"uv": [14, 6, 15, 13], "rotation": 90, "texture": "#1", "cullface": "south"}
			}
		},
		{
			"from": [15.75, 16, 6],
			"to": [15.75, 17, 10],
			"rotation": {"angle": 45, "axis": "x", "origin": [8, 8, 8]},
			"faces": {
				"east": {"uv": [6, 1, 10, 2], "texture": "#1", "cullface": "east"},
				"down": {"uv": [14, 6, 15, 13], "rotation": 180, "texture": "#1", "cullface": "east"}
			}
		},
		{
			"from": [14.5, 1, 7],
			"to": [15.5, 15, 9],
			
			"faces": {
				"north": {"uv": [1, 15, 15, 16], "rotation": 270, "texture": "#1", "cullface": "east"},
				"east": {"uv": [1, 1, 15, 3], "rotation": 270, "texture": "#1", "cullface": "east"},
				"south": {"uv": [1, 13, 15, 14], "rotation": 270, "texture": "#1", "cullface": "east"}
			}
		},
		{
			"from": [14.75, 6, 6],
			"to": [15.75, 10, 10],
			"rotation": {"angle": 45, "axis": "x", "origin": [8, 8, 8]},
			"faces": {
				"north": {"uv": [6, 14, 10, 15], "rotation": 270, "texture": "#1", "cullface": "east"},
				"east": {"uv": [6, 6, 10, 10], "rotation": 270, "texture": "#0", "cullface": "east"},
				"south": {"uv": [6, 1, 10, 2], "rotation": 270, "texture": "#1", "cullface": "east"},
				"up": {"uv": [14, 6, 15, 10], "rotation": 180, "texture": "#1", "cullface": "east"},
				"down": {"uv": [1, 6, 2, 10], "texture": "#1", "cullface": "east"}
			}
		},
		{
			"from": [14.5, 7, 1],
			"to": [15.5, 9, 15],
			
			"faces": {
				"east": {"uv": [0, 1, 2, 15], "rotation": 270, "texture": "#1", "cullface": "east"},
				"up": {"uv": [13, 1, 14, 15], "rotation": 180, "texture": "#1", "cullface": "east"},
				"down": {"uv": [0, 1, 1, 15], "texture": "#1", "cullface": "east"}
			}
		},
		{
			"from": [14.75, 5, 15],
			"to": [15.75, 11, 16],
			"rotation": {"angle": 45, "axis": "x", "origin": [7, 8, 8]},
			"faces": {
				"north": {"uv": [5, 2, 11, 3], "rotation": 270, "texture": "#1", "cullface": "east"},
				"east": {"uv": [5, 15, 11, 16], "rotation": 270, "texture": "#1", "cullface": "east"}
			}
		},
		{
			"from": [15.75, 6, -1],
			"to": [15.75, 10, 0],
			"rotation": {"angle": 45, "axis": "x", "origin": [8, 8, 8]},
			"faces": {
				"east": {"uv": [1, 6, 2, 10], "texture": "#1", "cullface": "east"},
				"south": {"uv": [14, 6, 15, 13], "rotation": 180, "texture": "#1", "cullface": "east"}
			}
		},
		{
			"from": [14.75, 0, 5],
			"to": [15.75, 1, 11],
			"rotation": {"angle": 45, "axis": "x", "origin": [7, 8, 8]},
			"faces": {
				"east": {"uv": [13, 5, 14, 11], "rotation": 270, "texture": "#1", "cullface": "east"},
				"up": {"uv": [2, 5, 3, 11], "rotation": 180, "texture": "#1", "cullface": "east"}
			}
		},
		{
			"from": [15.75, -1, 6],
			"to": [15.75, 0, 10],
			"rotation": {"angle": 45, "axis": "x", "origin": [8, 8, 8]},
			"faces": {
				"east": {"uv": [14, 6, 15, 10], "rotation": 270, "texture": "#1", "cullface": "east"},
				"up": {"uv": [14, 6, 15, 13], "rotation": 180, "texture": "#1", "cullface": "east"}
			}
		},
		{
			"from": [15.75, -2, 7],
			"to": [15.75, -1, 9],
			"rotation": {"angle": 45, "axis": "x", "origin": [8, 8, 8]},
			"faces": {
				"east": {"uv": [15, 7, 16, 9], "rotation": 270, "texture": "#1", "cullface": "east"},
				"up": {"uv": [14, 6, 15, 13], "rotation": 180, "texture": "#1", "cullface": "east"}
			}
		},
		{
			"from": [15.75, 7, -2],
			"to": [15.75, 9, -1],
			"rotation": {"angle": 45, "axis": "x", "origin": [8, 8, 8]},
			"faces": {
				"east": {"uv": [0, 7, 1, 9], "texture": "#1", "cullface": "east"},
				"south": {"uv": [14, 6, 15, 13], "rotation": 180, "texture": "#1", "cullface": "east"}
			}
		},
		{
			"from": [14.75, 5, 0],
			"to": [15.75, 11, 1],
			"rotation": {"angle": 45, "axis": "x", "origin": [7, 8, 8]},
			"faces": {
				"east": {"uv": [2, 5, 3, 11], "texture": "#1", "cullface": "east"},
				"south": {"uv": [2, 5, 3, 11], "texture": "#1", "cullface": "east"}
			}
		},
		{
			"from": [14.75, 15, 5],
			"to": [15.75, 16, 11],
			"rotation": {"angle": 45, "axis": "x", "origin": [7, 8, 8]},
			"faces": {
				"east": {"uv": [5, 2, 11, 3], "texture": "#1", "cullface": "east"},
				"down": {"uv": [5, 13, 11, 14], "rotation": 90, "texture": "#1", "cullface": "east"}
			}
		},
		{
			"from": [15.75, 17, 7],
			"to": [15.75, 18, 9],
			"rotation": {"angle": 45, "axis": "x", "origin": [8, 8, 8]},
			"faces": {
				"east": {"uv": [7, 0, 9, 1], "texture": "#1", "cullface": "east"},
				"down": {"uv": [14, 6, 15, 13], "rotation": 180, "texture": "#1", "cullface": "east"}
			}
		},
		{
			"from": [15.75, 6, 16],
			"to": [15.75, 10, 17],
			"rotation": {"angle": 45, "axis": "x", "origin": [8, 8, 8]},
			"faces": {
				"north": {"uv": [14, 6, 15, 13], "texture": "#1", "cullface": "east"},
				"east": {"uv": [6, 14, 10, 15], "rotation": 270, "texture": "#1", "cullface": "east"}
			}
		},
		{
			"from": [15.75, 7, 17],
			"to": [15.75, 9, 18],
			"rotation": {"angle": 45, "axis": "x", "origin": [8, 8, 8]},
			"faces": {
				"north": {"uv": [14, 6, 15, 13], "texture": "#1", "cullface": "east"},
				"east": {"uv": [7, 13, 9, 14], "rotation": 270, "texture": "#1", "cullface": "east"}
			}
		},
		{
			"from": [6, 16, 0.25],
			"to": [10, 17, 0.25],
			"rotation": {"angle": 45, "axis": "z", "origin": [8, 8, 8]},
			"faces": {
				"north": {"uv": [6, 1, 10, 2], "texture": "#1", "cullface": "north"},
				"down": {"uv": [14, 6, 15, 13], "rotation": 270, "texture": "#1", "cullface": "north"}
			}
		},
		{
			"from": [7, 1, 0.5],
			"to": [9, 15, 1.5],
			
			"faces": {
				"north": {"uv": [1, 1, 15, 3], "rotation": 270, "texture": "#1", "cullface": "north"},
				"east": {"uv": [1, 13, 15, 14], "rotation": 270, "texture": "#1", "cullface": "north"},
				"west": {"uv": [1, 15, 15, 16], "rotation": 270, "texture": "#1", "cullface": "north"}
			}
		},
		{
			"from": [6, 6, 0.25],
			"to": [10, 10, 1.25],
			"rotation": {"angle": 45, "axis": "z", "origin": [8, 8, 8]},
			"faces": {
				"north": {"uv": [6, 6, 10, 10], "rotation": 270, "texture": "#0", "cullface": "north"},
				"east": {"uv": [6, 1, 10, 2], "rotation": 270, "texture": "#1", "cullface": "north"},
				"west": {"uv": [6, 14, 10, 15], "rotation": 270, "texture": "#1", "cullface": "north"},
				"up": {"uv": [14, 6, 15, 10], "rotation": 90, "texture": "#1", "cullface": "north"},
				"down": {"uv": [1, 6, 2, 10], "rotation": 90, "texture": "#1", "cullface": "north"}
			}
		},
		{
			"from": [1, 7, 0.5],
			"to": [15, 9, 1.5],
			
			"faces": {
				"north": {"uv": [0, 1, 2, 15], "rotation": 270, "texture": "#1", "cullface": "north"},
				"up": {"uv": [13, 1, 14, 15], "rotation": 90, "texture": "#1", "cullface": "north"},
				"down": {"uv": [0, 1, 1, 15], "rotation": 90, "texture": "#1", "cullface": "north"}
			}
		},
		{
			"from": [15, 5, 0.25],
			"to": [16, 11, 1.25],
			"rotation": {"angle": 45, "axis": "z", "origin": [8, 8, 8]},
			"faces": {
				"north": {"uv": [5, 15, 11, 16], "rotation": 270, "texture": "#1", "cullface": "north"},
				"west": {"uv": [5, 2, 11, 3], "rotation": 270, "texture": "#1", "cullface": "north"}
			}
		},
		{
			"from": [-1, 6, 0.25],
			"to": [0, 10, 0.25],
			"rotation": {"angle": 45, "axis": "z", "origin": [8, 8, 8]},
			"faces": {
				"north": {"uv": [1, 6, 2, 10], "texture": "#1", "cullface": "north"},
				"east": {"uv": [14, 6, 15, 13], "rotation": 180, "texture": "#1", "cullface": "north"}
			}
		},
		{
			"from": [5, 0, 0.25],
			"to": [11, 1, 1.25],
			"rotation": {"angle": 45, "axis": "z", "origin": [8, 8, 8]},
			"faces": {
				"north": {"uv": [13, 5, 14, 11], "rotation": 270, "texture": "#1", "cullface": "north"},
				"up": {"uv": [2, 5, 3, 11], "rotation": 90, "texture": "#1", "cullface": "north"}
			}
		},
		{
			"from": [6, -1, 0.25],
			"to": [10, 0, 0.25],
			"rotation": {"angle": 45, "axis": "z", "origin": [8, 8, 8]},
			"faces": {
				"north": {"uv": [14, 6, 15, 10], "rotation": 270, "texture": "#1", "cullface": "north"},
				"up": {"uv": [14, 6, 15, 13], "rotation": 90, "texture": "#1", "cullface": "north"}
			}
		},
		{
			"from": [7, -2, 0.25],
			"to": [9, -1, 0.25],
			"rotation": {"angle": 45, "axis": "z", "origin": [8, 8, 8]},
			"faces": {
				"north": {"uv": [15, 7, 16, 9], "rotation": 270, "texture": "#1", "cullface": "north"},
				"up": {"uv": [14, 6, 15, 13], "rotation": 90, "texture": "#1", "cullface": "north"}
			}
		},
		{
			"from": [-2, 7, 0.25],
			"to": [-1, 9, 0.25],
			"rotation": {"angle": 45, "axis": "z", "origin": [8, 8, 8]},
			"faces": {
				"north": {"uv": [0, 7, 1, 9], "texture": "#1", "cullface": "north"},
				"east": {"uv": [14, 6, 15, 13], "rotation": 180, "texture": "#1", "cullface": "north"}
			}
		},
		{
			"from": [0, 5, 0.25],
			"to": [1, 11, 1.25],
			"rotation": {"angle": 45, "axis": "z", "origin": [8, 8, 8]},
			"faces": {
				"north": {"uv": [2, 5, 3, 11], "texture": "#1", "cullface": "north"},
				"east": {"uv": [2, 5, 3, 11], "texture": "#1", "cullface": "north"}
			}
		},
		{
			"from": [5, 15, 0.25],
			"to": [11, 16, 1.25],
			"rotation": {"angle": 45, "axis": "z", "origin": [8, 8, 8]},
			"faces": {
				"north": {"uv": [5, 2, 11, 3], "texture": "#1", "cullface": "north"},
				"down": {"uv": [5, 13, 11, 14], "rotation": 180, "texture": "#1", "cullface": "north"}
			}
		},
		{
			"from": [7, 17, 0.25],
			"to": [9, 18, 0.25],
			"rotation": {"angle": 45, "axis": "z", "origin": [8, 8, 8]},
			"faces": {
				"north": {"uv": [7, 0, 9, 1], "texture": "#1", "cullface": "north"},
				"down": {"uv": [14, 6, 15, 13], "rotation": 270, "texture": "#1", "cullface": "north"}
			}
		},
		{
			"from": [16, 6, 0.25],
			"to": [17, 10, 0.25],
			"rotation": {"angle": 45, "axis": "z", "origin": [8, 8, 8]},
			"faces": {
				"north": {"uv": [6, 14, 10, 15], "rotation": 270, "texture": "#1", "cullface": "north"},
				"west": {"uv": [14, 6, 15, 13], "texture": "#1", "cullface": "north"}
			}
		},
		{
			"from": [17, 7, 0.25],
			"to": [18, 9, 0.25],
			"rotation": {"angle": 45, "axis": "z", "origin": [8, 8, 8]},
			"faces": {
				"north": {"uv": [7, 13, 9, 14], "rotation": 270, "texture": "#1", "cullface": "north"},
				"west": {"uv": [14, 6, 15, 13], "texture": "#1", "cullface": "north"}
			}
		},
		{
			"from": [0.25, 16, 6],
			"to": [0.25, 17, 10],
			"rotation": {"angle": -45, "axis": "x", "origin": [8, 8, 8]},
			"faces": {
				"west": {"uv": [6, 1, 10, 2], "texture": "#1", "cullface": "west"},
				"down": {"uv": [14, 6, 15, 13], "texture": "#1", "cullface": "west"}
			}
		},
		{
			"from": [0.5, 1, 7],
			"to": [1.5, 15, 9],
			
			"faces": {
				"north": {"uv": [1, 13, 15, 14], "rotation": 270, "texture": "#1", "cullface": "west"},
				"south": {"uv": [1, 15, 15, 16], "rotation": 270, "texture": "#1", "cullface": "west"},
				"west": {"uv": [1, 1, 15, 3], "rotation": 270, "texture": "#1", "cullface": "west"}
			}
		},
		{
			"from": [0.25, 6, 6],
			"to": [1.25, 10, 10],
			"rotation": {"angle": -45, "axis": "x", "origin": [8, 8, 8]},
			"faces": {
				"north": {"uv": [6, 1, 10, 2], "rotation": 270, "texture": "#1", "cullface": "west"},
				"south": {"uv": [6, 14, 10, 15], "rotation": 270, "texture": "#1", "cullface": "west"},
				"west": {"uv": [6, 6, 10, 10], "rotation": 270, "texture": "#0", "cullface": "west"},
				"up": {"uv": [14, 6, 15, 10], "texture": "#1", "cullface": "west"},
				"down": {"uv": [1, 6, 2, 10], "rotation": 180, "texture": "#1", "cullface": "west"}
			}
		},
		{
			"from": [0.5, 7, 1],
			"to": [1.5, 9, 15],
			
			"faces": {
				"west": {"uv": [0, 1, 2, 15], "rotation": 270, "texture": "#1", "cullface": "west"},
				"up": {"uv": [13, 1, 14, 15], "texture": "#1", "cullface": "west"},
				"down": {"uv": [0, 1, 1, 15], "rotation": 180, "texture": "#1", "cullface": "west"}
			}
		},
		{
			"from": [0.25, 5, 0],
			"to": [1.25, 11, 1],
			"rotation": {"angle": -45, "axis": "x", "origin": [8, 8, 8]},
			"faces": {
				"south": {"uv": [5, 2, 11, 3], "rotation": 270, "texture": "#1", "cullface": "west"},
				"west": {"uv": [5, 15, 11, 16], "rotation": 270, "texture": "#1", "cullface": "west"}
			}
		},
		{
			"from": [0.25, 6, 16],
			"to": [0.25, 10, 17],
			"rotation": {"angle": -45, "axis": "x", "origin": [8, 8, 8]},
			"faces": {
				"north": {"uv": [14, 6, 15, 13], "rotation": 180, "texture": "#1", "cullface": "west"},
				"west": {"uv": [1, 6, 2, 10], "texture": "#1", "cullface": "west"}
			}
		},
		{
			"from": [0.25, 0, 5],
			"to": [1.25, 1, 11],
			"rotation": {"angle": -45, "axis": "x", "origin": [8, 8, 8]},
			"faces": {
				"west": {"uv": [13, 5, 14, 11], "rotation": 270, "texture": "#1", "cullface": "west"},
				"up": {"uv": [2, 5, 3, 11], "texture": "#1", "cullface": "west"}
			}
		},
		{
			"from": [0.25, -1, 6],
			"to": [0.25, 0, 10],
			"rotation": {"angle": -45, "axis": "x", "origin": [8, 8, 8]},
			"faces": {
				"west": {"uv": [14, 6, 15, 10], "rotation": 270, "texture": "#1", "cullface": "west"},
				"up": {"uv": [14, 6, 15, 13], "texture": "#1", "cullface": "west"}
			}
		},
		{
			"from": [0.25, -2, 7],
			"to": [0.25, -1, 9],
			"rotation": {"angle": -45, "axis": "x", "origin": [8, 8, 8]},
			"faces": {
				"west": {"uv": [15, 7, 16, 9], "rotation": 270, "texture": "#1", "cullface": "west"},
				"up": {"uv": [14, 6, 15, 13], "texture": "#1", "cullface": "west"}
			}
		},
		{
			"from": [0.25, 7, 17],
			"to": [0.25, 9, 18],
			"rotation": {"angle": -45, "axis": "x", "origin": [8, 8, 8]},
			"faces": {
				"north": {"uv": [14, 6, 15, 13], "rotation": 180, "texture": "#1", "cullface": "west"},
				"west": {"uv": [0, 7, 1, 9], "texture": "#1", "cullface": "west"}
			}
		},
		{
			"from": [0.25, 5, 15],
			"to": [1.25, 11, 16],
			"rotation": {"angle": -45, "axis": "x", "origin": [8, 8, 8]},
			"faces": {
				"north": {"uv": [2, 5, 3, 11], "texture": "#1", "cullface": "west"},
				"west": {"uv": [2, 5, 3, 11], "texture": "#1", "cullface": "west"}
			}
		},
		{
			"from": [0.25, 15, 5],
			"to": [1.25, 16, 11],
			"rotation": {"angle": -45, "axis": "x", "origin": [8, 8, 8]},
			"faces": {
				"west": {"uv": [5, 2, 11, 3], "texture": "#1", "cullface": "west"},
				"down": {"uv": [5, 13, 11, 14], "rotation": 270, "texture": "#1", "cullface": "west"}
			}
		},
		{
			"from": [0.25, 17, 7],
			"to": [0.25, 18, 9],
			"rotation": {"angle": -45, "axis": "x", "origin": [8, 8, 8]},
			"faces": {
				"west": {"uv": [7, 0, 9, 1], "texture": "#1", "cullface": "west"},
				"down": {"uv": [14, 6, 15, 13], "texture": "#1", "cullface": "west"}
			}
		},
		{
			"from": [0.25, 6, -1],
			"to": [0.25, 10, 0],
			"rotation": {"angle": -45, "axis": "x", "origin": [8, 8, 8]},
			"faces": {
				"south": {"uv": [14, 6, 15, 13], "texture": "#1", "cullface": "west"},
				"west": {"uv": [6, 14, 10, 15], "rotation": 270, "texture": "#1", "cullface": "west"}
			}
		},
		{
			"from": [0.25, 7, -2],
			"to": [0.25, 9, -1],
			"rotation": {"angle": -45, "axis": "x", "origin": [8, 8, 8]},
			"faces": {
				"south": {"uv": [14, 6, 15, 13], "texture": "#1", "cullface": "west"},
				"west": {"uv": [7, 13, 9, 14], "rotation": 270, "texture": "#1", "cullface": "west"}
			}
		},
		{
			"from": [16, 15.75, 6],
			"to": [17, 15.75, 10],
			"rotation": {"angle": -45, "axis": "y", "origin": [8, 8, 8]},
			"faces": {
				"west": {"uv": [14, 6, 15, 13], "rotation": 90, "texture": "#1", "cullface": "up"},
				"up": {"uv": [6, 1, 10, 2], "rotation": 90, "texture": "#1", "cullface": "up"}
			}
		},
		{
			"from": [7, 14.5, 1],
			"to": [9, 15.5, 15],
			
			"faces": {
				"east": {"uv": [1, 15, 15, 16], "texture": "#1", "cullface": "up"},
				"west": {"uv": [1, 13, 15, 14], "rotation": 180, "texture": "#1", "cullface": "up"},
				"up": {"uv": [1, 1, 15, 3], "rotation": 270, "texture": "#1", "cullface": "up"}
			}
		},
		{
			"from": [6, 14.75, 6],
			"to": [10, 15.75, 10],
			"rotation": {"angle": -45, "axis": "y", "origin": [8, 8, 8]},
			"faces": {
				"north": {"uv": [6, 1, 10, 2], "rotation": 180, "texture": "#1", "cullface": "up"},
				"east": {"uv": [14, 6, 15, 10], "rotation": 90, "texture": "#1", "cullface": "up"},
				"south": {"uv": [6, 14, 10, 15], "texture": "#1", "cullface": "up"},
				"west": {"uv": [1, 6, 2, 10], "rotation": 270, "texture": "#1", "cullface": "up"},
				"up": {"uv": [6, 6, 10, 10], "texture": "#0", "cullface": "up"}
			}
		},
		{
			"from": [1, 14.5, 7],
			"to": [15, 15.5, 9],
			
			"faces": {
				"north": {"uv": [13, 1, 14, 15], "rotation": 90, "texture": "#1", "cullface": "up"},
				"south": {"uv": [0, 1, 1, 15], "rotation": 270, "texture": "#1", "cullface": "up"},
				"up": {"uv": [0, 1, 2, 15], "rotation": 270, "texture": "#1", "cullface": "up"}
			}
		},
		{
			"from": [5, 14.75, 0],
			"to": [11, 15.75, 1],
			"rotation": {"angle": -45, "axis": "y", "origin": [8, 8, 8]},
			"faces": {
				"south": {"uv": [5, 2, 11, 3], "texture": "#1", "cullface": "up"},
				"up": {"uv": [5, 15, 11, 16], "texture": "#1", "cullface": "up"}
			}
		},
		{
			"from": [6, 15.75, 16],
			"to": [10, 15.75, 17],
			"rotation": {"angle": -45, "axis": "y", "origin": [8, 8, 8]},
			"faces": {
				"north": {"uv": [14, 6, 15, 13], "rotation": 90, "texture": "#1", "cullface": "up"},
				"up": {"uv": [1, 6, 2, 10], "rotation": 90, "texture": "#1", "cullface": "up"}
			}
		},
		{
			"from": [0, 14.75, 5],
			"to": [1, 15.75, 11],
			"rotation": {"angle": -45, "axis": "y", "origin": [8, 8, 8]},
			"faces": {
				"east": {"uv": [2, 5, 3, 11], "rotation": 90, "texture": "#1", "cullface": "up"},
				"up": {"uv": [13, 5, 14, 11], "texture": "#1", "cullface": "up"}
			}
		},
		{
			"from": [-1, 15.75, 6],
			"to": [0, 15.75, 10],
			"rotation": {"angle": -45, "axis": "y", "origin": [8, 8, 8]},
			"faces": {
				"east": {"uv": [14, 6, 15, 13], "rotation": 90, "texture": "#1", "cullface": "up"},
				"up": {"uv": [14, 6, 15, 10], "texture": "#1", "cullface": "up"}
			}
		},
		{
			"from": [-2, 15.75, 7],
			"to": [-1, 15.75, 9],
			"rotation": {"angle": -45, "axis": "y", "origin": [8, 8, 8]},
			"faces": {
				"east": {"uv": [14, 6, 15, 13], "rotation": 90, "texture": "#1", "cullface": "up"},
				"up": {"uv": [15, 7, 16, 9], "texture": "#1", "cullface": "up"}
			}
		},
		{
			"from": [7, 15.75, 17],
			"to": [9, 15.75, 18],
			"rotation": {"angle": -45, "axis": "y", "origin": [8, 8, 8]},
			"faces": {
				"north": {"uv": [14, 6, 15, 13], "rotation": 90, "texture": "#1", "cullface": "up"},
				"up": {"uv": [0, 7, 1, 9], "rotation": 90, "texture": "#1", "cullface": "up"}
			}
		},
		{
			"from": [5, 14.75, 15],
			"to": [11, 15.75, 16],
			"rotation": {"angle": -45, "axis": "y", "origin": [8, 8, 8]},
			"faces": {
				"north": {"uv": [2, 5, 3, 11], "rotation": 270, "texture": "#1", "cullface": "up"},
				"up": {"uv": [2, 5, 3, 11], "rotation": 90, "texture": "#1", "cullface": "up"}
			}
		},
		{
			"from": [15, 14.75, 5],
			"to": [16, 15.75, 11],
			"rotation": {"angle": -45, "axis": "y", "origin": [8, 8, 8]},
			"faces": {
				"west": {"uv": [5, 13, 11, 14], "texture": "#1", "cullface": "up"},
				"up": {"uv": [5, 2, 11, 3], "rotation": 90, "texture": "#1", "cullface": "up"}
			}
		},
		{
			"from": [17, 15.75, 7],
			"to": [18, 15.75, 9],
			"rotation": {"angle": -45, "axis": "y", "origin": [8, 8, 8]},
			"faces": {
				"west": {"uv": [14, 6, 15, 13], "rotation": 90, "texture": "#1", "cullface": "up"},
				"up": {"uv": [7, 0, 9, 1], "rotation": 90, "texture": "#1", "cullface": "up"}
			}
		},
		{
			"from": [6, 15.75, -1],
			"to": [10, 15.75, 0],
			"rotation": {"angle": -45, "axis": "y", "origin": [8, 8, 8]},
			"faces": {
				"south": {"uv": [14, 6, 15, 13], "rotation": 90, "texture": "#1", "cullface": "up"},
				"up": {"uv": [6, 14, 10, 15], "texture": "#1", "cullface": "up"}
			}
		},
		{
			"from": [7, 15.75, -2],
			"to": [9, 15.75, -1],
			"rotation": {"angle": -45, "axis": "y", "origin": [8, 8, 8]},
			"faces": {
				"south": {"uv": [14, 6, 15, 13], "rotation": 90, "texture": "#1", "cullface": "up"},
				"up": {"uv": [7, 13, 9, 14], "texture": "#1", "cullface": "up"}
			}
		},
		{
			"from": [-1, 0.25, 6],
			"to": [0, 0.25, 10],
			"rotation": {"angle": 45, "axis": "y", "origin": [8, 8, 8]},
			"faces": {
				"east": {"uv": [14, 6, 15, 13], "rotation": 270, "texture": "#1", "cullface": "down"},
				"down": {"uv": [6, 1, 10, 2], "rotation": 270, "texture": "#1", "cullface": "down"}
			}
		},
		{
			"from": [7, 0.5, 1],
			"to": [9, 1.5, 15],
			
			"faces": {
				"east": {"uv": [1, 15, 15, 16], "rotation": 180, "texture": "#1", "cullface": "down"},
				"west": {"uv": [1, 13, 15, 14], "texture": "#1", "cullface": "down"},
				"down": {"uv": [1, 1, 15, 3], "rotation": 270, "texture": "#1", "cullface": "down"}
			}
		},
		{
			"from": [6, 0.25, 6],
			"to": [10, 1.25, 10],
			"rotation": {"angle": 45, "axis": "y", "origin": [8, 8, 8]},
			"faces": {
				"north": {"uv": [6, 1, 10, 2], "texture": "#1", "cullface": "down"},
				"east": {"uv": [1, 6, 2, 10], "rotation": 90, "texture": "#1", "cullface": "down"},
				"south": {"uv": [6, 14, 10, 15], "rotation": 180, "texture": "#1", "cullface": "down"},
				"west": {"uv": [14, 6, 15, 10], "rotation": 270, "texture": "#1", "cullface": "down"},
				"down": {"uv": [6, 6, 10, 10], "rotation": 180, "texture": "#0", "cullface": "down"}
			}
		},
		{
			"from": [1, 0.5, 7],
			"to": [15, 1.5, 9],
			
			"faces": {
				"north": {"uv": [0, 1, 1, 15], "rotation": 90, "texture": "#1", "cullface": "down"},
				"south": {"uv": [13, 1, 14, 15], "rotation": 270, "texture": "#1", "cullface": "down"},
				"down": {"uv": [0, 1, 2, 15], "rotation": 270, "texture": "#1", "cullface": "down"}
			}
		},
		{
			"from": [5, 0.25, 0],
			"to": [11, 1.25, 1],
			"rotation": {"angle": 45, "axis": "y", "origin": [8, 8, 8]},
			"faces": {
				"south": {"uv": [5, 2, 11, 3], "rotation": 180, "texture": "#1", "cullface": "down"},
				"down": {"uv": [5, 15, 11, 16], "rotation": 180, "texture": "#1", "cullface": "down"}
			}
		},
		{
			"from": [6, 0.25, 16],
			"to": [10, 0.25, 17],
			"rotation": {"angle": 45, "axis": "y", "origin": [8, 8, 8]},
			"faces": {
				"north": {"uv": [14, 6, 15, 13], "rotation": 270, "texture": "#1", "cullface": "down"},
				"down": {"uv": [1, 6, 2, 10], "rotation": 270, "texture": "#1", "cullface": "down"}
			}
		},
		{
			"from": [15, 0.25, 5],
			"to": [16, 1.25, 11],
			"rotation": {"angle": 45, "axis": "y", "origin": [8, 8, 8]},
			"faces": {
				"west": {"uv": [2, 5, 3, 11], "rotation": 270, "texture": "#1", "cullface": "down"},
				"down": {"uv": [13, 5, 14, 11], "rotation": 180, "texture": "#1", "cullface": "down"}
			}
		},
		{
			"from": [16, 0.25, 6],
			"to": [17, 0.25, 10],
			"rotation": {"angle": 45, "axis": "y", "origin": [8, 8, 8]},
			"faces": {
				"west": {"uv": [14, 6, 15, 13], "rotation": 270, "texture": "#1", "cullface": "down"},
				"down": {"uv": [14, 6, 15, 10], "rotation": 180, "texture": "#1", "cullface": "down"}
			}
		},
		{
			"from": [17, 0.25, 7],
			"to": [18, 0.25, 9],
			"rotation": {"angle": 45, "axis": "y", "origin": [8, 8, 8]},
			"faces": {
				"west": {"uv": [14, 6, 15, 13], "rotation": 270, "texture": "#1", "cullface": "down"},
				"down": {"uv": [15, 7, 16, 9], "rotation": 180, "texture": "#1", "cullface": "down"}
			}
		},
		{
			"from": [7, 0.25, 17],
			"to": [9, 0.25, 18],
			"rotation": {"angle": 45, "axis": "y", "origin": [8, 8, 8]},
			"faces": {
				"north": {"uv": [14, 6, 15, 13], "rotation": 270, "texture": "#1", "cullface": "down"},
				"down": {"uv": [0, 7, 1, 9], "rotation": 270, "texture": "#1", "cullface": "down"}
			}
		},
		{
			"from": [5, 0.25, 15],
			"to": [11, 1.25, 16],
			"rotation": {"angle": 45, "axis": "y", "origin": [8, 8, 8]},
			"faces": {
				"north": {"uv": [2, 5, 3, 11], "rotation": 90, "texture": "#1", "cullface": "down"},
				"down": {"uv": [2, 5, 3, 11], "rotation": 270, "texture": "#1", "cullface": "down"}
			}
		},
		{
			"from": [0, 0.25, 5],
			"to": [1, 1.25, 11],
			"rotation": {"angle": 45, "axis": "y", "origin": [8, 8, 8]},
			"faces": {
				"east": {"uv": [5, 13, 11, 14], "rotation": 180, "texture": "#1", "cullface": "down"},
				"down": {"uv": [5, 2, 11, 3], "rotation": 270, "texture": "#1", "cullface": "down"}
			}
		},
		{
			"from": [-2, 0.25, 7],
			"to": [-1, 0.25, 9],
			"rotation": {"angle": 45, "axis": "y", "origin": [8, 8, 8]},
			"faces": {
				"east": {"uv": [14, 6, 15, 13], "rotation": 270, "texture": "#1", "cullface": "down"},
				"down": {"uv": [7, 0, 9, 1], "rotation": 270, "texture": "#1", "cullface": "down"}
			}
		},
		{
			"from": [6, 0.25, -1],
			"to": [10, 0.25, 0],
			"rotation": {"angle": 45, "axis": "y", "origin": [8, 8, 8]},
			"faces": {
				"south": {"uv": [14, 6, 15, 13], "rotation": 270, "texture": "#1", "cullface": "down"},
				"down": {"uv": [6, 14, 10, 15], "rotation": 180, "texture": "#1", "cullface": "down"}
			}
		},
		{
			"from": [7, 0.25, -2],
			"to": [9, 0.25, -1],
			"rotation": {"angle": 45, "axis": "y", "origin": [8, 8, 8]},
			"faces": {
				"south": {"uv": [14, 6, 15, 13], "rotation": 270, "texture": "#1", "cullface": "down"},
				"down": {"uv": [7, 13, 9, 14], "rotation": 180, "texture": "#1", "cullface": "down"}
			}
		}
	],
	"groups": [
		0,
		1,
		2,
		3,
		4,
		5,
		6,
		7,
		8,
		9,
		10,
		11,
		12,
		{
			"name": "South",
			"origin": [8, 8, 8],
			"color": 0,
			"children": [13, 14, 15, 16, 17, 18, 19, 20, 21, 22, 23, 24, 25, 26, 27]
		},
		{
			"name": "East",
			"origin": [8, 8, 8],
			"color": 0,
			"children": [28, 29, 30, 31, 32, 33, 34, 35, 36, 37, 38, 39, 40, 41, 42]
		},
		{
			"name": "North",
			"origin": [8, 8, 8],
			"color": 0,
			"children": [43, 44, 45, 46, 47, 48, 49, 50, 51, 52, 53, 54, 55, 56, 57]
		},
		{
			"name": "West",
			"origin": [8, 8, 8],
			"color": 0,
			"children": [58, 59, 60, 61, 62, 63, 64, 65, 66, 67, 68, 69, 70, 71, 72]
		},
		{
			"name": "Up",
			"origin": [8, 8, 8],
			"color": 0,
			"children": [73, 74, 75, 76, 77, 78, 79, 80, 81, 82, 83, 84, 85, 86, 87]
		},
		{
			"name": "Down",
			"origin": [8, 8, 8],
			"color": 0,
			"children": [88, 89, 90, 91, 92, 93, 94, 95, 96, 97, 98, 99, 100, 101, 102]
		}
	]
}