{
	"credit": "Made with Blockbench",
	"parent": "block/block",
	"textures": {
		"0": "block/copper_block",
		"1": "block/chiseled_copper",
		"particle": "block/copper_block"
	},
	"elements": [
		{
			"from": [0, 13, 0],
			"to": [2, 16, 16],
			
			"faces": {
				"north": {"uv": [0, 13, 2, 16], "rotation": 180, "texture": "#1"},
				"east": {"uv": [13, 0, 16, 16], "rotation": 90, "texture": "#1"},
				"south": {"uv": [0, 0, 2, 3], "texture": "#1"},
				"west": {"uv": [13, 0, 16, 16], "rotation": 270, "texture": "#1"},
				"up": {"uv": [0, 0, 2, 16], "texture": "#0", "cullface": "up"},
				"down": {"uv": [0, 0, 2, 16], "rotation": 180, "texture": "#0"}
			}
		},
		{
			"from": [14, 13, 0],
			"to": [16, 16, 16],
			
			"faces": {
				"north": {"uv": [14, 13, 16, 16], "rotation": 180, "texture": "#1"},
				"east": {"uv": [0, 0, 3, 16], "rotation": 90, "texture": "#1"},
				"south": {"uv": [14, 0, 16, 3], "texture": "#1"},
				"west": {"uv": [0, 0, 3, 16], "rotation": 270, "texture": "#1"},
				"up": {"uv": [14, 0, 16, 16], "texture": "#0", "cullface": "up"},
				"down": {"uv": [14, 0, 16, 16], "rotation": 180, "texture": "#0"}
			}
		},
		{
			"from": [2, 13, 14],
			"to": [14, 16, 16],
			
			"faces": {
				"north": {"uv": [2, 0, 14, 3], "rotation": 180, "texture": "#1"},
				"south": {"uv": [2, 0, 14, 3], "texture": "#1"},
				"up": {"uv": [2, 14, 14, 16], "texture": "#0", "cullface": "up"},
				"down": {"uv": [2, 0, 14, 2], "rotation": 180, "texture": "#0"}
			}
		},
		{
			"from": [2, 13, 0],
			"to": [14, 16, 2],
			
			"faces": {
				"north": {"uv": [2, 13, 14, 16], "rotation": 180, "texture": "#1"},
				"south": {"uv": [2, 13, 14, 16], "texture": "#1"},
				"up": {"uv": [2, 0, 14, 2], "texture": "#0", "cullface": "up"},
				"down": {"uv": [2, 14, 14, 16], "rotation": 180, "texture": "#0"}
			}
		},
		{
			"from": [10, 14, 6],
			"to": [12, 15, 15],
			"rotation": {"angle": -45, "axis": "y", "origin": [8, 21, 8]},
			"faces": {
				"east": {"uv": [2, 4, 3, 13], "rotation": 90, "texture": "#1"},
				"west": {"uv": [1, 4, 2, 13], "rotation": 270, "texture": "#1"},
				"up": {"uv": [14, 4, 16, 13], "texture": "#1", "cullface": "up"},
				"down": {"uv": [0, 4, 2, 13], "rotation": 180, "texture": "#1"}
			}
		},
		{
			"from": [4, 14, 1],
			"to": [6, 15, 10],
			"rotation": {"angle": -45, "axis": "y", "origin": [8, 21, 8]},
			"faces": {
				"east": {"uv": [15, 4, 16, 13], "rotation": 90, "texture": "#1"},
				"west": {"uv": [14, 4, 15, 13], "rotation": 270, "texture": "#1"},
				"up": {"uv": [1, 3, 3, 12], "texture": "#1", "cullface": "up"},
				"down": {"uv": [13, 3, 15, 12], "rotation": 180, "texture": "#1"}
			}
		},
		{
			"from": [6, 14, 4],
			"to": [15, 15, 6],
			"rotation": {"angle": -45, "axis": "y", "origin": [8, 21, 8]},
			"faces": {
				"north": {"uv": [3, 14, 12, 15], "rotation": 180, "texture": "#1"},
				"south": {"uv": [3, 15, 12, 16], "texture": "#1"},
				"up": {"uv": [4, 1, 13, 3], "texture": "#1", "cullface": "up"},
				"down": {"uv": [3, 14, 12, 16], "rotation": 180, "texture": "#1"}
			}
		},
		{
			"from": [1, 14, 10],
			"to": [10, 15, 12],
			"rotation": {"angle": -45, "axis": "y", "origin": [8, 21, 8]},
			"faces": {
				"north": {"uv": [4, 1, 13, 2], "rotation": 180, "texture": "#1"},
				"south": {"uv": [4, 0, 13, 1], "texture": "#1"},
				"up": {"uv": [3, 14, 12, 16], "texture": "#1", "cullface": "up"},
				"down": {"uv": [4, 1, 13, 3], "rotation": 180, "texture": "#1"}
			}
		},
		{
			"from": [6, 13.5, 14.5],
			"to": [10, 15.5, 16.5],
			"rotation": {"angle": -45, "axis": "y", "origin": [8, 21, 8]},
			"faces": {
				"north": {"uv": [6, 13, 10, 15], "rotation": 180, "texture": "#1"},
				"up": {"uv": [6, 1, 10, 3], "texture": "#1", "cullface": "up"},
				"down": {"uv": [6, 13, 10, 15], "rotation": 180, "texture": "#1"}
			}
		},
		{
			"from": [14.5, 13.5, 6],
			"to": [16.5, 15.5, 10],
			"rotation": {"angle": -45, "axis": "y", "origin": [8, 21, 8]},
			"faces": {
				"west": {"uv": [6, 0, 10, 2], "rotation": 180, "texture": "#1"},
				"up": {"uv": [6, 14, 10, 16], "rotation": 270, "texture": "#1", "cullface": "up"},
				"down": {"uv": [6, 0, 10, 2], "rotation": 270, "texture": "#1"}
			}
		},
		{
			"from": [6, 13.5, -0.5],
			"to": [10, 15.5, 1.5],
			"rotation": {"angle": -45, "axis": "y", "origin": [8, 21, 8]},
			"faces": {
				"south": {"uv": [0, 6, 2, 10], "rotation": 270, "texture": "#1"},
				"up": {"uv": [14, 6, 16, 10], "rotation": 270, "texture": "#1", "cullface": "up"},
				"down": {"uv": [1, 6, 3, 10], "rotation": 270, "texture": "#1"}
			}
		},
		{
			"from": [-0.5, 13.5, 6],
			"to": [1.5, 15.5, 10],
			"rotation": {"angle": -45, "axis": "y", "origin": [8, 21, 8]},
			"faces": {
				"east": {"uv": [14, 6, 16, 10], "rotation": 90, "texture": "#1"},
				"up": {"uv": [0, 6, 2, 10], "texture": "#1", "cullface": "up"},
				"down": {"uv": [13, 6, 15, 10], "rotation": 180, "texture": "#1"}
			}
		}
	]
}