{
	"credit": "Made with Blockbench",
	"parent": "block/block",
	"textures": {
		"0": "block/copper_block",
		"1": "block/chiseled_copper",
		"particle": "block/copper_block"
	},
	"elements": [
		{
			"from": [0, 0, 13],
			"to": [2, 16, 16],
			
			"faces": {
				"north": {"uv": [0, 0, 2, 16], "texture": "#0"},
				"east": {"uv": [13, 0, 16, 16], "texture": "#1"},
				"south": {"uv": [0, 0, 2, 16], "texture": "#0", "cullface": "south"},
				"west": {"uv": [13, 0, 16, 16], "texture": "#1"},
				"up": {"uv": [0, 13, 2, 16], "texture": "#1"},
				"down": {"uv": [0, 0, 2, 3], "texture": "#1"}
			}
		},
		{
			"from": [14, 0, 13],
			"to": [16, 16, 16],
			
			"faces": {
				"north": {"uv": [14, 0, 16, 16], "texture": "#0"},
				"east": {"uv": [0, 0, 3, 16], "texture": "#1"},
				"south": {"uv": [14, 0, 16, 16], "texture": "#0", "cullface": "south"},
				"west": {"uv": [0, 0, 3, 16], "texture": "#1"},
				"up": {"uv": [14, 13, 16, 16], "texture": "#1"},
				"down": {"uv": [14, 0, 16, 3], "texture": "#1"}
			}
		},
		{
			"from": [2, 0, 13],
			"to": [14, 2, 16],
			
			"faces": {
				"north": {"uv": [2, 0, 14, 2], "texture": "#0"},
				"south": {"uv": [2, 14, 14, 16], "texture": "#0", "cullface": "south"},
				"up": {"uv": [2, 0, 14, 3], "texture": "#1"},
				"down": {"uv": [2, 0, 14, 3], "texture": "#1"}
			}
		},
		{
			"from": [2, 14, 13],
			"to": [14, 16, 16],
			
			"faces": {
				"north": {"uv": [2, 14, 14, 16], "texture": "#0"},
				"south": {"uv": [2, 0, 14, 2], "texture": "#0", "cullface": "south"},
				"up": {"uv": [2, 13, 14, 16], "texture": "#1"},
				"down": {"uv": [2, 13, 14, 16], "texture": "#1"}
			}
		},
		{
			"from": [10, 1, 14],
			"to": [12, 10, 15],
			"rotation": {"angle": -45, "axis": "z", "origin": [8, 8, 8]},
			"faces": {
				"north": {"uv": [0, 4, 2, 13], "texture": "#1"},
				"east": {"uv": [2, 4, 3, 13], "texture": "#1"},
				"south": {"uv": [14, 4, 16, 13], "texture": "#1", "cullface": "south"},
				"west": {"uv": [1, 4, 2, 13], "texture": "#1"}
			}
		},
		{
			"from": [4, 6, 14],
			"to": [6, 15, 15],
			"rotation": {"angle": -45, "axis": "z", "origin": [8, 8, 8]},
			"faces": {
				"north": {"uv": [13, 3, 15, 12], "texture": "#1"},
				"east": {"uv": [15, 4, 16, 13], "texture": "#1"},
				"south": {"uv": [1, 3, 3, 12], "texture": "#1", "cullface": "south"},
				"west": {"uv": [14, 4, 15, 13], "texture": "#1"}
			}
		},
		{
			"from": [6, 10, 14],
			"to": [15, 12, 15],
			"rotation": {"angle": -45, "axis": "z", "origin": [8, 8, 8]},
			"faces": {
				"north": {"uv": [3, 14, 12, 16], "texture": "#1"},
				"south": {"uv": [4, 1, 13, 3], "texture": "#1", "cullface": "south"},
				"up": {"uv": [3, 14, 12, 15], "texture": "#1"},
				"down": {"uv": [3, 15, 12, 16], "texture": "#1"}
			}
		},
		{
			"from": [1, 4, 14],
			"to": [10, 6, 15],
			"rotation": {"angle": -45, "axis": "z", "origin": [8, 8, 8]},
			"faces": {
				"north": {"uv": [4, 1, 13, 3], "texture": "#1"},
				"south": {"uv": [3, 14, 12, 16], "texture": "#1", "cullface": "south"},
				"up": {"uv": [4, 1, 13, 2], "texture": "#1"},
				"down": {"uv": [4, 0, 13, 1], "texture": "#1"}
			}
		},
		{
			"from": [6, -0.5, 13.5],
			"to": [10, 1.5, 15.5],
			"rotation": {"angle": -45, "axis": "z", "origin": [8, 8, 8]},
			"faces": {
				"north": {"uv": [6, 13, 10, 15], "texture": "#1"},
				"south": {"uv": [6, 1, 10, 3], "texture": "#1", "cullface": "south"},
				"up": {"uv": [6, 13, 10, 15], "texture": "#1"}
			}
		},
		{
			"from": [6, -0.5, 13.5],
			"to": [10, 1.5, 15.5],
			"rotation": {"angle": 45, "axis": "z", "origin": [8, 8, 8]},
			"faces": {
				"north": {"uv": [6, 0, 10, 2], "texture": "#1"},
				"south": {"uv": [6, 14, 10, 16], "texture": "#1", "cullface": "south"},
				"up": {"uv": [6, 0, 10, 2], "texture": "#1"}
			}
		},
		{
			"from": [14.5, 6, 13.5],
			"to": [16.5, 10, 15.5],
			"rotation": {"angle": 45, "axis": "z", "origin": [8, 8, 8]},
			"faces": {
				"north": {"uv": [1, 6, 3, 10], "texture": "#1"},
				"south": {"uv": [14, 6, 16, 10], "texture": "#1", "cullface": "south"},
				"west": {"uv": [0, 6, 2, 10], "texture": "#1"}
			}
		},
		{
			"from": [-0.5, 6, 13.5],
			"to": [1.5, 10, 15.5],
			"rotation": {"angle": -45, "axis": "z", "origin": [8, 8, 8]},
			"faces": {
				"north": {"uv": [13, 6, 15, 10], "texture": "#1"},
				"east": {"uv": [14, 6, 16, 10], "texture": "#1"},
				"south": {"uv": [0, 6, 2, 10], "texture": "#1", "cullface": "south"}
			}
		}
	]
}