{
	"credit": "Made with Blockbench",
	"parent": "block/block",
	"texture_size": [32, 32],
	"textures": {
		"0": "block/copper_block",
		"1": "block/copper_grate",
		"particle": "block/copper_block"
	},
	"elements": [
		{
			"from": [0, 0, 0],
			"to": [1, 16, 1],
			"faces": {
				"north": {"uv": [15, 0, 16, 16], "texture": "#0", "cullface": "north"},
				"east": {"uv": [14, 0, 15, 16], "texture": "#0", "cullface": "north"},
				"south": {"uv": [14, 0, 15, 16], "texture": "#0", "cullface": "north"},
				"west": {"uv": [0, 0, 1, 16], "texture": "#0", "cullface": "north"},
				"up": {"uv": [0, 0, 1, 1], "texture": "#0", "cullface": "north"},
				"down": {"uv": [0, 15, 1, 16], "texture": "#0", "cullface": "north"}
			}
		},
		{
			"from": [15, 0, 0],
			"to": [16, 16, 1],
			
			"faces": {
				"north": {"uv": [0, 0, 1, 16], "texture": "#0", "cullface": "north"},
				"east": {"uv": [15, 0, 16, 16], "texture": "#0", "cullface": "north"},
				"south": {"uv": [14, 0, 15, 16], "texture": "#0", "cullface": "north"},
				"west": {"uv": [14, 0, 15, 16], "texture": "#0", "cullface": "north"},
				"up": {"uv": [15, 0, 16, 1], "texture": "#0", "cullface": "north"},
				"down": {"uv": [15, 15, 16, 16], "texture": "#0", "cullface": "north"}
			}
		},
		{
			"from": [1, 0, 0],
			"to": [15, 1, 1],
			
			"faces": {
				"north": {"uv": [1, 15, 15, 16], "texture": "#0", "cullface": "north"},
				"south": {"uv": [1, 14, 15, 15], "texture": "#0", "cullface": "north"},
				"up": {"uv": [1, 1, 15, 2], "texture": "#0", "cullface": "north"},
				"down": {"uv": [1, 15, 15, 16], "texture": "#0", "cullface": "north"}
			}
		},
		{
			"from": [1, 15, 0],
			"to": [15, 16, 1],
			
			"faces": {
				"north": {"uv": [1, 0, 15, 1], "texture": "#0", "cullface": "north"},
				"south": {"uv": [1, 1, 15, 2], "texture": "#0", "cullface": "north"},
				"up": {"uv": [1, 0, 15, 1], "texture": "#0", "cullface": "north"},
				"down": {"uv": [1, 1, 15, 2], "texture": "#0", "cullface": "north"}
			}
		},
		{
			"from": [0, 0, 0],
			"to": [1, 16, 1],
			
			"faces": {
				"north": {"uv": [15, 0, 16, 16], "texture": "#0", "cullface": "west"},
				"east": {"uv": [14, 0, 15, 16], "texture": "#0", "cullface": "west"},
				"south": {"uv": [1, 0, 2, 16], "texture": "#0", "cullface": "west"},
				"west": {"uv": [0, 0, 1, 16], "texture": "#0", "cullface": "west"},
				"up": {"uv": [0, 0, 1, 1], "rotation": 270, "texture": "#0", "cullface": "west"},
				"down": {"uv": [0, 15, 1, 16], "texture": "#0", "cullface": "west"}
			}
		},
		{
			"from": [0, 15, 1],
			"to": [1, 16, 15],
			
			"faces": {
				"east": {"uv": [1, 1, 15, 2], "texture": "#0", "cullface": "west"},
				"west": {"uv": [1, 0, 15, 1], "texture": "#0", "cullface": "west"},
				"up": {"uv": [0, 1, 1, 15], "texture": "#0", "cullface": "west"},
				"down": {"uv": [1, 1, 15, 2], "rotation": 90, "texture": "#0", "cullface": "west"}
			}
		},
		{
			"from": [0, 0, 15],
			"to": [1, 16, 16],
			
			"faces": {
				"north": {"uv": [1, 0, 2, 16], "texture": "#0", "cullface": "west"},
				"east": {"uv": [1, 0, 2, 16], "texture": "#0", "cullface": "west"},
				"south": {"uv": [0, 0, 1, 16], "texture": "#0", "cullface": "west"},
				"west": {"uv": [15, 0, 16, 16], "texture": "#0", "cullface": "west"},
				"up": {"uv": [0, 15, 1, 16], "rotation": 270, "texture": "#0", "cullface": "west"},
				"down": {"uv": [0, 0, 1, 1], "texture": "#0", "cullface": "west"}
			}
		},
		{
			"from": [0, 0, 1],
			"to": [1, 1, 15],
			
			"faces": {
				"east": {"uv": [1, 14, 15, 15], "texture": "#0", "cullface": "west"},
				"west": {"uv": [1, 15, 15, 16], "texture": "#0", "cullface": "west"},
				"up": {"uv": [1, 1, 2, 15], "texture": "#0", "cullface": "west"},
				"down": {"uv": [0, 1, 1, 15], "texture": "#0", "cullface": "west"}
			}
		},
		{
			"from": [1, 0, 15],
			"to": [15, 1, 16],
			
			"faces": {
				"north": {"uv": [1, 14, 15, 15], "texture": "#0", "cullface": "south"},
				"south": {"uv": [1, 15, 15, 16], "texture": "#0", "cullface": "south"},
				"up": {"uv": [1, 14, 15, 15], "texture": "#0", "cullface": "south"},
				"down": {"uv": [1, 0, 15, 1], "texture": "#0", "cullface": "south"}
			}
		},
		{
			"from": [0, 0, 15],
			"to": [1, 16, 16],
			
			"faces": {
				"north": {"uv": [14, 0, 15, 16], "texture": "#0", "cullface": "south"},
				"east": {"uv": [1, 0, 2, 16], "texture": "#0", "cullface": "south"},
				"south": {"uv": [0, 0, 1, 16], "texture": "#0", "cullface": "south"},
				"west": {"uv": [15, 0, 16, 16], "texture": "#0", "cullface": "south"},
				"up": {"uv": [0, 15, 1, 16], "rotation": 180, "texture": "#0", "cullface": "south"},
				"down": {"uv": [0, 0, 1, 1], "texture": "#0", "cullface": "south"}
			}
		},
		{
			"from": [1, 15, 15],
			"to": [15, 16, 16],
			
			"faces": {
				"north": {"uv": [1, 1, 15, 2], "texture": "#0", "cullface": "south"},
				"south": {"uv": [1, 0, 15, 1], "texture": "#0", "cullface": "south"},
				"up": {"uv": [1, 15, 15, 16], "rotation": 180, "texture": "#0", "cullface": "south"},
				"down": {"uv": [1, 1, 15, 2], "rotation": 180, "texture": "#0", "cullface": "south"}
			}
		},
		{
			"from": [15, 0, 15],
			"to": [16, 16, 16],
			
			"faces": {
				"north": {"uv": [1, 0, 2, 16], "texture": "#0", "cullface": "south"},
				"east": {"uv": [0, 0, 1, 16], "texture": "#0", "cullface": "south"},
				"south": {"uv": [15, 0, 16, 16], "texture": "#0", "cullface": "south"},
				"west": {"uv": [1, 0, 2, 16], "texture": "#0", "cullface": "south"},
				"up": {"uv": [15, 15, 16, 16], "rotation": 180, "texture": "#0", "cullface": "south"},
				"down": {"uv": [15, 0, 16, 1], "texture": "#0", "cullface": "south"}
			}
		},
		{
			"from": [15, 0, 1],
			"to": [16, 1, 15],
			
			"faces": {
				"east": {"uv": [1, 15, 15, 16], "texture": "#0", "cullface": "east"},
				"west": {"uv": [1, 14, 15, 15], "texture": "#0", "cullface": "east"},
				"up": {"uv": [14, 1, 15, 15], "texture": "#0", "cullface": "east"},
				"down": {"uv": [15, 1, 16, 15], "texture": "#0", "cullface": "east"}
			}
		},
		{
			"from": [15, 0, 15],
			"to": [16, 16, 16],
			
			"faces": {
				"north": {"uv": [14, 0, 15, 16], "texture": "#0", "cullface": "east"},
				"east": {"uv": [0, 0, 1, 16], "texture": "#0", "cullface": "east"},
				"south": {"uv": [15, 0, 16, 16], "texture": "#0", "cullface": "east"},
				"west": {"uv": [14, 0, 15, 16], "texture": "#0", "cullface": "east"},
				"up": {"uv": [15, 15, 16, 16], "rotation": 90, "texture": "#0", "cullface": "east"},
				"down": {"uv": [15, 0, 16, 1], "texture": "#0", "cullface": "east"}
			}
		},
		{
			"from": [15, 15, 1],
			"to": [16, 16, 15],
			
			"faces": {
				"east": {"uv": [1, 0, 15, 1], "texture": "#0", "cullface": "east"},
				"west": {"uv": [1, 1, 15, 2], "texture": "#0", "cullface": "east"},
				"up": {"uv": [15, 1, 16, 15], "texture": "#0", "cullface": "east"},
				"down": {"uv": [1, 1, 15, 2], "rotation": 270, "texture": "#0", "cullface": "east"}
			}
		},
		{
			"from": [15, 0, 0],
			"to": [16, 16, 1],
			
			"faces": {
				"north": {"uv": [0, 0, 1, 16], "texture": "#0", "cullface": "east"},
				"east": {"uv": [15, 0, 16, 16], "texture": "#0", "cullface": "east"},
				"south": {"uv": [1, 0, 2, 16], "texture": "#0", "cullface": "east"},
				"west": {"uv": [1, 0, 2, 16], "texture": "#0", "cullface": "east"},
				"up": {"uv": [15, 0, 16, 1], "rotation": 90, "texture": "#0", "cullface": "east"},
				"down": {"uv": [15, 15, 16, 16], "texture": "#0", "cullface": "east"}
			}
		},
		{
			"from": [1, 15, 15],
			"to": [15, 16, 16],
			
			"faces": {
				"north": {"uv": [1, 1, 15, 2], "texture": "#0", "cullface": "up"},
				"south": {"uv": [1, 0, 15, 1], "rotation": 180, "texture": "#0", "cullface": "up"},
				"up": {"uv": [1, 15, 15, 16], "texture": "#0", "cullface": "up"},
				"down": {"uv": [1, 1, 15, 2], "texture": "#0", "cullface": "up"}
			}
		},
		{
			"from": [0, 15, 0],
			"to": [1, 16, 16],
			
			"faces": {
				"north": {"uv": [15, 0, 16, 1], "texture": "#0", "cullface": "up"},
				"east": {"uv": [0, 1, 16, 2], "texture": "#0", "cullface": "up"},
				"south": {"uv": [0, 0, 1, 1], "rotation": 180, "texture": "#0", "cullface": "up"},
				"west": {"uv": [0, 0, 16, 1], "texture": "#0", "cullface": "up"},
				"up": {"uv": [0, 0, 1, 16], "texture": "#0", "cullface": "up"},
				"down": {"uv": [1, 0, 2, 16], "texture": "#0", "cullface": "up"}
			}
		},
		{
			"from": [1, 15, 0],
			"to": [15, 16, 1],
			
			"faces": {
				"north": {"uv": [1, 0, 15, 1], "texture": "#0", "cullface": "up"},
				"south": {"uv": [1, 1, 15, 2], "rotation": 180, "texture": "#0", "cullface": "up"},
				"up": {"uv": [1, 0, 15, 1], "texture": "#0", "cullface": "up"},
				"down": {"uv": [1, 14, 15, 15], "texture": "#0", "cullface": "up"}
			}
		},
		{
			"from": [15, 15, 0],
			"to": [16, 16, 16],
			
			"faces": {
				"north": {"uv": [0, 0, 1, 1], "texture": "#0", "cullface": "up"},
				"east": {"uv": [0, 0, 16, 1], "texture": "#0", "cullface": "up"},
				"south": {"uv": [15, 0, 16, 1], "texture": "#0", "cullface": "up"},
				"west": {"uv": [0, 1, 16, 2], "texture": "#0", "cullface": "up"},
				"up": {"uv": [15, 0, 16, 16], "texture": "#0", "cullface": "up"},
				"down": {"uv": [14, 0, 15, 16], "texture": "#0", "cullface": "up"}
			}
		},
		{
			"from": [15, 0, 0],
			"to": [16, 1, 16],
			
			"faces": {
				"north": {"uv": [0, 15, 1, 16], "texture": "#0", "cullface": "down"},
				"east": {"uv": [0, 15, 16, 16], "texture": "#0", "cullface": "down"},
				"south": {"uv": [15, 15, 16, 16], "texture": "#0", "cullface": "down"},
				"west": {"uv": [0, 14, 16, 15], "texture": "#0", "cullface": "down"},
				"up": {"uv": [14, 0, 15, 16], "texture": "#0", "cullface": "down"},
				"down": {"uv": [15, 0, 16, 16], "texture": "#0", "cullface": "down"}
			}
		},
		{
			"from": [1, 0, 15],
			"to": [15, 1, 16],
			
			"faces": {
				"north": {"uv": [1, 14, 15, 15], "texture": "#0", "cullface": "down"},
				"south": {"uv": [1, 15, 15, 16], "rotation": 180, "texture": "#0", "cullface": "down"},
				"up": {"uv": [1, 14, 15, 15], "texture": "#0", "cullface": "down"},
				"down": {"uv": [1, 0, 15, 1], "texture": "#0", "cullface": "down"}
			}
		},
		{
			"from": [0, 0, 0],
			"to": [1, 1, 16],
			
			"faces": {
				"north": {"uv": [15, 15, 16, 16], "texture": "#0", "cullface": "down"},
				"east": {"uv": [0, 14, 16, 15], "texture": "#0", "cullface": "down"},
				"south": {"uv": [0, 15, 1, 16], "texture": "#0", "cullface": "down"},
				"west": {"uv": [0, 15, 16, 16], "texture": "#0", "cullface": "down"},
				"up": {"uv": [1, 0, 2, 16], "texture": "#0", "cullface": "down"},
				"down": {"uv": [0, 0, 1, 16], "texture": "#0", "cullface": "down"}
			}
		},
		{
			"from": [1, 0, 0],
			"to": [15, 1, 1],
			
			"faces": {
				"north": {"uv": [1, 15, 15, 16], "texture": "#0", "cullface": "down"},
				"south": {"uv": [1, 14, 15, 15], "rotation": 180, "texture": "#0", "cullface": "down"},
				"up": {"uv": [1, 1, 15, 2], "texture": "#0", "cullface": "down"},
				"down": {"uv": [1, 15, 15, 16], "texture": "#0", "cullface": "down"}
			}
		},
		{
			"from": [-2, -2, 0.5],
			"to": [18, 18, 0.5],
			"rotation": {"angle": -45, "axis": "z", "origin": [8, 8, 0]},
			"faces": {
				"north": {"uv": [0, 0, 10, 10], "texture": "#1", "cullface": "north"},
				"east": {"uv": [0, 0, 0, 10], "texture": "#1"},
				"west": {"uv": [0, 0, 0, 10], "texture": "#1"},
				"up": {"uv": [10, 0, 0, 0], "texture": "#1"},
				"down": {"uv": [10, 0, 0, 0], "texture": "#1"}
			}
		},
		{
			"from": [0.5, -2, -2],
			"to": [0.5, 18, 18],
			"rotation": {"angle": -45, "axis": "x", "origin": [8, 8, 8]},
			"faces": {
				"north": {"uv": [0, 0, 0, 10], "texture": "#1"},
				"south": {"uv": [0, 0, 0, 10], "texture": "#1"},
				"west": {"uv": [0, 0, 10, 10], "texture": "#1", "cullface": "west"},
				"up": {"uv": [10, 0, 0, 0], "rotation": 270, "texture": "#1"},
				"down": {"uv": [10, 0, 0, 0], "rotation": 90, "texture": "#1"}
			}
		},
		{
			"from": [-2, -2, 15.5],
			"to": [18, 18, 15.5],
			"rotation": {"angle": 45, "axis": "z", "origin": [8, 8, 8]},
			"faces": {
				"east": {"uv": [0, 0, 0, 10], "texture": "#1"},
				"south": {"uv": [0, 0, 10, 10], "texture": "#1", "cullface": "south"},
				"west": {"uv": [0, 0, 0, 10], "texture": "#1"},
				"up": {"uv": [10, 0, 0, 0], "rotation": 180, "texture": "#1"},
				"down": {"uv": [10, 0, 0, 0], "rotation": 180, "texture": "#1"}
			}
		},
		{
			"from": [15.5, -2, -2],
			"to": [15.5, 18, 18],
			"rotation": {"angle": 45, "axis": "x", "origin": [8, 8, 8]},
			"faces": {
				"north": {"uv": [0, 0, 0, 10], "texture": "#1"},
				"east": {"uv": [0, 0, 10, 10], "texture": "#1", "cullface": "east"},
				"south": {"uv": [0, 0, 0, 10], "texture": "#1"},
				"up": {"uv": [10, 0, 0, 0], "rotation": 90, "texture": "#1"},
				"down": {"uv": [10, 0, 0, 0], "rotation": 270, "texture": "#1"}
			}
		},
		{
			"from": [-2, 15.5, -2],
			"to": [18, 15.5, 18],
			"rotation": {"angle": 45, "axis": "y", "origin": [8, 8, 8]},
			"faces": {
				"north": {"uv": [0, 0, 0, 10], "rotation": 90, "texture": "#1"},
				"east": {"uv": [10, 0, 0, 0], "rotation": 180, "texture": "#1"},
				"south": {"uv": [0, 0, 0, 10], "rotation": 270, "texture": "#1"},
				"west": {"uv": [10, 0, 0, 0], "texture": "#1"},
				"up": {"uv": [0, 0, 10, 10], "rotation": 270, "texture": "#1", "cullface": "up"}
			}
		},
		{
			"from": [-2, 0.5, -2],
			"to": [18, 0.5, 18],
			"rotation": {"angle": -45, "axis": "y", "origin": [8, 8, 8]},
			"faces": {
				"north": {"uv": [0, 0, 0, 10], "rotation": 90, "texture": "#1"},
				"east": {"uv": [10, 0, 0, 0], "texture": "#1"},
				"south": {"uv": [0, 0, 0, 10], "rotation": 270, "texture": "#1"},
				"west": {"uv": [10, 0, 0, 0], "rotation": 180, "texture": "#1"},
				"down": {"uv": [0, 0, 10, 10], "rotation": 270, "texture": "#1", "cullface": "down"}
			}
		}
	]
}