{
	"credit": "Made with Blockbench",
	"parent": "block/block",
	"textures": {
		"0": "block/copper_block",
		"1": "block/chiseled_copper",
		"particle": "block/copper_block"
	},
	"elements": [
		{
			"from": [0, 3, 0],
			"to": [3, 16, 2],
			
			"faces": {
				"north": {"uv": [13, 0, 16, 13], "texture": "#1"},
				"east": {"uv": [14, 0, 16, 13], "texture": "#0"},
				"south": {"uv": [0, 0, 3, 13], "texture": "#1"},
				"west": {"uv": [0, 0, 2, 13], "texture": "#0", "cullface": "west"},
				"up": {"uv": [0, 13, 2, 16], "rotation": 90, "texture": "#1"}
			}
		},
		{
			"from": [0, 3, 14],
			"to": [3, 16, 16],
			
			"faces": {
				"north": {"uv": [13, 0, 16, 13], "texture": "#1"},
				"east": {"uv": [0, 0, 2, 13], "texture": "#0"},
				"south": {"uv": [0, 0, 3, 13], "texture": "#1"},
				"west": {"uv": [14, 0, 16, 13], "texture": "#0", "cullface": "west"},
				"up": {"uv": [14, 13, 16, 16], "rotation": 90, "texture": "#1"}
			}
		},
		{
			"from": [0, 0, 14],
			"to": [3, 3, 16],
			
			"faces": {
				"north": {"uv": [13, 6, 16, 9], "texture": "#1"},
				"east": {"uv": [0, 1, 2, 4], "texture": "#0"},
				"south": {"uv": [0, 6, 3, 9], "texture": "#1"},
				"west": {"uv": [14, 1, 16, 4], "texture": "#0", "cullface": "west"}
			}
		},
		{
			"from": [0, 0, 0],
			"to": [3, 3, 2],
			
			"faces": {
				"north": {"uv": [13, 6, 16, 9], "texture": "#1"},
				"east": {"uv": [14, 1, 16, 4], "texture": "#0"},
				"south": {"uv": [0, 6, 3, 9], "texture": "#1"},
				"west": {"uv": [0, 1, 2, 4], "texture": "#0", "cullface": "west"}
			}
		},
		{
			"from": [0, 14, 2],
			"to": [3, 16, 14],
			
			"faces": {
				"east": {"uv": [2, 14, 14, 16], "texture": "#0"},
				"west": {"uv": [2, 0, 14, 2], "texture": "#0", "cullface": "west"},
				"up": {"uv": [2, 13, 14, 16], "rotation": 90, "texture": "#1"},
				"down": {"uv": [2, 13, 14, 16], "rotation": 270, "texture": "#1"}
			}
		},
		{
			"from": [1.25, 0, 6.5],
			"to": [2.25, 14, 9.5],
			"rotation": {"angle": -22.5, "axis": "x", "origin": [8, 0, 8]},
			"faces": {
				"north": {"uv": [15, 1, 16, 15], "texture": "#1"},
				"east": {"uv": [13, 0, 16, 14], "texture": "#1"},
				"south": {"uv": [14, 1, 15, 15], "texture": "#1"},
				"west": {"uv": [0, 0, 3, 14], "texture": "#1", "cullface": "west"}
			}
		},
		{
			"from": [0.75, 0, 6.5],
			"to": [1.75, 14, 9.5],
			"rotation": {"angle": 22.5, "axis": "x", "origin": [8, 0, 8]},
			"faces": {
				"north": {"uv": [1, 1, 2, 15], "texture": "#1"},
				"east": {"uv": [0, 0, 3, 14], "texture": "#1"},
				"south": {"uv": [0, 1, 1, 15], "texture": "#1"},
				"west": {"uv": [13, 0, 16, 14], "texture": "#1", "cullface": "west"}
			}
		},
		{
			"from": [0.5, 6, 14.5],
			"to": [2.5, 10, 16.5],
			"rotation": {"angle": -45, "axis": "x", "origin": [8, 8, 8]},
			"faces": {
				"north": {"uv": [6, 0, 10, 2], "rotation": 270, "texture": "#1"},
				"east": {"uv": [6, 0, 10, 2], "rotation": 90, "texture": "#1"},
				"west": {"uv": [6, 14, 10, 16], "rotation": 270, "texture": "#1", "cullface": "west"}
			}
		},
		{
			"from": [0.5, 14.5, 6],
			"to": [2.5, 16.5, 10],
			"rotation": {"angle": -45, "axis": "x", "origin": [8, 8, 8]},
			"faces": {
				"east": {"uv": [1, 6, 3, 10], "rotation": 90, "texture": "#1"},
				"west": {"uv": [14, 6, 16, 10], "rotation": 270, "texture": "#1", "cullface": "west"},
				"down": {"uv": [0, 6, 2, 10], "rotation": 180, "texture": "#1"}
			}
		},
		{
			"from": [0.5, 0, 13],
			"to": [2.5, 2, 14],
			
			"faces": {
				"north": {"uv": [7, 3, 9, 5], "texture": "#1"},
				"east": {"uv": [3, 3, 4, 5], "texture": "#1"},
				"west": {"uv": [12, 3, 13, 5], "texture": "#1"},
				"up": {"uv": [7, 8, 9, 9], "texture": "#1"}
			}
		}
	]
}