{
	"credit": "Yuushya",
	"textures": {
		"0": "block/crafting_table_front",
		"2": "block/crafting_table_top",
		"3": "block/crafting_table_down",
		"particle": "block/crafting_table_front"
	},
	"elements": [
		{
			"from": [0, 0, 0],
			"to": [16, 15, 16],
			"faces": {
				"north": {"uv": [0, 1, 16, 16], "texture": "#0", "cullface": "north"},
				"east": {"uv": [0, 1, 16, 16], "texture": "#0", "cullface": "east"},
				"south": {"uv": [0, 1, 16, 16], "texture": "#0", "cullface": "south"},
				"west": {"uv": [0, 1, 16, 16], "texture": "#0", "cullface": "west"},
				"up": {"uv": [0, 0, 16, 16], "texture": "#2", "cullface": "up"},
				"down": {"uv": [0, 0, 16, 16], "texture": "#3", "cullface": "down"}
			}
		},
		{
			"name": "crafting_table_top_0",
			"from": [0, 15, 0],
			"to": [16, 16, 3],
			
			"faces": {
				"north": {"uv": [16, 0, 0, 1], "texture": "#3", "cullface": "north"},
				"east": {"uv": [15, 0, 16, 3], "rotation": 90, "texture": "#3", "cullface": "east"},
				"south": {"uv": [0, 2, 16, 3], "texture": "#2", "cullface": "up"},
				"west": {"uv": [0, 0, 1, 3], "rotation": 270, "texture": "#3", "cullface": "west"},
				"up": {"uv": [0, 0, 16, 3], "texture": "#2", "cullface": "up"}
			}
		},
		{
			"name": "crafting_table_top_1",
			"from": [0, 15, 3],
			"to": [3, 16, 16],
			
			"faces": {
				"east": {"uv": [2, 3, 3, 16], "rotation": 90, "texture": "#2", "cullface": "up"},
				"south": {"uv": [0, 15, 3, 16], "texture": "#3", "cullface": "south"},
				"west": {"uv": [0, 3, 1, 16], "rotation": 270, "texture": "#3", "cullface": "west"},
				"up": {"uv": [0, 3, 3, 16], "texture": "#2", "cullface": "up"}
			}
		},
		{
			"name": "crafting_table_top_2",
			"from": [13, 15, 3],
			"to": [16, 16, 16],
			
			"faces": {
				"east": {"uv": [15, 3, 16, 16], "rotation": 90, "texture": "#3", "cullface": "east"},
				"south": {"uv": [13, 15, 16, 16], "texture": "#3", "cullface": "south"},
				"west": {"uv": [13, 3, 14, 16], "rotation": 270, "texture": "#2", "cullface": "up"},
				"up": {"uv": [13, 3, 16, 16], "texture": "#2", "cullface": "up"}
			}
		},
		{
			"name": "crafting_table_top_3",
			"from": [3, 15, 13],
			"to": [13, 16, 16],
			
			"faces": {
				"north": {"uv": [13, 13, 3, 14], "texture": "#2", "cullface": "up"},
				"south": {"uv": [3, 15, 13, 16], "texture": "#3", "cullface": "south"},
				"up": {"uv": [3, 13, 13, 16], "texture": "#2", "cullface": "up"}
			}
		}
	],
	"display": {
		"thirdperson_righthand": {
			"rotation": [75, 45, 0],
			"translation": [0, 2.5, 0],
			"scale": [0.375, 0.375, 0.375]
		},
		"thirdperson_lefthand": {
			"rotation": [75, 45, 0],
			"translation": [0, 2.5, 0],
			"scale": [0.375, 0.375, 0.375]
		},
		"firstperson_righthand": {
			"rotation": [0, 45, 0],
			"scale": [0.4, 0.4, 0.4]
		},
		"firstperson_lefthand": {
			"rotation": [0, 225, 0],
			"scale": [0.4, 0.4, 0.4]
		},
		"ground": {
			"translation": [0, 3, 0],
			"scale": [0.25, 0.25, 0.25]
		},
		"gui": {
			"rotation": [30, 225, 0],
			"scale": [0.625, 0.625, 0.625]
		},
		"fixed": {
			"scale": [0.5, 0.5, 0.5]
		}
	},
	"groups": [
		0,
		{
			"name": "crafting_table_top",
			"origin": [8, 8, 8],
			"color": 0,
			"children": [1, 2, 3, 4]
		}
	]
}