{
	"credit": "Yuushya",
	"parent": "block/template_fence_gate",
	"textures": {
		"1": "block/crimson_planks___",
		"particle": "block/crimson_planks___"
	},
	"elements": [
		{
			"from": [-1, 0, 6.52],
			"to": [2, 15.9, 9.52],
			
			"faces": {
				"north": {"uv": [3, 0, 6, 16], "texture": "#1"},
				"east": {"uv": [3, 0, 6, 16], "texture": "#1"},
				"south": {"uv": [3, 0, 6, 16], "texture": "#1"},
				"west": {"uv": [3, 0, 6, 16], "texture": "#1"},
				"up": {"uv": [9, 1, 12, 4], "texture": "#1"},
				"down": {"uv": [7, 0, 10, 3], "texture": "#1"}
			}
		},
		{
			"from": [14, 0, 6.43],
			"to": [17, 16, 9.43],
			
			"faces": {
				"north": {"uv": [3, 0, 6, 16], "texture": "#1"},
				"east": {"uv": [3, 0, 6, 16], "texture": "#1"},
				"south": {"uv": [3, 0, 6, 16], "texture": "#1"},
				"west": {"uv": [3, 0, 6, 16], "texture": "#1"},
				"up": {"uv": [9, 1, 12, 4], "texture": "#1"},
				"down": {"uv": [7, 0, 10, 3], "texture": "#1"}
			}
		},
		{
			"from": [-1, 0, 16.5],
			"to": [2, 15, 19.5],
			
			"faces": {
				"north": {"uv": [9, 1, 12, 16], "texture": "#1"},
				"east": {"uv": [3, 1, 6, 16], "texture": "#1"},
				"south": {"uv": [3, 1, 6, 16], "texture": "#1"},
				"west": {"uv": [3, 1, 6, 16], "texture": "#1"},
				"up": {"uv": [9, 1, 12, 4], "rotation": 90, "texture": "#1"},
				"down": {"uv": [7, 0, 10, 3], "rotation": 270, "texture": "#1"}
			}
		},
		{
			"from": [-1, 0, 11.5],
			"to": [2, 15, 14.5],
			
			"faces": {
				"north": {"uv": [9, 1, 12, 16], "texture": "#1"},
				"east": {"uv": [3, 1, 6, 16], "texture": "#1"},
				"south": {"uv": [9, 1, 12, 16], "texture": "#1"},
				"west": {"uv": [3, 1, 6, 16], "texture": "#1"},
				"up": {"uv": [9, 1, 12, 4], "rotation": 90, "texture": "#1"},
				"down": {"uv": [7, 0, 10, 3], "rotation": 270, "texture": "#1"}
			}
		},
		{
			"from": [0, 9, 9.5],
			"to": [1, 12, 18.5],
			
			"faces": {
				"north": {"uv": [4, 4, 7, 5], "rotation": 90, "texture": "#1"},
				"east": {"uv": [11, 3, 14, 12], "rotation": 90, "texture": "#1"},
				"south": {"uv": [4, 4, 7, 5], "rotation": 90, "texture": "#1"},
				"west": {"uv": [11, 3, 14, 12], "rotation": 90, "texture": "#1"},
				"up": {"uv": [4, 4, 5, 13], "rotation": 180, "texture": "#1"},
				"down": {"uv": [4, 4, 5, 13], "texture": "#1"}
			}
		},
		{
			"from": [0, 4, 9.5],
			"to": [1, 7, 18.5],
			
			"faces": {
				"north": {"uv": [4, 4, 7, 5], "rotation": 90, "texture": "#1"},
				"east": {"uv": [11, 3, 14, 12], "rotation": 90, "texture": "#1"},
				"south": {"uv": [4, 4, 7, 5], "rotation": 90, "texture": "#1"},
				"west": {"uv": [11, 3, 14, 12], "rotation": 90, "texture": "#1"},
				"up": {"uv": [4, 4, 5, 13], "rotation": 180, "texture": "#1"},
				"down": {"uv": [4, 4, 5, 13], "texture": "#1"}
			}
		}
	],
	"display": {
		"thirdperson_righthand": {
			"rotation": [75, 45, 0],
			"translation": [0, 2.5, 0],
			"scale": [0.375, 0.375, 0.375]
		},
		"thirdperson_lefthand": {
			"rotation": [75, 45, 0],
			"translation": [0, 2.5, 0],
			"scale": [0.375, 0.375, 0.375]
		},
		"firstperson_righthand": {
			"rotation": [0, 45, 0],
			"scale": [0.4, 0.4, 0.4]
		},
		"firstperson_lefthand": {
			"rotation": [0, 225, 0],
			"scale": [0.4, 0.4, 0.4]
		},
		"ground": {
			"translation": [0, 3, 0],
			"scale": [0.25, 0.25, 0.25]
		},
		"gui": {
			"rotation": [30, 225, 0],
			"scale": [0.625, 0.625, 0.625]
		},
		"fixed": {
			"scale": [0.5, 0.5, 0.5]
		}
	}
}