{
	"credit": "Yuushya",
	"parent": "block/thin_block",
	"textures": {
		"1": "block/crimson_trapdoor",
		"particle": "block/crimson_trapdoor"
	},
	"elements": [
		{
			"name": "jungle_trapdoor_0",
			"from": [0, 0, 0],
			"to": [5, 1, 16],
			"faces": {
				"north": {"uv": [5, 0, 0, 1], "texture": "#1"},
				"east": {"uv": [4, 0, 5, 16], "rotation": 90, "texture": "#1"},
				"south": {"uv": [0, 15, 5, 16], "texture": "#1"},
				"west": {"uv": [0, 0, 1, 16], "rotation": 270, "texture": "#1"},
				"up": {"uv": [0, 0, 5, 16], "texture": "#1"},
				"down": {"uv": [0, 16, 5, 0], "texture": "#1"}
			}
		},
		{
			"name": "jungle_trapdoor_1",
			"from": [5, 0, 0],
			"to": [16, 1, 3],
			"faces": {
				"north": {"uv": [16, 0, 5, 1], "texture": "#1"},
				"east": {"uv": [15, 0, 16, 3], "rotation": 90, "texture": "#1"},
				"south": {"uv": [5, 2, 16, 3], "texture": "#1"},
				"west": {"uv": [5, 0, 6, 3], "rotation": 270, "texture": "#1"},
				"up": {"uv": [5, 0, 16, 3], "texture": "#1"},
				"down": {"uv": [5, 3, 16, 0], "texture": "#1"}
			}
		},
		{
			"name": "jungle_trapdoor_2",
			"from": [11, 0, 3],
			"to": [16, 1, 16],
			"faces": {
				"north": {"uv": [16, 3, 11, 4], "texture": "#1"},
				"east": {"uv": [15, 3, 16, 16], "rotation": 90, "texture": "#1"},
				"south": {"uv": [11, 15, 16, 16], "texture": "#1"},
				"west": {"uv": [11, 3, 12, 16], "rotation": 270, "texture": "#1"},
				"up": {"uv": [11, 3, 16, 16], "texture": "#1"},
				"down": {"uv": [11, 16, 16, 3], "texture": "#1"}
			}
		},
		{
			"name": "jungle_trapdoor_3",
			"from": [5, 0, 4],
			"to": [11, 1, 5],
			"faces": {
				"north": {"uv": [11, 4, 5, 5], "texture": "#1"},
				"east": {"uv": [10, 4, 11, 5], "rotation": 90, "texture": "#1"},
				"south": {"uv": [5, 4, 11, 5], "texture": "#1"},
				"west": {"uv": [5, 4, 6, 5], "rotation": 270, "texture": "#1"},
				"up": {"uv": [5, 4, 11, 5], "texture": "#1"},
				"down": {"uv": [5, 5, 11, 4], "texture": "#1"}
			}
		},
		{
			"name": "jungle_trapdoor_4",
			"from": [5, 0, 6],
			"to": [11, 1, 7],
			"faces": {
				"north": {"uv": [11, 6, 5, 7], "texture": "#1"},
				"east": {"uv": [10, 6, 11, 7], "rotation": 90, "texture": "#1"},
				"south": {"uv": [5, 6, 11, 7], "texture": "#1"},
				"west": {"uv": [5, 6, 6, 7], "rotation": 270, "texture": "#1"},
				"up": {"uv": [5, 6, 11, 7], "texture": "#1"},
				"down": {"uv": [5, 7, 11, 6], "texture": "#1"}
			}
		},
		{
			"name": "jungle_trapdoor_5",
			"from": [5, 0, 8],
			"to": [11, 1, 9],
			"faces": {
				"north": {"uv": [11, 8, 5, 9], "texture": "#1"},
				"east": {"uv": [10, 8, 11, 9], "rotation": 90, "texture": "#1"},
				"south": {"uv": [5, 8, 11, 9], "texture": "#1"},
				"west": {"uv": [5, 8, 6, 9], "rotation": 270, "texture": "#1"},
				"up": {"uv": [5, 8, 11, 9], "texture": "#1"},
				"down": {"uv": [5, 9, 11, 8], "texture": "#1"}
			}
		},
		{
			"name": "jungle_trapdoor_6",
			"from": [5, 0, 10],
			"to": [11, 1, 11],
			"faces": {
				"north": {"uv": [11, 10, 5, 11], "texture": "#1"},
				"east": {"uv": [10, 10, 11, 11], "rotation": 90, "texture": "#1"},
				"south": {"uv": [5, 10, 11, 11], "texture": "#1"},
				"west": {"uv": [5, 10, 6, 11], "rotation": 270, "texture": "#1"},
				"up": {"uv": [5, 10, 11, 11], "texture": "#1"},
				"down": {"uv": [5, 11, 11, 10], "texture": "#1"}
			}
		},
		{
			"name": "jungle_trapdoor_7",
			"from": [5, 0, 12],
			"to": [11, 1, 16],
			"faces": {
				"north": {"uv": [11, 12, 5, 13], "texture": "#1"},
				"east": {"uv": [10, 12, 11, 16], "rotation": 90, "texture": "#1"},
				"south": {"uv": [5, 15, 11, 16], "texture": "#1"},
				"west": {"uv": [5, 12, 6, 16], "rotation": 270, "texture": "#1"},
				"up": {"uv": [5, 12, 11, 16], "texture": "#1"},
				"down": {"uv": [5, 16, 11, 12], "texture": "#1"}
			}
		},
		{
			"name": "jungle_trapdoor_0",
			"from": [0, 1, 0],
			"to": [5, 2, 16],
			
			"faces": {
				"north": {"uv": [5, 1, 0, 2], "texture": "#1"},
				"east": {"uv": [4, 0, 5, 16], "rotation": 90, "texture": "#1"},
				"south": {"uv": [0, 14, 5, 15], "texture": "#1"},
				"west": {"uv": [1, 0, 2, 16], "rotation": 270, "texture": "#1"},
				"up": {"uv": [0, 0, 5, 16], "texture": "#1"},
				"down": {"uv": [0, 16, 5, 0], "texture": "#1"}
			}
		},
		{
			"name": "jungle_trapdoor_1",
			"from": [5, 1, 0],
			"to": [16, 2, 3],
			
			"faces": {
				"north": {"uv": [16, 1, 5, 2], "texture": "#1"},
				"east": {"uv": [14, 0, 15, 3], "rotation": 90, "texture": "#1"},
				"south": {"uv": [5, 2, 16, 3], "texture": "#1"},
				"west": {"uv": [5, 0, 6, 3], "rotation": 270, "texture": "#1"},
				"up": {"uv": [5, 0, 16, 3], "texture": "#1"},
				"down": {"uv": [5, 3, 16, 0], "texture": "#1"}
			}
		},
		{
			"name": "jungle_trapdoor_2",
			"from": [11, 1, 3],
			"to": [16, 2, 16],
			
			"faces": {
				"north": {"uv": [16, 3, 11, 4], "texture": "#1"},
				"east": {"uv": [14, 3, 15, 16], "rotation": 90, "texture": "#1"},
				"south": {"uv": [11, 14, 16, 15], "texture": "#1"},
				"west": {"uv": [11, 3, 12, 16], "rotation": 270, "texture": "#1"},
				"up": {"uv": [11, 3, 16, 16], "texture": "#1"},
				"down": {"uv": [11, 16, 16, 3], "texture": "#1"}
			}
		},
		{
			"name": "jungle_trapdoor_3",
			"from": [5, 1, 4],
			"to": [11, 2, 5],
			
			"faces": {
				"north": {"uv": [11, 4, 5, 5], "texture": "#1"},
				"east": {"uv": [10, 4, 11, 5], "rotation": 90, "texture": "#1"},
				"south": {"uv": [5, 4, 11, 5], "texture": "#1"},
				"west": {"uv": [5, 4, 6, 5], "rotation": 270, "texture": "#1"},
				"up": {"uv": [5, 4, 11, 5], "texture": "#1"},
				"down": {"uv": [5, 5, 11, 4], "texture": "#1"}
			}
		},
		{
			"name": "jungle_trapdoor_4",
			"from": [5, 1, 6],
			"to": [11, 2, 7],
			
			"faces": {
				"north": {"uv": [11, 6, 5, 7], "texture": "#1"},
				"east": {"uv": [10, 6, 11, 7], "rotation": 90, "texture": "#1"},
				"south": {"uv": [5, 6, 11, 7], "texture": "#1"},
				"west": {"uv": [5, 6, 6, 7], "rotation": 270, "texture": "#1"},
				"up": {"uv": [5, 6, 11, 7], "texture": "#1"},
				"down": {"uv": [5, 7, 11, 6], "texture": "#1"}
			}
		},
		{
			"name": "jungle_trapdoor_5",
			"from": [5, 1, 8],
			"to": [11, 2, 9],
			
			"faces": {
				"north": {"uv": [11, 8, 5, 9], "texture": "#1"},
				"east": {"uv": [10, 8, 11, 9], "rotation": 90, "texture": "#1"},
				"south": {"uv": [5, 8, 11, 9], "texture": "#1"},
				"west": {"uv": [5, 8, 6, 9], "rotation": 270, "texture": "#1"},
				"up": {"uv": [5, 8, 11, 9], "texture": "#1"},
				"down": {"uv": [5, 9, 11, 8], "texture": "#1"}
			}
		},
		{
			"name": "jungle_trapdoor_6",
			"from": [5, 1, 10],
			"to": [11, 2, 11],
			
			"faces": {
				"north": {"uv": [11, 10, 5, 11], "texture": "#1"},
				"east": {"uv": [10, 10, 11, 11], "rotation": 90, "texture": "#1"},
				"south": {"uv": [5, 10, 11, 11], "texture": "#1"},
				"west": {"uv": [5, 10, 6, 11], "rotation": 270, "texture": "#1"},
				"up": {"uv": [5, 10, 11, 11], "texture": "#1"},
				"down": {"uv": [5, 11, 11, 10], "texture": "#1"}
			}
		},
		{
			"name": "jungle_trapdoor_7",
			"from": [5, 1, 12],
			"to": [11, 2, 16],
			
			"faces": {
				"north": {"uv": [11, 12, 5, 13], "texture": "#1"},
				"east": {"uv": [10, 12, 11, 16], "rotation": 90, "texture": "#1"},
				"south": {"uv": [5, 14, 11, 15], "texture": "#1"},
				"west": {"uv": [5, 12, 6, 16], "rotation": 270, "texture": "#1"},
				"up": {"uv": [5, 12, 11, 16], "texture": "#1"},
				"down": {"uv": [5, 16, 11, 12], "texture": "#1"}
			}
		},
		{
			"name": "jungle_trapdoor_0",
			"from": [0, 2, 0],
			"to": [5, 3, 16],
			
			"faces": {
				"north": {"uv": [5, 0, 0, 1], "texture": "#1"},
				"east": {"uv": [4, 0, 5, 16], "rotation": 90, "texture": "#1"},
				"south": {"uv": [0, 15, 5, 16], "texture": "#1"},
				"west": {"uv": [0, 0, 1, 16], "rotation": 270, "texture": "#1"},
				"up": {"uv": [0, 0, 5, 16], "texture": "#1"},
				"down": {"uv": [0, 16, 5, 0], "texture": "#1"}
			}
		},
		{
			"name": "jungle_trapdoor_1",
			"from": [5, 2, 0],
			"to": [16, 3, 3],
			
			"faces": {
				"north": {"uv": [16, 0, 5, 1], "texture": "#1"},
				"east": {"uv": [15, 0, 16, 3], "rotation": 90, "texture": "#1"},
				"south": {"uv": [5, 2, 16, 3], "texture": "#1"},
				"west": {"uv": [5, 0, 6, 3], "rotation": 270, "texture": "#1"},
				"up": {"uv": [5, 0, 16, 3], "texture": "#1"},
				"down": {"uv": [5, 3, 16, 0], "texture": "#1"}
			}
		},
		{
			"name": "jungle_trapdoor_2",
			"from": [11, 2, 3],
			"to": [16, 3, 16],
			
			"faces": {
				"north": {"uv": [16, 3, 11, 4], "texture": "#1"},
				"east": {"uv": [15, 3, 16, 16], "rotation": 90, "texture": "#1"},
				"south": {"uv": [11, 15, 16, 16], "texture": "#1"},
				"west": {"uv": [11, 3, 12, 16], "rotation": 270, "texture": "#1"},
				"up": {"uv": [11, 3, 16, 16], "texture": "#1"},
				"down": {"uv": [11, 16, 16, 3], "texture": "#1"}
			}
		},
		{
			"name": "jungle_trapdoor_7",
			"from": [5, 2, 12],
			"to": [11, 3, 16],
			
			"faces": {
				"north": {"uv": [11, 12, 5, 13], "texture": "#1"},
				"east": {"uv": [10, 12, 11, 16], "rotation": 90, "texture": "#1"},
				"south": {"uv": [5, 15, 11, 16], "texture": "#1"},
				"west": {"uv": [5, 12, 6, 16], "rotation": 270, "texture": "#1"},
				"up": {"uv": [5, 12, 11, 16], "texture": "#1"},
				"down": {"uv": [5, 16, 11, 12], "texture": "#1"}
			}
		}
	],
	"groups": [
		{
			"name": "jungle_trapdoor",
			"origin": [8, 8, 8],
			"children": [0, 1, 2, 3, 4, 5, 6, 7,
				{
					"name": "jungle_trapdoor",
					"origin": [8, 8, 8],
					"children": [8, 9, 10, 11, 12, 13, 14, 15,
						{
							"name": "jungle_trapdoor",
							"origin": [8, 8, 8],
							"children": [16, 17, 18, 19]
						}
					]
				}
			]
		}
	]
}