{
	"credit": "Yuushya",
	"ambientocclusion": false,
	"textures": {
		"particle": "#crop1"
	},
	"elements": [
		{
			"from": [4, -1, 0],
			"to": [4, 31, 16],
			"shade": false,
			"faces": {
				"east": {"uv": [0, 0, 8, 16], "texture": "#crop1"},
				"west": {"uv": [0, 0, 8, 16], "texture": "#crop1"}
			}
		},
		{
			"from": [0, -1, 12],
			"to": [16, 31, 12],
			"shade": false,
			"faces": {
				"north": {"uv": [0, 0, 8, 16], "texture": "#crop1"},
				"south": {"uv": [0, 0, 8, 16], "texture": "#crop1"}
			}
		},
		{
			"from": [12, -1, 0],
			"to": [12, 31, 16],
			"shade": false,
			
			"faces": {
				"east": {"uv": [0, 0, 8, 16], "texture": "#crop1"},
				"west": {"uv": [0, 0, 8, 16], "texture": "#crop1"}
			}
		},
		{
			"from": [0, -1, 4],
			"to": [16, 31, 4],
			"shade": false,
			
			"faces": {
				"north": {"uv": [0, 0, 8, 16], "texture": "#crop1"},
				"south": {"uv": [0, 0, 8, 16], "texture": "#crop1"}
			}
		}
	]
}