{
	"credit": "Yuushya",
	"ambientocclusion": false,
	"textures": {
		"particle": "block/dark_oak_fence",
		"texture": "block/dark_oak_fence"
	},
	"elements": [
		{
			"from": [5.5, 9, 0],
			"to": [6, 14, 8],
			
			"faces": {
				"north": {"uv": [10, 16, 5, 15], "rotation": 90, "texture": "#texture"},
				"east": {"uv": [10, 8, 5, 16], "rotation": 90, "texture": "#texture"},
				"south": {"uv": [10, 16, 5, 15], "rotation": 90, "texture": "#texture"},
				"west": {"uv": [10, 8, 5, 16], "rotation": 90, "texture": "#texture"},
				"up": {"uv": [9, 8, 10, 16], "texture": "#texture"},
				"down": {"uv": [6, 8, 7, 16], "texture": "#texture"}
			}
		},
		{
			"from": [10, 9, 0],
			"to": [10.5, 14, 8],
			
			"faces": {
				"north": {"uv": [10, 16, 5, 15], "rotation": 90, "texture": "#texture"},
				"east": {"uv": [10, 8, 5, 16], "rotation": 90, "texture": "#texture"},
				"south": {"uv": [10, 16, 5, 15], "rotation": 90, "texture": "#texture"},
				"west": {"uv": [10, 8, 5, 16], "rotation": 90, "texture": "#texture"},
				"up": {"uv": [9, 8, 10, 16], "texture": "#texture"},
				"down": {"uv": [6, 8, 7, 16], "texture": "#texture"}
			}
		},
		{
			"from": [5.5, 3, 0],
			"to": [6, 6, 8],
			
			"faces": {
				"north": {"uv": [5, 13, 8, 14], "rotation": 90, "texture": "#texture"},
				"east": {"uv": [13, 0, 16, 8], "rotation": 90, "texture": "#texture"},
				"south": {"uv": [9, 0, 12, 1], "rotation": 90, "texture": "#texture"},
				"west": {"uv": [16, 8, 13, 0], "rotation": 90, "texture": "#texture"},
				"up": {"uv": [9, 8, 10, 16], "texture": "#texture"},
				"down": {"uv": [6, 8, 7, 16], "texture": "#texture"}
			}
		},
		{
			"from": [10, 3, 0],
			"to": [10.5, 6, 8],
			
			"faces": {
				"north": {"uv": [5, 13, 8, 14], "rotation": 90, "texture": "#texture"},
				"east": {"uv": [13, 0, 16, 8], "rotation": 90, "texture": "#texture"},
				"south": {"uv": [9, 0, 12, 1], "rotation": 90, "texture": "#texture"},
				"west": {"uv": [16, 8, 13, 0], "rotation": 90, "texture": "#texture"},
				"up": {"uv": [9, 8, 10, 16], "texture": "#texture"},
				"down": {"uv": [6, 8, 7, 16], "texture": "#texture"}
			}
		}
	],
	"display": {
		"thirdperson_righthand": {
			"rotation": [75, 45, 0],
			"translation": [0, 2.5, 0],
			"scale": [0.375, 0.375, 0.375]
		},
		"thirdperson_lefthand": {
			"rotation": [75, 45, 0],
			"translation": [0, 2.5, 0],
			"scale": [0.375, 0.375, 0.375]
		},
		"firstperson_righthand": {
			"rotation": [0, 45, 0],
			"scale": [0.4, 0.4, 0.4]
		},
		"firstperson_lefthand": {
			"rotation": [0, 225, 0],
			"scale": [0.4, 0.4, 0.4]
		},
		"ground": {
			"translation": [0, 3, 0],
			"scale": [0.25, 0.25, 0.25]
		},
		"gui": {
			"rotation": [30, 225, 0],
			"scale": [0.625, 0.625, 0.625]
		},
		"fixed": {
			"scale": [0.5, 0.5, 0.5]
		}
	}
}