{
	"credit": "Yuushya",
	"ambientocclusion": false,
	"textures": {
		"2": "block/oak_leaves_tint",
		"3": "block/oak_leaves_flower",
		"texture": "block/dark_oak_fence",
		"particle": "block/oak_leaves_tint_vine"
	},
	"elements": [
		{
			"from": [5.5, 9, 0],
			"to": [6, 14, 8],
			
			"faces": {
				"north": {"uv": [10, 16, 5, 15], "rotation": 90, "texture": "#texture"},
				"east": {"uv": [10, 8, 5, 16], "rotation": 90, "texture": "#texture"},
				"south": {"uv": [10, 16, 5, 15], "rotation": 90, "texture": "#texture"},
				"west": {"uv": [10, 8, 5, 16], "rotation": 90, "texture": "#texture"},
				"up": {"uv": [9, 8, 10, 16], "texture": "#texture"},
				"down": {"uv": [6, 8, 7, 16], "texture": "#texture"}
			}
		},
		{
			"from": [10, 9, 0],
			"to": [10.5, 14, 8],
			
			"faces": {
				"north": {"uv": [10, 16, 5, 15], "rotation": 90, "texture": "#texture"},
				"east": {"uv": [10, 8, 5, 16], "rotation": 90, "texture": "#texture"},
				"south": {"uv": [10, 16, 5, 15], "rotation": 90, "texture": "#texture"},
				"west": {"uv": [10, 8, 5, 16], "rotation": 90, "texture": "#texture"},
				"up": {"uv": [9, 8, 10, 16], "texture": "#texture"},
				"down": {"uv": [6, 8, 7, 16], "texture": "#texture"}
			}
		},
		{
			"from": [5.5, 3, 0],
			"to": [6, 6, 8],
			
			"faces": {
				"north": {"uv": [5, 13, 8, 14], "rotation": 90, "texture": "#texture"},
				"east": {"uv": [13, 0, 16, 8], "rotation": 90, "texture": "#texture"},
				"south": {"uv": [9, 0, 12, 1], "rotation": 90, "texture": "#texture"},
				"west": {"uv": [16, 8, 13, 0], "rotation": 90, "texture": "#texture"},
				"up": {"uv": [9, 8, 10, 16], "texture": "#texture"},
				"down": {"uv": [6, 8, 7, 16], "texture": "#texture"}
			}
		},
		{
			"from": [10, 3, 0],
			"to": [10.5, 6, 8],
			
			"faces": {
				"north": {"uv": [5, 13, 8, 14], "rotation": 90, "texture": "#texture"},
				"east": {"uv": [13, 0, 16, 8], "rotation": 90, "texture": "#texture"},
				"south": {"uv": [9, 0, 12, 1], "rotation": 90, "texture": "#texture"},
				"west": {"uv": [16, 8, 13, 0], "rotation": 90, "texture": "#texture"},
				"up": {"uv": [9, 8, 10, 16], "texture": "#texture"},
				"down": {"uv": [6, 8, 7, 16], "texture": "#texture"}
			}
		},
		{
			"from": [3, 4, 3],
			"to": [3, 12, 11],
			"shade": false,
			"rotation": {"angle": -22.5, "axis": "z", "origin": [3, 7, 6]},
			"faces": {
				"north": {"uv": [0, 0, 0, 0], "rotation": 90, "texture": "#2"},
				"east": {"uv": [8, 8, 16, 16], "rotation": 90, "texture": "#2", "tintindex": 0},
				"south": {"uv": [0, 0, 0, 0], "rotation": 270, "texture": "#2"},
				"west": {"uv": [7, 5, 15, 13], "texture": "#2", "tintindex": 0},
				"up": {"uv": [0, 0, 0, 0], "rotation": 270, "texture": "#2"},
				"down": {"uv": [0, 0, 0, 0], "rotation": 270, "texture": "#2"}
			}
		},
		{
			"from": [4, 8.1, -6],
			"to": [12, 8.1, 2],
			"shade": false,
			"rotation": {"angle": -22.5, "axis": "x", "origin": [7, 8.1, -3]},
			"faces": {
				"north": {"uv": [0, 0, 0, 0], "texture": "#2"},
				"east": {"uv": [0, 0, 0, 0], "texture": "#2"},
				"south": {"uv": [0, 0, 0, 0], "texture": "#2"},
				"west": {"uv": [0, 0, 0, 0], "texture": "#2"},
				"up": {"uv": [15, 5, 7, 13], "rotation": 180, "texture": "#2", "tintindex": 0},
				"down": {"uv": [4, 0, 12, 8], "texture": "#2", "tintindex": 0}
			}
		},
		{
			"from": [10, 9.1, 1],
			"to": [18, 9.1, 9],
			"shade": false,
			"rotation": {"angle": -22.5, "axis": "z", "origin": [13, 9.1, 4]},
			"faces": {
				"north": {"uv": [0, 0, 0, 0], "texture": "#2"},
				"east": {"uv": [0, 0, 0, 0], "texture": "#2"},
				"south": {"uv": [0, 0, 0, 0], "texture": "#2"},
				"west": {"uv": [0, 0, 0, 0], "texture": "#2"},
				"up": {"uv": [6, 7, 14, 15], "rotation": 270, "texture": "#2", "tintindex": 0},
				"down": {"uv": [6, 7, 14, 15], "rotation": 270, "texture": "#2", "tintindex": 0}
			}
		},
		{
			"from": [4, 14, -3],
			"to": [12, 14, 5],
			"shade": false,
			"rotation": {"angle": -22.5, "axis": "x", "origin": [7, 14, 0]},
			"faces": {
				"north": {"uv": [0, 0, 0, 0], "texture": "#2"},
				"east": {"uv": [0, 0, 0, 0], "texture": "#2"},
				"south": {"uv": [0, 0, 0, 0], "texture": "#2"},
				"west": {"uv": [0, 0, 0, 0], "texture": "#2"},
				"up": {"uv": [5, 7, 13, 15], "rotation": 180, "texture": "#2", "tintindex": 0},
				"down": {"uv": [5, 7, 13, 15], "texture": "#2", "tintindex": 0}
			}
		},
		{
			"from": [2, 15, -3],
			"to": [18, 15, 9],
			"rotation": {"angle": 22.5, "axis": "z", "origin": [10, 9, 3]},
			"faces": {
				"north": {"uv": [0, 0, 0, 16], "rotation": 270, "texture": "#3"},
				"east": {"uv": [0, 0, 12, 0], "texture": "#3"},
				"south": {"uv": [0, 0, 0, 16], "rotation": 90, "texture": "#3"},
				"west": {"uv": [0, 0, 12, 0], "rotation": 180, "texture": "#3"},
				"up": {"uv": [0, 0, 12, 16], "rotation": 90, "texture": "#3"},
				"down": {"uv": [0, 0, 12, 16], "rotation": 90, "texture": "#3"}
			}
		}
	],
	"display": {
		"thirdperson_righthand": {
			"rotation": [75, 45, 0],
			"translation": [0, 2.5, 0],
			"scale": [0.375, 0.375, 0.375]
		},
		"thirdperson_lefthand": {
			"rotation": [75, 45, 0],
			"translation": [0, 2.5, 0],
			"scale": [0.375, 0.375, 0.375]
		},
		"firstperson_righthand": {
			"rotation": [0, 45, 0],
			"scale": [0.4, 0.4, 0.4]
		},
		"firstperson_lefthand": {
			"rotation": [0, 225, 0],
			"scale": [0.4, 0.4, 0.4]
		},
		"ground": {
			"translation": [0, 3, 0],
			"scale": [0.25, 0.25, 0.25]
		},
		"gui": {
			"rotation": [30, 225, 0],
			"scale": [0.625, 0.625, 0.625]
		},
		"fixed": {
			"scale": [0.5, 0.5, 0.5]
		}
	},
	"groups": [0, 1, 2, 3,
		{
			"name": "potted_oak_sapling",
			"origin": [8, 8, 8],
			"children": [
				{
					"name": "al",
					"origin": [13, 16.1, 19.3],
					"children": []
				},
				{
					"name": "group",
					"origin": [15, 11, 8],
					"children": [
						{
							"name": "group",
							"origin": [15, 11, 8],
							"shade": false,
							"children": [
								{
									"name": "group",
									"origin": [8, 8, 8],
									"children": [
										{
											"name": "group",
											"origin": [15, 11, 8],
											"shade": false,
											"children": []
										},
										{
											"name": "group",
											"origin": [15, 11, 8],
											"shade": false,
											"children": []
										},
										{
											"name": "group",
											"origin": [15, 11, 8],
											"shade": false,
											"children": [4]
										},
										{
											"name": "group",
											"origin": [15, 11, 8],
											"shade": false,
											"children": []
										}
									]
								},
								{
									"name": "group",
									"origin": [8, 8, 8],
									"shade": false,
									"children": [
										{
											"name": "group",
											"origin": [15, 11, 8],
											"shade": false,
											"children": []
										},
										{
											"name": "group",
											"origin": [15, 11, 8],
											"shade": false,
											"children": [5, 6]
										},
										{
											"name": "group",
											"origin": [15, 11, 8],
											"shade": false,
											"children": []
										},
										{
											"name": "group",
											"origin": [15, 11, 8],
											"shade": false,
											"children": []
										}
									]
								},
								{
									"name": "group",
									"origin": [8, 9, 8],
									"shade": false,
									"children": [
										{
											"name": "group",
											"origin": [15, 11, 8],
											"shade": false,
											"children": [7]
										}
									]
								}
							]
						}
					]
				}
			]
		}, 8]
}