{
	"credit": "Yuushya",
	"ambientocclusion": false,
	"textures": {
		"top": "block/dark_oak_door_top",
		"particle": "block/dark_oak_door_bottom"
	},
	"elements": [
		{
			"from": [0, 0, 11],
			"to": [3, 16, 16],
			
			"faces": {
				"north": {"uv": [0, 0, 1, 16], "texture": "#top"},
				"east": {"uv": [0, 0, 5, 16], "texture": "#top"},
				"south": {"uv": [2, 0, 5, 16], "texture": "#top"},
				"west": {"uv": [5, 0, 0, 16], "texture": "#top"},
				"up": {"uv": [1, 5, 4, 10], "rotation": 180, "texture": "#top"},
				"down": {"uv": [0, 11, 3, 16], "rotation": 180, "texture": "#top"}
			}
		},
		{
			"from": [0, 0, 0],
			"to": [3, 16, 4],
			
			"faces": {
				"north": {"uv": [2, 0, 5, 16], "texture": "#top"},
				"east": {"uv": [12, 0, 16, 16], "texture": "#top"},
				"south": {"uv": [0, 0, 1, 16], "texture": "#top"},
				"west": {"uv": [16, 0, 12, 16], "texture": "#top"},
				"up": {"uv": [1, 5, 4, 9], "rotation": 180, "texture": "#top"},
				"down": {"uv": [0, 0, 3, 4], "rotation": 180, "texture": "#top"}
			}
		},
		{
			"from": [0, 12, 4],
			"to": [3, 16, 11],
			
			"faces": {
				"north": {"uv": [13, 0, 16, 4], "texture": "#top"},
				"east": {"uv": [4, 0, 11, 4], "texture": "#top"},
				"south": {"uv": [0, 0, 3, 4], "texture": "#top"},
				"west": {"uv": [5, 0, 12, 4], "texture": "#top"},
				"up": {"uv": [1, 5, 4, 12], "texture": "#top"},
				"down": {"uv": [0, 4, 3, 11], "texture": "#top"}
			}
		},
		{
			"from": [1, 0, 4],
			"to": [1, 12, 11],
			
			"faces": {
				"north": {"uv": [15, 4, 15, 16], "texture": "#top"},
				"east": {"uv": [5, 4, 12, 16], "texture": "#top"},
				"south": {"uv": [1, 4, 1, 16], "texture": "#top"},
				"west": {"uv": [5, 4, 12, 16], "texture": "#top"},
				"up": {"uv": [1, 5, 1, 12], "texture": "#top"},
				"down": {"uv": [1, 4, 1, 11], "texture": "#top"}
			}
		}
	]
}