{
	"credit": "Yuushya",
	"textures": {
		"texture": "block/dark_oak_door_top",
		"particle": "block/dark_oak_planks_"
	},
	"elements": [
		{
			"name": "Center post",
			"from": [6, 0, 6],
			"to": [10, 16, 10],
			"faces": {
				"north": {"uv": [5, 0, 1, 16], "texture": "#texture"},
				"east": {"uv": [1, 0, 5, 16], "texture": "#texture"},
				"south": {"uv": [1, 0, 5, 16], "texture": "#texture"},
				"west": {"uv": [5, 0, 1, 16], "texture": "#texture"},
				"up": {"uv": [1, 0, 5, 4], "texture": "#texture"},
				"down": {"uv": [12, 0, 16, 4], "texture": "#texture"}
			}
		}
	]
}