{
	"credit": "Yuushya",
	"textures": {
		"0": "block/dead_horn_coral",
		"particle": "block/dead_horn_coral"
	},
	"elements": [
		{
			"name": "horn_coral_0",
			"from": [5, 12.11364, 8.11364],
			"to": [7, 14.11364, 9.11364],
			"rotation": {"angle": 45, "axis": "y", "origin": [8.5, 7.5, 8.61364]},
			"faces": {
				"north": {"uv": [5, 4, 7, 2], "rotation": 180, "texture": "#0"},
				"east": {"uv": [6, 2, 7, 4], "texture": "#0"},
				"south": {"uv": [5, 2, 7, 4], "texture": "#0"},
				"west": {"uv": [5, 2, 6, 4], "texture": "#0"},
				"up": {"uv": [7, 2, 5, 3], "rotation": 180, "texture": "#0"},
				"down": {"uv": [5, 3, 7, 4], "texture": "#0"}
			}
		},
		{
			"name": "horn_coral_1",
			"from": [10, 12.11364, 8.11364],
			"to": [12, 14.11364, 9.11364],
			"rotation": {"angle": 45, "axis": "y", "origin": [8.5, 7.5, 8.61364]},
			"faces": {
				"north": {"uv": [10, 4, 12, 2], "rotation": 180, "texture": "#0"},
				"east": {"uv": [11, 2, 12, 4], "texture": "#0"},
				"south": {"uv": [10, 2, 12, 4], "texture": "#0"},
				"west": {"uv": [10, 2, 11, 4], "texture": "#0"},
				"up": {"uv": [12, 2, 10, 3], "rotation": 180, "texture": "#0"},
				"down": {"uv": [10, 3, 12, 4], "texture": "#0"}
			}
		},
		{
			"name": "horn_coral_2",
			"from": [7, 9.11364, 8.11364],
			"to": [8, 13.11364, 9.11364],
			"rotation": {"angle": 45, "axis": "y", "origin": [8.5, 7.5, 8.61364]},
			"faces": {
				"north": {"uv": [7, 7, 8, 3], "rotation": 180, "texture": "#0"},
				"east": {"uv": [7, 3, 8, 7], "texture": "#0"},
				"south": {"uv": [7, 3, 8, 7], "texture": "#0"},
				"west": {"uv": [7, 3, 8, 7], "texture": "#0"},
				"up": {"uv": [8, 3, 7, 4], "rotation": 180, "texture": "#0"},
				"down": {"uv": [7, 6, 8, 7], "texture": "#0"}
			}
		},
		{
			"name": "horn_coral_3",
			"from": [9, 0.11364, 8.11364],
			"to": [10, 13.11364, 9.11364],
			"rotation": {"angle": 45, "axis": "y", "origin": [8.5, 7.5, 8.61364]},
			"faces": {
				"north": {"uv": [9, 16, 10, 3], "rotation": 180, "texture": "#0"},
				"east": {"uv": [9, 3, 10, 16], "texture": "#0"},
				"south": {"uv": [9, 3, 10, 16], "texture": "#0"},
				"west": {"uv": [9, 3, 10, 16], "texture": "#0"},
				"up": {"uv": [10, 3, 9, 4], "rotation": 180, "texture": "#0"},
				"down": {"uv": [9, 15, 10, 16], "texture": "#0"}
			}
		},
		{
			"name": "horn_coral_4",
			"from": [6, 11.11364, 8.11364],
			"to": [7, 12.11364, 9.11364],
			"rotation": {"angle": 45, "axis": "y", "origin": [8.5, 7.5, 8.61364]},
			"faces": {
				"north": {"uv": [6, 5, 7, 4], "rotation": 180, "texture": "#0"},
				"east": {"uv": [6, 4, 7, 5], "texture": "#0"},
				"south": {"uv": [6, 4, 7, 5], "texture": "#0"},
				"west": {"uv": [6, 4, 7, 5], "texture": "#0"},
				"up": {"uv": [7, 4, 6, 5], "rotation": 180, "texture": "#0"},
				"down": {"uv": [6, 4, 7, 5], "texture": "#0"}
			}
		},
		{
			"name": "horn_coral_5",
			"from": [8, 0.11364, 8.11364],
			"to": [9, 12.11364, 9.11364],
			"rotation": {"angle": 45, "axis": "y", "origin": [8.5, 7.5, 8.61364]},
			"faces": {
				"north": {"uv": [8, 16, 9, 4], "rotation": 180, "texture": "#0"},
				"east": {"uv": [8, 4, 9, 16], "texture": "#0"},
				"south": {"uv": [8, 4, 9, 16], "texture": "#0"},
				"west": {"uv": [8, 4, 9, 16], "texture": "#0"},
				"up": {"uv": [9, 4, 8, 5], "rotation": 180, "texture": "#0"},
				"down": {"uv": [8, 15, 9, 16], "texture": "#0"}
			}
		},
		{
			"name": "horn_coral_6",
			"from": [10, 11.11364, 8.11364],
			"to": [11, 12.11364, 9.11364],
			"rotation": {"angle": 45, "axis": "y", "origin": [8.5, 7.5, 8.61364]},
			"faces": {
				"north": {"uv": [10, 5, 11, 4], "rotation": 180, "texture": "#0"},
				"east": {"uv": [10, 4, 11, 5], "texture": "#0"},
				"south": {"uv": [10, 4, 11, 5], "texture": "#0"},
				"west": {"uv": [10, 4, 11, 5], "texture": "#0"},
				"up": {"uv": [11, 4, 10, 5], "rotation": 180, "texture": "#0"},
				"down": {"uv": [10, 4, 11, 5], "texture": "#0"}
			}
		},
		{
			"name": "horn_coral_7",
			"from": [12, 9.11364, 8.11364],
			"to": [14, 11.11364, 9.11364],
			"rotation": {"angle": 45, "axis": "y", "origin": [8.5, 7.5, 8.61364]},
			"faces": {
				"north": {"uv": [12, 7, 14, 5], "rotation": 180, "texture": "#0"},
				"east": {"uv": [13, 5, 14, 7], "texture": "#0"},
				"south": {"uv": [12, 5, 14, 7], "texture": "#0"},
				"west": {"uv": [12, 5, 13, 7], "texture": "#0"},
				"up": {"uv": [14, 5, 12, 6], "rotation": 180, "texture": "#0"},
				"down": {"uv": [12, 6, 14, 7], "texture": "#0"}
			}
		},
		{
			"name": "horn_coral_8",
			"from": [4, 4.11364, 8.11364],
			"to": [6, 10.11364, 9.11364],
			"rotation": {"angle": 45, "axis": "y", "origin": [8.5, 7.5, 8.61364]},
			"faces": {
				"north": {"uv": [4, 12, 6, 6], "rotation": 180, "texture": "#0"},
				"east": {"uv": [5, 6, 6, 12], "texture": "#0"},
				"south": {"uv": [4, 6, 6, 12], "texture": "#0"},
				"west": {"uv": [4, 6, 5, 12], "texture": "#0"},
				"up": {"uv": [6, 6, 4, 7], "rotation": 180, "texture": "#0"},
				"down": {"uv": [4, 11, 6, 12], "texture": "#0"}
			}
		},
		{
			"name": "horn_coral_9",
			"from": [11, 7.11364, 8.11364],
			"to": [12, 10.11364, 9.11364],
			"rotation": {"angle": 45, "axis": "y", "origin": [8.5, 7.5, 8.61364]},
			"faces": {
				"north": {"uv": [11, 9, 12, 6], "rotation": 180, "texture": "#0"},
				"east": {"uv": [11, 6, 12, 9], "texture": "#0"},
				"south": {"uv": [11, 6, 12, 9], "texture": "#0"},
				"west": {"uv": [11, 6, 12, 9], "texture": "#0"},
				"up": {"uv": [12, 6, 11, 7], "rotation": 180, "texture": "#0"},
				"down": {"uv": [11, 8, 12, 9], "texture": "#0"}
			}
		},
		{
			"name": "horn_coral_10",
			"from": [1, 7.11364, 8.11364],
			"to": [3, 9.11364, 9.11364],
			"rotation": {"angle": 45, "axis": "y", "origin": [8.5, 7.5, 8.61364]},
			"faces": {
				"north": {"uv": [1, 9, 3, 7], "rotation": 180, "texture": "#0"},
				"east": {"uv": [2, 7, 3, 9], "texture": "#0"},
				"south": {"uv": [1, 7, 3, 9], "texture": "#0"},
				"west": {"uv": [1, 7, 2, 9], "texture": "#0"},
				"up": {"uv": [3, 7, 1, 8], "rotation": 180, "texture": "#0"},
				"down": {"uv": [1, 8, 3, 9], "texture": "#0"}
			}
		},
		{
			"name": "horn_coral_11",
			"from": [6, 2.11364, 8.11364],
			"to": [7, 9.11364, 9.11364],
			"rotation": {"angle": 45, "axis": "y", "origin": [8.5, 7.5, 8.61364]},
			"faces": {
				"north": {"uv": [6, 14, 7, 7], "rotation": 180, "texture": "#0"},
				"east": {"uv": [6, 7, 7, 14], "texture": "#0"},
				"south": {"uv": [6, 7, 7, 14], "texture": "#0"},
				"west": {"uv": [6, 7, 7, 14], "texture": "#0"},
				"up": {"uv": [7, 7, 6, 8], "rotation": 180, "texture": "#0"},
				"down": {"uv": [6, 13, 7, 14], "texture": "#0"}
			}
		},
		{
			"name": "horn_coral_12",
			"from": [10, 5.11364, 8.11364],
			"to": [11, 9.11364, 9.11364],
			"rotation": {"angle": 45, "axis": "y", "origin": [8.5, 7.5, 8.61364]},
			"faces": {
				"north": {"uv": [10, 11, 11, 7], "rotation": 180, "texture": "#0"},
				"east": {"uv": [10, 7, 11, 11], "texture": "#0"},
				"south": {"uv": [10, 7, 11, 11], "texture": "#0"},
				"west": {"uv": [10, 7, 11, 11], "texture": "#0"},
				"up": {"uv": [11, 7, 10, 8], "rotation": 180, "texture": "#0"},
				"down": {"uv": [10, 10, 11, 11], "texture": "#0"}
			}
		},
		{
			"name": "horn_coral_13",
			"from": [12, 8.11364, 8.11364],
			"to": [13, 9.11364, 9.11364],
			"rotation": {"angle": 45, "axis": "y", "origin": [8.5, 7.5, 8.61364]},
			"faces": {
				"north": {"uv": [12, 8, 13, 7], "rotation": 180, "texture": "#0"},
				"east": {"uv": [12, 7, 13, 8], "texture": "#0"},
				"south": {"uv": [12, 7, 13, 8], "texture": "#0"},
				"west": {"uv": [12, 7, 13, 8], "texture": "#0"},
				"up": {"uv": [13, 7, 12, 8], "rotation": 180, "texture": "#0"},
				"down": {"uv": [12, 7, 13, 8], "texture": "#0"}
			}
		},
		{
			"name": "horn_coral_14",
			"from": [3, 5.11364, 8.11364],
			"to": [4, 8.11364, 9.11364],
			"rotation": {"angle": 45, "axis": "y", "origin": [8.5, 7.5, 8.61364]},
			"faces": {
				"north": {"uv": [3, 11, 4, 8], "rotation": 180, "texture": "#0"},
				"east": {"uv": [3, 8, 4, 11], "texture": "#0"},
				"south": {"uv": [3, 8, 4, 11], "texture": "#0"},
				"west": {"uv": [3, 8, 4, 11], "texture": "#0"},
				"up": {"uv": [4, 8, 3, 9], "rotation": 180, "texture": "#0"},
				"down": {"uv": [3, 10, 4, 11], "texture": "#0"}
			}
		},
		{
			"name": "horn_coral_15",
			"from": [7, 0.11364, 8.11364],
			"to": [8, 8.11364, 9.11364],
			"rotation": {"angle": 45, "axis": "y", "origin": [8.5, 7.5, 8.61364]},
			"faces": {
				"north": {"uv": [7, 16, 8, 8], "rotation": 180, "texture": "#0"},
				"east": {"uv": [7, 8, 8, 16], "texture": "#0"},
				"south": {"uv": [7, 8, 8, 16], "texture": "#0"},
				"west": {"uv": [7, 8, 8, 16], "texture": "#0"},
				"up": {"uv": [8, 8, 7, 9], "rotation": 180, "texture": "#0"},
				"down": {"uv": [7, 15, 8, 16], "texture": "#0"}
			}
		},
		{
			"name": "horn_coral_16",
			"from": [2, 6.11364, 8.11364],
			"to": [3, 7.11364, 9.11364],
			"rotation": {"angle": 45, "axis": "y", "origin": [8.5, 7.5, 8.61364]},
			"faces": {
				"north": {"uv": [2, 10, 3, 9], "rotation": 180, "texture": "#0"},
				"east": {"uv": [2, 9, 3, 10], "texture": "#0"},
				"south": {"uv": [2, 9, 3, 10], "texture": "#0"},
				"west": {"uv": [2, 9, 3, 10], "texture": "#0"},
				"up": {"uv": [3, 9, 2, 10], "rotation": 180, "texture": "#0"},
				"down": {"uv": [2, 9, 3, 10], "texture": "#0"}
			}
		},
		{
			"name": "horn_coral_17",
			"from": [12, 4.11364, 8.11364],
			"to": [14, 6.11364, 9.11364],
			"rotation": {"angle": 45, "axis": "y", "origin": [8.5, 7.5, 8.61364]},
			"faces": {
				"north": {"uv": [12, 12, 14, 10], "rotation": 180, "texture": "#0"},
				"east": {"uv": [13, 10, 14, 12], "texture": "#0"},
				"south": {"uv": [12, 10, 14, 12], "texture": "#0"},
				"west": {"uv": [12, 10, 13, 12], "texture": "#0"},
				"up": {"uv": [14, 10, 12, 11], "rotation": 180, "texture": "#0"},
				"down": {"uv": [12, 11, 14, 12], "texture": "#0"}
			}
		},
		{
			"name": "horn_coral_18",
			"from": [11, 2.11364, 8.11364],
			"to": [12, 5.11364, 9.11364],
			"rotation": {"angle": 45, "axis": "y", "origin": [8.5, 7.5, 8.61364]},
			"faces": {
				"north": {"uv": [11, 14, 12, 11], "rotation": 180, "texture": "#0"},
				"east": {"uv": [11, 11, 12, 14], "texture": "#0"},
				"south": {"uv": [11, 11, 12, 14], "texture": "#0"},
				"west": {"uv": [11, 11, 12, 14], "texture": "#0"},
				"up": {"uv": [12, 11, 11, 12], "rotation": 180, "texture": "#0"},
				"down": {"uv": [11, 13, 12, 14], "texture": "#0"}
			}
		},
		{
			"name": "horn_coral_19",
			"from": [5, 3.11364, 8.11364],
			"to": [6, 4.11364, 9.11364],
			"rotation": {"angle": 45, "axis": "y", "origin": [8.5, 7.5, 8.61364]},
			"faces": {
				"north": {"uv": [5, 13, 6, 12], "rotation": 180, "texture": "#0"},
				"east": {"uv": [5, 12, 6, 13], "texture": "#0"},
				"south": {"uv": [5, 12, 6, 13], "texture": "#0"},
				"west": {"uv": [5, 12, 6, 13], "texture": "#0"},
				"up": {"uv": [6, 12, 5, 13], "rotation": 180, "texture": "#0"},
				"down": {"uv": [5, 12, 6, 13], "texture": "#0"}
			}
		},
		{
			"name": "horn_coral_20",
			"from": [10, 2.11364, 8.11364],
			"to": [11, 4.11364, 9.11364],
			"rotation": {"angle": 45, "axis": "y", "origin": [8.5, 7.5, 8.61364]},
			"faces": {
				"north": {"uv": [10, 14, 11, 12], "rotation": 180, "texture": "#0"},
				"east": {"uv": [10, 12, 11, 14], "texture": "#0"},
				"south": {"uv": [10, 12, 11, 14], "texture": "#0"},
				"west": {"uv": [10, 12, 11, 14], "texture": "#0"},
				"up": {"uv": [11, 12, 10, 13], "rotation": 180, "texture": "#0"},
				"down": {"uv": [10, 13, 11, 14], "texture": "#0"}
			}
		},
		{
			"name": "horn_coral_21",
			"from": [12, 3.11364, 8.11364],
			"to": [13, 4.11364, 9.11364],
			"rotation": {"angle": 45, "axis": "y", "origin": [8.5, 7.5, 8.61364]},
			"faces": {
				"north": {"uv": [12, 13, 13, 12], "rotation": 180, "texture": "#0"},
				"east": {"uv": [12, 12, 13, 13], "texture": "#0"},
				"south": {"uv": [12, 12, 13, 13], "texture": "#0"},
				"west": {"uv": [12, 12, 13, 13], "texture": "#0"},
				"up": {"uv": [13, 12, 12, 13], "rotation": 180, "texture": "#0"},
				"down": {"uv": [12, 12, 13, 13], "texture": "#0"}
			}
		},
		{
			"name": "horn_coral_0",
			"from": [8, 12.11364, 10.11364],
			"to": [9, 14.11364, 12.11364],
			"rotation": {"angle": 45, "axis": "y", "origin": [8.5, 7.5, 8.61364]},
			"faces": {
				"north": {"uv": [6, 2, 7, 4], "texture": "#0"},
				"east": {"uv": [5, 2, 7, 4], "texture": "#0"},
				"south": {"uv": [5, 2, 6, 4], "texture": "#0"},
				"west": {"uv": [5, 4, 7, 2], "rotation": 180, "texture": "#0"},
				"up": {"uv": [7, 2, 5, 3], "rotation": 90, "texture": "#0"},
				"down": {"uv": [5, 3, 7, 4], "rotation": 90, "texture": "#0"}
			}
		},
		{
			"name": "horn_coral_1",
			"from": [8, 12.11364, 5.11364],
			"to": [9, 14.11364, 7.11364],
			"rotation": {"angle": 45, "axis": "y", "origin": [8.5, 7.5, 8.61364]},
			"faces": {
				"north": {"uv": [11, 2, 12, 4], "texture": "#0"},
				"east": {"uv": [10, 2, 12, 4], "texture": "#0"},
				"south": {"uv": [10, 2, 11, 4], "texture": "#0"},
				"west": {"uv": [10, 4, 12, 2], "rotation": 180, "texture": "#0"},
				"up": {"uv": [12, 2, 10, 3], "rotation": 90, "texture": "#0"},
				"down": {"uv": [10, 3, 12, 4], "rotation": 90, "texture": "#0"}
			}
		},
		{
			"name": "horn_coral_2",
			"from": [8, 9.11364, 9.11364],
			"to": [9, 13.11364, 10.11364],
			"rotation": {"angle": 45, "axis": "y", "origin": [8.5, 7.5, 8.61364]},
			"faces": {
				"north": {"uv": [7, 3, 8, 7], "texture": "#0"},
				"east": {"uv": [7, 3, 8, 7], "texture": "#0"},
				"south": {"uv": [7, 3, 8, 7], "texture": "#0"},
				"west": {"uv": [7, 7, 8, 3], "rotation": 180, "texture": "#0"},
				"up": {"uv": [8, 3, 7, 4], "rotation": 90, "texture": "#0"},
				"down": {"uv": [7, 6, 8, 7], "rotation": 90, "texture": "#0"}
			}
		},
		{
			"name": "horn_coral_3",
			"from": [8, 0.11364, 7.11364],
			"to": [9, 13.11364, 8.11364],
			"rotation": {"angle": 45, "axis": "y", "origin": [8.5, 7.5, 8.61364]},
			"faces": {
				"north": {"uv": [9, 3, 10, 16], "texture": "#0"},
				"east": {"uv": [9, 3, 10, 16], "texture": "#0"},
				"south": {"uv": [9, 3, 10, 16], "texture": "#0"},
				"west": {"uv": [9, 16, 10, 3], "rotation": 180, "texture": "#0"},
				"up": {"uv": [10, 3, 9, 4], "rotation": 90, "texture": "#0"},
				"down": {"uv": [9, 15, 10, 16], "rotation": 90, "texture": "#0"}
			}
		},
		{
			"name": "horn_coral_4",
			"from": [8, 11.11364, 10.11364],
			"to": [9, 12.11364, 11.11364],
			"rotation": {"angle": 45, "axis": "y", "origin": [8.5, 7.5, 8.61364]},
			"faces": {
				"north": {"uv": [6, 4, 7, 5], "texture": "#0"},
				"east": {"uv": [6, 4, 7, 5], "texture": "#0"},
				"south": {"uv": [6, 4, 7, 5], "texture": "#0"},
				"west": {"uv": [6, 5, 7, 4], "rotation": 180, "texture": "#0"},
				"up": {"uv": [7, 4, 6, 5], "rotation": 90, "texture": "#0"},
				"down": {"uv": [6, 4, 7, 5], "rotation": 90, "texture": "#0"}
			}
		},
		{
			"name": "horn_coral_5",
			"from": [8, 0.11364, 8.11364],
			"to": [9, 12.11364, 9.11364],
			"rotation": {"angle": 45, "axis": "y", "origin": [8.5, 7.5, 8.61364]},
			"faces": {
				"north": {"uv": [8, 4, 9, 16], "texture": "#0"},
				"east": {"uv": [8, 4, 9, 16], "texture": "#0"},
				"south": {"uv": [8, 4, 9, 16], "texture": "#0"},
				"west": {"uv": [8, 16, 9, 4], "rotation": 180, "texture": "#0"},
				"up": {"uv": [9, 4, 8, 5], "rotation": 90, "texture": "#0"},
				"down": {"uv": [8, 15, 9, 16], "rotation": 90, "texture": "#0"}
			}
		},
		{
			"name": "horn_coral_6",
			"from": [8, 11.11364, 6.11364],
			"to": [9, 12.11364, 7.11364],
			"rotation": {"angle": 45, "axis": "y", "origin": [8.5, 7.5, 8.61364]},
			"faces": {
				"north": {"uv": [10, 4, 11, 5], "texture": "#0"},
				"east": {"uv": [10, 4, 11, 5], "texture": "#0"},
				"south": {"uv": [10, 4, 11, 5], "texture": "#0"},
				"west": {"uv": [10, 5, 11, 4], "rotation": 180, "texture": "#0"},
				"up": {"uv": [11, 4, 10, 5], "rotation": 90, "texture": "#0"},
				"down": {"uv": [10, 4, 11, 5], "rotation": 90, "texture": "#0"}
			}
		},
		{
			"name": "horn_coral_7",
			"from": [8, 9.11364, 3.11364],
			"to": [9, 11.11364, 5.11364],
			"rotation": {"angle": 45, "axis": "y", "origin": [8.5, 7.5, 8.61364]},
			"faces": {
				"north": {"uv": [13, 5, 14, 7], "texture": "#0"},
				"east": {"uv": [12, 5, 14, 7], "texture": "#0"},
				"south": {"uv": [12, 5, 13, 7], "texture": "#0"},
				"west": {"uv": [12, 7, 14, 5], "rotation": 180, "texture": "#0"},
				"up": {"uv": [14, 5, 12, 6], "rotation": 90, "texture": "#0"},
				"down": {"uv": [12, 6, 14, 7], "rotation": 90, "texture": "#0"}
			}
		},
		{
			"name": "horn_coral_8",
			"from": [8, 4.11364, 11.11364],
			"to": [9, 10.11364, 13.11364],
			"rotation": {"angle": 45, "axis": "y", "origin": [8.5, 7.5, 8.61364]},
			"faces": {
				"north": {"uv": [5, 6, 6, 12], "texture": "#0"},
				"east": {"uv": [4, 6, 6, 12], "texture": "#0"},
				"south": {"uv": [4, 6, 5, 12], "texture": "#0"},
				"west": {"uv": [4, 12, 6, 6], "rotation": 180, "texture": "#0"},
				"up": {"uv": [6, 6, 4, 7], "rotation": 90, "texture": "#0"},
				"down": {"uv": [4, 11, 6, 12], "rotation": 90, "texture": "#0"}
			}
		},
		{
			"name": "horn_coral_9",
			"from": [8, 7.11364, 5.11364],
			"to": [9, 10.11364, 6.11364],
			"rotation": {"angle": 45, "axis": "y", "origin": [8.5, 7.5, 8.61364]},
			"faces": {
				"north": {"uv": [11, 6, 12, 9], "texture": "#0"},
				"east": {"uv": [11, 6, 12, 9], "texture": "#0"},
				"south": {"uv": [11, 6, 12, 9], "texture": "#0"},
				"west": {"uv": [11, 9, 12, 6], "rotation": 180, "texture": "#0"},
				"up": {"uv": [12, 6, 11, 7], "rotation": 90, "texture": "#0"},
				"down": {"uv": [11, 8, 12, 9], "rotation": 90, "texture": "#0"}
			}
		},
		{
			"name": "horn_coral_10",
			"from": [8, 7.11364, 14.11364],
			"to": [9, 9.11364, 16.11364],
			"rotation": {"angle": 45, "axis": "y", "origin": [8.5, 7.5, 8.61364]},
			"faces": {
				"north": {"uv": [2, 7, 3, 9], "texture": "#0"},
				"east": {"uv": [1, 7, 3, 9], "texture": "#0"},
				"south": {"uv": [1, 7, 2, 9], "texture": "#0"},
				"west": {"uv": [1, 9, 3, 7], "rotation": 180, "texture": "#0"},
				"up": {"uv": [3, 7, 1, 8], "rotation": 90, "texture": "#0"},
				"down": {"uv": [1, 8, 3, 9], "rotation": 90, "texture": "#0"}
			}
		},
		{
			"name": "horn_coral_11",
			"from": [8, 2.11364, 10.11364],
			"to": [9, 9.11364, 11.11364],
			"rotation": {"angle": 45, "axis": "y", "origin": [8.5, 7.5, 8.61364]},
			"faces": {
				"north": {"uv": [6, 7, 7, 14], "texture": "#0"},
				"east": {"uv": [6, 7, 7, 14], "texture": "#0"},
				"south": {"uv": [6, 7, 7, 14], "texture": "#0"},
				"west": {"uv": [6, 14, 7, 7], "rotation": 180, "texture": "#0"},
				"up": {"uv": [7, 7, 6, 8], "rotation": 90, "texture": "#0"},
				"down": {"uv": [6, 13, 7, 14], "rotation": 90, "texture": "#0"}
			}
		},
		{
			"name": "horn_coral_12",
			"from": [8, 5.11364, 6.11364],
			"to": [9, 9.11364, 7.11364],
			"rotation": {"angle": 45, "axis": "y", "origin": [8.5, 7.5, 8.61364]},
			"faces": {
				"north": {"uv": [10, 7, 11, 11], "texture": "#0"},
				"east": {"uv": [10, 7, 11, 11], "texture": "#0"},
				"south": {"uv": [10, 7, 11, 11], "texture": "#0"},
				"west": {"uv": [10, 11, 11, 7], "rotation": 180, "texture": "#0"},
				"up": {"uv": [11, 7, 10, 8], "rotation": 90, "texture": "#0"},
				"down": {"uv": [10, 10, 11, 11], "rotation": 90, "texture": "#0"}
			}
		},
		{
			"name": "horn_coral_13",
			"from": [8, 8.11364, 4.11364],
			"to": [9, 9.11364, 5.11364],
			"rotation": {"angle": 45, "axis": "y", "origin": [8.5, 7.5, 8.61364]},
			"faces": {
				"north": {"uv": [12, 7, 13, 8], "texture": "#0"},
				"east": {"uv": [12, 7, 13, 8], "texture": "#0"},
				"south": {"uv": [12, 7, 13, 8], "texture": "#0"},
				"west": {"uv": [12, 8, 13, 7], "rotation": 180, "texture": "#0"},
				"up": {"uv": [13, 7, 12, 8], "rotation": 90, "texture": "#0"},
				"down": {"uv": [12, 7, 13, 8], "rotation": 90, "texture": "#0"}
			}
		},
		{
			"name": "horn_coral_14",
			"from": [8, 5.11364, 13.11364],
			"to": [9, 8.11364, 14.11364],
			"rotation": {"angle": 45, "axis": "y", "origin": [8.5, 7.5, 8.61364]},
			"faces": {
				"north": {"uv": [3, 8, 4, 11], "texture": "#0"},
				"east": {"uv": [3, 8, 4, 11], "texture": "#0"},
				"south": {"uv": [3, 8, 4, 11], "texture": "#0"},
				"west": {"uv": [3, 11, 4, 8], "rotation": 180, "texture": "#0"},
				"up": {"uv": [4, 8, 3, 9], "rotation": 90, "texture": "#0"},
				"down": {"uv": [3, 10, 4, 11], "rotation": 90, "texture": "#0"}
			}
		},
		{
			"name": "horn_coral_15",
			"from": [8, 0.11364, 9.11364],
			"to": [9, 8.11364, 10.11364],
			"rotation": {"angle": 45, "axis": "y", "origin": [8.5, 7.5, 8.61364]},
			"faces": {
				"north": {"uv": [7, 8, 8, 16], "texture": "#0"},
				"east": {"uv": [7, 8, 8, 16], "texture": "#0"},
				"south": {"uv": [7, 8, 8, 16], "texture": "#0"},
				"west": {"uv": [7, 16, 8, 8], "rotation": 180, "texture": "#0"},
				"up": {"uv": [8, 8, 7, 9], "rotation": 90, "texture": "#0"},
				"down": {"uv": [7, 15, 8, 16], "rotation": 90, "texture": "#0"}
			}
		},
		{
			"name": "horn_coral_16",
			"from": [8, 6.11364, 14.11364],
			"to": [9, 7.11364, 15.11364],
			"rotation": {"angle": 45, "axis": "y", "origin": [8.5, 7.5, 8.61364]},
			"faces": {
				"north": {"uv": [2, 9, 3, 10], "texture": "#0"},
				"east": {"uv": [2, 9, 3, 10], "texture": "#0"},
				"south": {"uv": [2, 9, 3, 10], "texture": "#0"},
				"west": {"uv": [2, 10, 3, 9], "rotation": 180, "texture": "#0"},
				"up": {"uv": [3, 9, 2, 10], "rotation": 90, "texture": "#0"},
				"down": {"uv": [2, 9, 3, 10], "rotation": 90, "texture": "#0"}
			}
		},
		{
			"name": "horn_coral_17",
			"from": [8, 4.11364, 3.11364],
			"to": [9, 6.11364, 5.11364],
			"rotation": {"angle": 45, "axis": "y", "origin": [8.5, 7.5, 8.61364]},
			"faces": {
				"north": {"uv": [13, 10, 14, 12], "texture": "#0"},
				"east": {"uv": [12, 10, 14, 12], "texture": "#0"},
				"south": {"uv": [12, 10, 13, 12], "texture": "#0"},
				"west": {"uv": [12, 12, 14, 10], "rotation": 180, "texture": "#0"},
				"up": {"uv": [14, 10, 12, 11], "rotation": 90, "texture": "#0"},
				"down": {"uv": [12, 11, 14, 12], "rotation": 90, "texture": "#0"}
			}
		},
		{
			"name": "horn_coral_18",
			"from": [8, 2.11364, 5.11364],
			"to": [9, 5.11364, 6.11364],
			"rotation": {"angle": 45, "axis": "y", "origin": [8.5, 7.5, 8.61364]},
			"faces": {
				"north": {"uv": [11, 11, 12, 14], "texture": "#0"},
				"east": {"uv": [11, 11, 12, 14], "texture": "#0"},
				"south": {"uv": [11, 11, 12, 14], "texture": "#0"},
				"west": {"uv": [11, 14, 12, 11], "rotation": 180, "texture": "#0"},
				"up": {"uv": [12, 11, 11, 12], "rotation": 90, "texture": "#0"},
				"down": {"uv": [11, 13, 12, 14], "rotation": 90, "texture": "#0"}
			}
		},
		{
			"name": "horn_coral_19",
			"from": [8, 3.11364, 11.11364],
			"to": [9, 4.11364, 12.11364],
			"rotation": {"angle": 45, "axis": "y", "origin": [8.5, 7.5, 8.61364]},
			"faces": {
				"north": {"uv": [5, 12, 6, 13], "texture": "#0"},
				"east": {"uv": [5, 12, 6, 13], "texture": "#0"},
				"south": {"uv": [5, 12, 6, 13], "texture": "#0"},
				"west": {"uv": [5, 13, 6, 12], "rotation": 180, "texture": "#0"},
				"up": {"uv": [6, 12, 5, 13], "rotation": 90, "texture": "#0"},
				"down": {"uv": [5, 12, 6, 13], "rotation": 90, "texture": "#0"}
			}
		},
		{
			"name": "horn_coral_20",
			"from": [8, 2.11364, 6.11364],
			"to": [9, 4.11364, 7.11364],
			"rotation": {"angle": 45, "axis": "y", "origin": [8.5, 7.5, 8.61364]},
			"faces": {
				"north": {"uv": [10, 12, 11, 14], "texture": "#0"},
				"east": {"uv": [10, 12, 11, 14], "texture": "#0"},
				"south": {"uv": [10, 12, 11, 14], "texture": "#0"},
				"west": {"uv": [10, 14, 11, 12], "rotation": 180, "texture": "#0"},
				"up": {"uv": [11, 12, 10, 13], "rotation": 90, "texture": "#0"},
				"down": {"uv": [10, 13, 11, 14], "rotation": 90, "texture": "#0"}
			}
		},
		{
			"name": "horn_coral_21",
			"from": [8, 3.11364, 4.11364],
			"to": [9, 4.11364, 5.11364],
			"rotation": {"angle": 45, "axis": "y", "origin": [8.5, 7.5, 8.61364]},
			"faces": {
				"north": {"uv": [12, 12, 13, 13], "texture": "#0"},
				"east": {"uv": [12, 12, 13, 13], "texture": "#0"},
				"south": {"uv": [12, 12, 13, 13], "texture": "#0"},
				"west": {"uv": [12, 13, 13, 12], "rotation": 180, "texture": "#0"},
				"up": {"uv": [13, 12, 12, 13], "rotation": 90, "texture": "#0"},
				"down": {"uv": [12, 12, 13, 13], "rotation": 90, "texture": "#0"}
			}
		}
	],
	"groups": [
		{
			"name": "horn_coral",
			"origin": [8, 8, 8],
			"children": [0, 1, 2, 3, 4, 5, 6, 7, 8, 9, 10, 11, 12, 13, 14, 15, 16, 17, 18, 19, 20, 21,
				{
					"name": "horn_coral",
					"origin": [8, 8, 8],
					"children": [22, 23, 24, 25, 26, 27, 28, 29, 30, 31, 32, 33, 34, 35, 36, 37, 38, 39, 40, 41, 42, 43]
				}
			]
		}
	]
}