{
	"credit": "Yuushya",
	"parent": "block/leaves",
	"ambientocclusion": false,
	"textures": {
		"particle": "block/maple",
		"all": "block/maple"
	},
	"elements": [
		{
			"from": [8, 1, 2],
			"to": [16, 1, 10],
			"shade": false,
			"rotation": {"angle": -22.5, "axis": "z", "origin": [11, 1, 5]},
			"faces": {
				"north": {"uv": [0, 0, 0, 0], "texture": "#all"},
				"east": {"uv": [0, 0, 0, 0], "texture": "#all"},
				"south": {"uv": [0, 0, 0, 0], "texture": "#all"},
				"west": {"uv": [0, 0, 0, 0], "texture": "#all"},
				"up": {"uv": [8, 1, 16, 9], "rotation": 90, "texture": "#all"},
				"down": {"uv": [8, 0, 16, 8], "rotation": 90, "texture": "#all"}
			}
		},
		{
			"from": [-1, 1, 2],
			"to": [7, 1, 10],
			"shade": false,
			"rotation": {"angle": 22.5, "axis": "z", "origin": [2, 1, 5]},
			"faces": {
				"north": {"uv": [0, 0, 0, 0], "texture": "#all"},
				"east": {"uv": [0, 0, 0, 0], "texture": "#all"},
				"south": {"uv": [0, 0, 0, 0], "texture": "#all"},
				"west": {"uv": [0, 0, 0, 0], "texture": "#all"},
				"up": {"uv": [6, 2, 14, 10], "rotation": 180, "texture": "#all"},
				"down": {"uv": [1, 8, 9, 16], "rotation": 180, "texture": "#all"}
			}
		},
		{
			"from": [4, 0, -2],
			"to": [12, 0, 6],
			"shade": false,
			"rotation": {"angle": -22.5, "axis": "x", "origin": [7, 0, 1]},
			"faces": {
				"north": {"uv": [0, 0, 0, 0], "texture": "#all"},
				"east": {"uv": [0, 0, 0, 0], "texture": "#all"},
				"south": {"uv": [0, 0, 0, 0], "texture": "#all"},
				"west": {"uv": [0, 0, 0, 0], "texture": "#all"},
				"up": {"uv": [5, 7, 13, 15], "rotation": 180, "texture": "#all"},
				"down": {"uv": [5, 7, 13, 15], "texture": "#all"}
			}
		},
		{
			"from": [0, 4, -4],
			"to": [8, 4, 4],
			"shade": false,
			"rotation": {"angle": -22.5, "axis": "z", "origin": [3, 4, -1]},
			"faces": {
				"north": {"uv": [0, 0, 0, 0], "texture": "#all"},
				"east": {"uv": [0, 0, 0, 0], "texture": "#all"},
				"south": {"uv": [0, 0, 0, 0], "texture": "#all"},
				"west": {"uv": [0, 0, 0, 0], "texture": "#all"},
				"up": {"uv": [3, 0, 11, 8], "rotation": 90, "texture": "#all"},
				"down": {"uv": [3, 0, 11, 8], "rotation": 90, "texture": "#all"}
			}
		},
		{
			"from": [-4, 4, 0],
			"to": [4, 4, 8],
			"shade": false,
			"rotation": {"angle": 22.5, "axis": "x", "origin": [-1, 4, 3]},
			"faces": {
				"north": {"uv": [0, 0, 0, 0], "texture": "#all"},
				"east": {"uv": [0, 0, 0, 0], "texture": "#all"},
				"south": {"uv": [0, 0, 0, 0], "texture": "#all"},
				"west": {"uv": [0, 0, 0, 0], "texture": "#all"},
				"up": {"uv": [8, 8, 16, 16], "texture": "#all"},
				"down": {"uv": [8, 8, 16, 16], "texture": "#all"}
			}
		},
		{
			"from": [-8, 2.6, -4],
			"to": [0, 2.6, 4],
			"shade": false,
			"rotation": {"angle": 22.5, "axis": "z", "origin": [-5, 2.6, -1]},
			"faces": {
				"north": {"uv": [0, 0, 0, 0], "texture": "#all"},
				"east": {"uv": [0, 0, 0, 0], "texture": "#all"},
				"south": {"uv": [0, 0, 0, 0], "texture": "#all"},
				"west": {"uv": [0, 0, 0, 0], "texture": "#all"},
				"up": {"uv": [1, 8, 9, 16], "rotation": 180, "texture": "#all"},
				"down": {"uv": [1, 8, 9, 16], "rotation": 180, "texture": "#all"}
			}
		},
		{
			"from": [-4, 3, -8],
			"to": [4, 3, 0],
			"shade": false,
			"rotation": {"angle": -22.5, "axis": "x", "origin": [-1, 3, -5]},
			"faces": {
				"north": {"uv": [0, 0, 0, 0], "texture": "#all"},
				"east": {"uv": [0, 0, 0, 0], "texture": "#all"},
				"south": {"uv": [0, 0, 0, 0], "texture": "#all"},
				"west": {"uv": [0, 0, 0, 0], "texture": "#all"},
				"up": {"uv": [0, 8, 8, 16], "texture": "#all"},
				"down": {"uv": [0, 8, 8, 16], "texture": "#all"}
			}
		},
		{
			"from": [0, 3, 13],
			"to": [8, 3, 21],
			"shade": false,
			"rotation": {"angle": -22.5, "axis": "z", "origin": [3, 3, 16]},
			"faces": {
				"north": {"uv": [0, 0, 0, 0], "texture": "#all"},
				"east": {"uv": [0, 0, 0, 0], "texture": "#all"},
				"south": {"uv": [0, 0, 0, 0], "texture": "#all"},
				"west": {"uv": [0, 0, 0, 0], "texture": "#all"},
				"up": {"uv": [3, 0, 11, 8], "rotation": 90, "texture": "#all"},
				"down": {"uv": [3, 0, 11, 8], "rotation": 90, "texture": "#all"}
			}
		},
		{
			"from": [-4, 3, 17],
			"to": [4, 3, 25],
			"shade": false,
			"rotation": {"angle": 22.5, "axis": "x", "origin": [-1, 3, 20]},
			"faces": {
				"north": {"uv": [0, 0, 0, 0], "texture": "#all"},
				"east": {"uv": [0, 0, 0, 0], "texture": "#all"},
				"south": {"uv": [0, 0, 0, 0], "texture": "#all"},
				"west": {"uv": [0, 0, 0, 0], "texture": "#all"},
				"up": {"uv": [0, 8, 8, 16], "texture": "#all"},
				"down": {"uv": [8, 10, 16, 16], "texture": "#all"}
			}
		},
		{
			"from": [-8, 2, 13],
			"to": [0, 2, 21],
			"shade": false,
			"rotation": {"angle": 22.5, "axis": "z", "origin": [-5, 2, 16]},
			"faces": {
				"north": {"uv": [0, 0, 0, 0], "texture": "#all"},
				"east": {"uv": [0, 0, 0, 0], "texture": "#all"},
				"south": {"uv": [0, 0, 0, 0], "texture": "#all"},
				"west": {"uv": [0, 0, 0, 0], "texture": "#all"},
				"up": {"uv": [5, 4, 13, 12], "rotation": 180, "texture": "#all"},
				"down": {"uv": [7, 5, 15, 13], "rotation": 180, "texture": "#all"}
			}
		},
		{
			"from": [-4, 2, 9],
			"to": [4, 2, 17],
			"shade": false,
			"rotation": {"angle": -22.5, "axis": "x", "origin": [-1, 2, 12]},
			"faces": {
				"north": {"uv": [0, 0, 0, 0], "texture": "#all"},
				"east": {"uv": [0, 0, 0, 0], "texture": "#all"},
				"south": {"uv": [0, 0, 0, 0], "texture": "#all"},
				"west": {"uv": [0, 0, 0, 0], "texture": "#all"},
				"up": {"uv": [5, 7, 13, 15], "rotation": 180, "texture": "#all"},
				"down": {"uv": [5, 7, 13, 15], "texture": "#all"}
			}
		},
		{
			"from": [16, 3.3, -5],
			"to": [24, 3.3, 3],
			"shade": false,
			"rotation": {"angle": -22.5, "axis": "z", "origin": [19, 3.3, -2]},
			"faces": {
				"north": {"uv": [0, 0, 0, 0], "texture": "#all"},
				"east": {"uv": [0, 0, 0, 0], "texture": "#all"},
				"south": {"uv": [0, 0, 0, 0], "texture": "#all"},
				"west": {"uv": [0, 0, 0, 0], "texture": "#all"},
				"up": {"uv": [0, 8, 8, 16], "rotation": 90, "texture": "#all"},
				"down": {"uv": [3, 0, 11, 8], "rotation": 90, "texture": "#all"}
			}
		},
		{
			"from": [12, 2.9, -1],
			"to": [20, 2.9, 7],
			"shade": false,
			"rotation": {"angle": 22.5, "axis": "x", "origin": [15, 2.9, 2]},
			"faces": {
				"north": {"uv": [0, 0, 0, 0], "texture": "#all"},
				"east": {"uv": [0, 0, 0, 0], "texture": "#all"},
				"south": {"uv": [0, 0, 0, 0], "texture": "#all"},
				"west": {"uv": [0, 0, 0, 0], "texture": "#all"},
				"up": {"uv": [7, 4, 15, 12], "texture": "#all"},
				"down": {"uv": [8, 8, 16, 16], "texture": "#all"}
			}
		},
		{
			"from": [8, 1.9, -5],
			"to": [16, 1.9, 3],
			"shade": false,
			"rotation": {"angle": 22.5, "axis": "z", "origin": [11, 1.9, -2]},
			"faces": {
				"north": {"uv": [0, 0, 0, 0], "texture": "#all"},
				"east": {"uv": [0, 0, 0, 0], "texture": "#all"},
				"south": {"uv": [0, 0, 0, 0], "texture": "#all"},
				"west": {"uv": [0, 0, 0, 0], "texture": "#all"},
				"up": {"uv": [6, 2, 14, 10], "rotation": 180, "texture": "#all"},
				"down": {"uv": [1, 8, 9, 16], "rotation": 180, "texture": "#all"}
			}
		},
		{
			"from": [16, 3.2, 12],
			"to": [24, 3.2, 20],
			"shade": false,
			"rotation": {"angle": -22.5, "axis": "z", "origin": [19, 3.2, 15]},
			"faces": {
				"north": {"uv": [0, 0, 0, 0], "texture": "#all"},
				"east": {"uv": [0, 0, 0, 0], "texture": "#all"},
				"south": {"uv": [0, 0, 0, 0], "texture": "#all"},
				"west": {"uv": [0, 0, 0, 0], "texture": "#all"},
				"up": {"uv": [5, 1, 13, 9], "rotation": 90, "texture": "#all"},
				"down": {"uv": [3, 0, 11, 8], "rotation": 90, "texture": "#all"}
			}
		},
		{
			"from": [12, 3.1, 16],
			"to": [20, 3.1, 24],
			"shade": false,
			"rotation": {"angle": 22.5, "axis": "x", "origin": [15, 3.1, 19]},
			"faces": {
				"north": {"uv": [0, 0, 0, 0], "texture": "#all"},
				"east": {"uv": [0, 0, 0, 0], "texture": "#all"},
				"south": {"uv": [0, 0, 0, 0], "texture": "#all"},
				"west": {"uv": [0, 0, 0, 0], "texture": "#all"},
				"up": {"uv": [0, 8, 8, 16], "texture": "#all"},
				"down": {"uv": [4, 7, 12, 15], "texture": "#all"}
			}
		},
		{
			"from": [8, 2.2, 12],
			"to": [16, 2.2, 20],
			"shade": false,
			"rotation": {"angle": 22.5, "axis": "z", "origin": [11, 2.2, 15]},
			"faces": {
				"north": {"uv": [0, 0, 0, 0], "texture": "#all"},
				"east": {"uv": [0, 0, 0, 0], "texture": "#all"},
				"south": {"uv": [0, 0, 0, 0], "texture": "#all"},
				"west": {"uv": [0, 0, 0, 0], "texture": "#all"},
				"up": {"uv": [1, 8, 9, 16], "rotation": 180, "texture": "#all"},
				"down": {"uv": [1, 8, 9, 16], "rotation": 180, "texture": "#all"}
			}
		},
		{
			"from": [12, 2.2, 8],
			"to": [20, 2.2, 16],
			"shade": false,
			"rotation": {"angle": -22.5, "axis": "x", "origin": [15, 2.2, 11]},
			"faces": {
				"north": {"uv": [0, 0, 0, 0], "texture": "#all"},
				"east": {"uv": [0, 0, 0, 0], "texture": "#all"},
				"south": {"uv": [0, 0, 0, 0], "texture": "#all"},
				"west": {"uv": [0, 0, 0, 0], "texture": "#all"},
				"up": {"uv": [5, 7, 13, 15], "rotation": 180, "texture": "#all"},
				"down": {"uv": [5, 7, 13, 15], "texture": "#all"}
			}
		},
		{
			"from": [4, 0, -6],
			"to": [12, 0, 2],
			"shade": false,
			"rotation": {"angle": 22.5, "axis": "x", "origin": [7, 0, -3]},
			"faces": {
				"north": {"uv": [0, 0, 0, 0], "texture": "#all"},
				"east": {"uv": [0, 0, 0, 0], "texture": "#all"},
				"south": {"uv": [0, 0, 0, 0], "texture": "#all"},
				"west": {"uv": [0, 0, 0, 0], "texture": "#all"},
				"up": {"uv": [0, 8, 8, 16], "texture": "#all"},
				"down": {"uv": [8, 8, 16, 16], "texture": "#all", "cullface": "down"}
			}
		},
		{
			"from": [22, 1, 4],
			"to": [30, 1, 12],
			"shade": false,
			"rotation": {"angle": -22.5, "axis": "z", "origin": [25, 1, 7]},
			"faces": {
				"north": {"uv": [0, 0, 0, 0], "texture": "#all"},
				"east": {"uv": [0, 0, 0, 0], "texture": "#all"},
				"south": {"uv": [0, 0, 0, 0], "texture": "#all"},
				"west": {"uv": [0, 0, 0, 0], "texture": "#all"},
				"up": {"uv": [5, 4, 13, 12], "rotation": 270, "texture": "#all"},
				"down": {"uv": [5, 7, 13, 15], "rotation": 270, "texture": "#all", "cullface": "down"}
			}
		},
		{
			"from": [18, 1, 8],
			"to": [26, 1, 16],
			"shade": false,
			"rotation": {"angle": 22.5, "axis": "x", "origin": [21, 1, 11]},
			"faces": {
				"north": {"uv": [0, 0, 0, 0], "texture": "#all"},
				"east": {"uv": [0, 0, 0, 0], "texture": "#all"},
				"south": {"uv": [0, 0, 0, 0], "texture": "#all"},
				"west": {"uv": [0, 0, 0, 0], "texture": "#all"},
				"up": {"uv": [8, 8, 16, 16], "texture": "#all"},
				"down": {"uv": [8, 8, 16, 16], "texture": "#all", "cullface": "down"}
			}
		},
		{
			"from": [14, 0, 4],
			"to": [22, 0, 12],
			"shade": false,
			"rotation": {"angle": 22.5, "axis": "z", "origin": [17, 0, 7]},
			"faces": {
				"north": {"uv": [0, 0, 0, 0], "texture": "#all"},
				"east": {"uv": [0, 0, 0, 0], "texture": "#all"},
				"south": {"uv": [0, 0, 0, 0], "texture": "#all"},
				"west": {"uv": [0, 0, 0, 0], "texture": "#all"},
				"up": {"uv": [1, 8, 9, 16], "rotation": 180, "texture": "#all"},
				"down": {"uv": [8, 3, 16, 11], "rotation": 180, "texture": "#all", "cullface": "down"}
			}
		},
		{
			"from": [18, 0, 0],
			"to": [26, 0, 8],
			"shade": false,
			"rotation": {"angle": -22.5, "axis": "x", "origin": [21, 0, 3]},
			"faces": {
				"north": {"uv": [0, 0, 0, 0], "texture": "#all"},
				"east": {"uv": [0, 0, 0, 0], "texture": "#all"},
				"south": {"uv": [0, 0, 0, 0], "texture": "#all"},
				"west": {"uv": [0, 0, 0, 0], "texture": "#all"},
				"up": {"uv": [0, 8, 8, 16], "rotation": 180, "texture": "#all"},
				"down": {"uv": [5, 7, 13, 15], "texture": "#all", "cullface": "down"}
			}
		}
	],
	"display": {
		"thirdperson_righthand": {
			"rotation": [75, 45, 0],
			"translation": [0, 2.5, 0],
			"scale": [0.375, 0.375, 0.375]
		},
		"thirdperson_lefthand": {
			"rotation": [75, 45, 0],
			"translation": [0, 2.5, 0],
			"scale": [0.375, 0.375, 0.375]
		},
		"firstperson_righthand": {
			"rotation": [0, 45, 0],
			"scale": [0.4, 0.4, 0.4]
		},
		"firstperson_lefthand": {
			"rotation": [0, 225, 0],
			"scale": [0.4, 0.4, 0.4]
		},
		"ground": {
			"translation": [0, 3, 0],
			"scale": [0.25, 0.25, 0.25]
		},
		"gui": {
			"rotation": [30, 225, 0],
			"translation": [0, 0.5, 0],
			"scale": [0.5, 0.5, 0.5]
		},
		"fixed": {
			"scale": [0.5, 0.5, 0.5]
		}
	}
}