{
	"credit": "Yuushya",
	"parent": "block/leaves",
	"ambientocclusion": false,
	"textures": {
		"particle": "block/cherry_blossom",
		"all": "block/cherry_blossom"
	},
	"elements": [
		{
			"from": [0, 1, 2],
			"to": [8, 1, 10],
			"shade": false,
			"rotation": {"angle": -22.5, "axis": "z", "origin": [3, 1, 5]},
			"faces": {
				"north": {"uv": [0, 0, 0, 0], "texture": "#all"},
				"east": {"uv": [0, 0, 0, 0], "texture": "#all"},
				"south": {"uv": [0, 0, 0, 0], "texture": "#all"},
				"west": {"uv": [0, 0, 0, 0], "texture": "#all"},
				"up": {"uv": [8, 1, 16, 9], "rotation": 90, "texture": "#all"},
				"down": {"uv": [8, 0, 16, 8], "rotation": 90, "texture": "#all"}
			}
		},
		{
			"from": [8, 2.9, -5],
			"to": [16, 2.9, 3],
			"shade": false,
			"rotation": {"angle": -22.5, "axis": "z", "origin": [11, 2.9, -2]},
			"faces": {
				"north": {"uv": [0, 0, 0, 0], "texture": "#all"},
				"east": {"uv": [0, 0, 0, 0], "texture": "#all"},
				"south": {"uv": [0, 0, 0, 0], "texture": "#all"},
				"west": {"uv": [0, 0, 0, 0], "texture": "#all"},
				"up": {"uv": [0, 8, 8, 16], "rotation": 90, "texture": "#all"},
				"down": {"uv": [3, 0, 11, 8], "rotation": 90, "texture": "#all"}
			}
		},
		{
			"from": [4, 2.9, -1],
			"to": [12, 2.9, 7],
			"shade": false,
			"rotation": {"angle": 22.5, "axis": "x", "origin": [7, 2.9, 2]},
			"faces": {
				"north": {"uv": [0, 0, 0, 0], "texture": "#all"},
				"east": {"uv": [0, 0, 0, 0], "texture": "#all"},
				"south": {"uv": [0, 0, 0, 0], "texture": "#all"},
				"west": {"uv": [0, 0, 0, 0], "texture": "#all"},
				"up": {"uv": [7, 4, 15, 12], "texture": "#all"},
				"down": {"uv": [8, 8, 16, 16], "texture": "#all"}
			}
		},
		{
			"from": [0, 1.9, -5],
			"to": [8, 1.9, 3],
			"shade": false,
			"rotation": {"angle": 22.5, "axis": "z", "origin": [3, 1.9, -2]},
			"faces": {
				"north": {"uv": [0, 0, 0, 0], "texture": "#all"},
				"east": {"uv": [0, 0, 0, 0], "texture": "#all"},
				"south": {"uv": [0, 0, 0, 0], "texture": "#all"},
				"west": {"uv": [0, 0, 0, 0], "texture": "#all"},
				"up": {"uv": [6, 2, 14, 10], "rotation": 180, "texture": "#all"},
				"down": {"uv": [1, 8, 9, 16], "rotation": 180, "texture": "#all"}
			}
		},
		{
			"from": [8, 3.2, 12],
			"to": [16, 3.2, 20],
			"shade": false,
			"rotation": {"angle": -22.5, "axis": "z", "origin": [11, 3.2, 15]},
			"faces": {
				"north": {"uv": [0, 0, 0, 0], "texture": "#all"},
				"east": {"uv": [0, 0, 0, 0], "texture": "#all"},
				"south": {"uv": [0, 0, 0, 0], "texture": "#all"},
				"west": {"uv": [0, 0, 0, 0], "texture": "#all"},
				"up": {"uv": [5, 1, 13, 9], "rotation": 270, "texture": "#all"},
				"down": {"uv": [3, 0, 11, 8], "rotation": 90, "texture": "#all"}
			}
		},
		{
			"from": [-1, 3.2, 16],
			"to": [7, 3.2, 24],
			"shade": false,
			"rotation": {"angle": 22.5, "axis": "x", "origin": [2, 3.2, 19]},
			"faces": {
				"north": {"uv": [0, 0, 0, 0], "texture": "#all"},
				"east": {"uv": [0, 0, 0, 0], "texture": "#all"},
				"south": {"uv": [0, 0, 0, 0], "texture": "#all"},
				"west": {"uv": [0, 0, 0, 0], "texture": "#all"},
				"up": {"uv": [0, 8, 8, 16], "rotation": 180, "texture": "#all"},
				"down": {"uv": [4, 7, 12, 15], "texture": "#all"}
			}
		},
		{
			"from": [0, 2.2, 12],
			"to": [8, 2.2, 20],
			"shade": false,
			"rotation": {"angle": 22.5, "axis": "z", "origin": [3, 2.2, 15]},
			"faces": {
				"north": {"uv": [0, 0, 0, 0], "texture": "#all"},
				"east": {"uv": [0, 0, 0, 0], "texture": "#all"},
				"south": {"uv": [0, 0, 0, 0], "texture": "#all"},
				"west": {"uv": [0, 0, 0, 0], "texture": "#all"},
				"up": {"uv": [1, 8, 9, 16], "rotation": 180, "texture": "#all"},
				"down": {"uv": [1, 8, 9, 16], "rotation": 180, "texture": "#all"}
			}
		},
		{
			"from": [4, 2.2, 8],
			"to": [12, 2.2, 16],
			"shade": false,
			"rotation": {"angle": -22.5, "axis": "x", "origin": [7, 2.2, 11]},
			"faces": {
				"north": {"uv": [0, 0, 0, 0], "texture": "#all"},
				"east": {"uv": [0, 0, 0, 0], "texture": "#all"},
				"south": {"uv": [0, 0, 0, 0], "texture": "#all"},
				"west": {"uv": [0, 0, 0, 0], "texture": "#all"},
				"up": {"uv": [5, 7, 13, 15], "rotation": 180, "texture": "#all"},
				"down": {"uv": [5, 7, 13, 15], "texture": "#all"}
			}
		},
		{
			"from": [14, 1, 4],
			"to": [22, 1, 12],
			"shade": false,
			"rotation": {"angle": -22.5, "axis": "z", "origin": [17, 1, 7]},
			"faces": {
				"north": {"uv": [0, 0, 0, 0], "texture": "#all"},
				"east": {"uv": [0, 0, 0, 0], "texture": "#all"},
				"south": {"uv": [0, 0, 0, 0], "texture": "#all"},
				"west": {"uv": [0, 0, 0, 0], "texture": "#all"},
				"up": {"uv": [5, 4, 13, 12], "rotation": 270, "texture": "#all"},
				"down": {"uv": [5, 7, 13, 15], "rotation": 270, "texture": "#all", "cullface": "down"}
			}
		},
		{
			"from": [10, 1, 8],
			"to": [18, 1, 16],
			"shade": false,
			"rotation": {"angle": 22.5, "axis": "x", "origin": [13, 1, 11]},
			"faces": {
				"north": {"uv": [0, 0, 0, 0], "texture": "#all"},
				"east": {"uv": [0, 0, 0, 0], "texture": "#all"},
				"south": {"uv": [0, 0, 0, 0], "texture": "#all"},
				"west": {"uv": [0, 0, 0, 0], "texture": "#all"},
				"up": {"uv": [8, 8, 16, 16], "texture": "#all"},
				"down": {"uv": [8, 8, 16, 16], "texture": "#all", "cullface": "down"}
			}
		},
		{
			"from": [6, 0, 4],
			"to": [14, 0, 12],
			"shade": false,
			"rotation": {"angle": 22.5, "axis": "z", "origin": [9, 0, 7]},
			"faces": {
				"north": {"uv": [0, 0, 0, 0], "texture": "#all"},
				"east": {"uv": [0, 0, 0, 0], "texture": "#all"},
				"south": {"uv": [0, 0, 0, 0], "texture": "#all"},
				"west": {"uv": [0, 0, 0, 0], "texture": "#all"},
				"up": {"uv": [1, 8, 9, 16], "rotation": 180, "texture": "#all"},
				"down": {"uv": [8, 3, 16, 11], "rotation": 180, "texture": "#all", "cullface": "down"}
			}
		}
	],
	"display": {
		"thirdperson_righthand": {
			"rotation": [75, 45, 0],
			"translation": [0, 2.5, 0],
			"scale": [0.375, 0.375, 0.375]
		},
		"thirdperson_lefthand": {
			"rotation": [75, 45, 0],
			"translation": [0, 2.5, 0],
			"scale": [0.375, 0.375, 0.375]
		},
		"firstperson_righthand": {
			"rotation": [0, 45, 0],
			"scale": [0.4, 0.4, 0.4]
		},
		"firstperson_lefthand": {
			"rotation": [0, 225, 0],
			"scale": [0.4, 0.4, 0.4]
		},
		"ground": {
			"translation": [0, 3, 0],
			"scale": [0.25, 0.25, 0.25]
		},
		"gui": {
			"rotation": [30, 225, 0],
			"translation": [0, 0.5, 0],
			"scale": [0.5, 0.5, 0.5]
		},
		"fixed": {
			"scale": [0.5, 0.5, 0.5]
		}
	}
}