{
	"credit": "Yuushya",
	"parent": "block/leaves",
	"ambientocclusion": false,
	"textures": {
		"particle": "block/maple",
		"all": "block/maple"
	},
	"elements": [
		{
			"from": [8, 2.2, 4],
			"to": [16, 2.2, 12],
			"shade": false,
			"rotation": {"angle": -22.5, "axis": "z", "origin": [11, 2.2, 7]},
			"faces": {
				"north": {"uv": [0, 0, 0, 0], "texture": "#all"},
				"east": {"uv": [0, 0, 0, 0], "texture": "#all"},
				"south": {"uv": [0, 0, 0, 0], "texture": "#all"},
				"west": {"uv": [0, 0, 0, 0], "texture": "#all"},
				"up": {"uv": [5, 1, 13, 9], "rotation": 90, "texture": "#all"},
				"down": {"uv": [3, 0, 11, 8], "rotation": 90, "texture": "#all"}
			}
		},
		{
			"from": [4, 2.2, 8],
			"to": [12, 2.2, 16],
			"shade": false,
			"rotation": {"angle": 22.5, "axis": "x", "origin": [7, 2.2, 11]},
			"faces": {
				"north": {"uv": [0, 0, 0, 0], "texture": "#all"},
				"east": {"uv": [0, 0, 0, 0], "texture": "#all"},
				"south": {"uv": [0, 0, 0, 0], "texture": "#all"},
				"west": {"uv": [0, 0, 0, 0], "texture": "#all"},
				"up": {"uv": [0, 8, 8, 16], "texture": "#all"},
				"down": {"uv": [4, 7, 12, 15], "texture": "#all"}
			}
		},
		{
			"from": [0, 1.2, 4],
			"to": [8, 1.2, 12],
			"shade": false,
			"rotation": {"angle": 22.5, "axis": "z", "origin": [3, 1.2, 7]},
			"faces": {
				"north": {"uv": [0, 0, 0, 0], "texture": "#all"},
				"east": {"uv": [0, 0, 0, 0], "texture": "#all"},
				"south": {"uv": [0, 0, 0, 0], "texture": "#all"},
				"west": {"uv": [0, 0, 0, 0], "texture": "#all"},
				"up": {"uv": [1, 8, 9, 16], "rotation": 180, "texture": "#all"},
				"down": {"uv": [1, 8, 9, 16], "rotation": 180, "texture": "#all"}
			}
		},
		{
			"from": [4, 1.2, 0],
			"to": [12, 1.2, 8],
			"shade": false,
			"rotation": {"angle": -22.5, "axis": "x", "origin": [7, 1.2, 3]},
			"faces": {
				"north": {"uv": [0, 0, 0, 0], "texture": "#all"},
				"east": {"uv": [0, 0, 0, 0], "texture": "#all"},
				"south": {"uv": [0, 0, 0, 0], "texture": "#all"},
				"west": {"uv": [0, 0, 0, 0], "texture": "#all"},
				"up": {"uv": [5, 7, 13, 15], "rotation": 180, "texture": "#all"},
				"down": {"uv": [5, 7, 13, 15], "texture": "#all"}
			}
		}
	],
	"display": {
		"thirdperson_righthand": {
			"rotation": [75, 45, 0],
			"translation": [0, 2.5, 0],
			"scale": [0.375, 0.375, 0.375]
		},
		"thirdperson_lefthand": {
			"rotation": [75, 45, 0],
			"translation": [0, 2.5, 0],
			"scale": [0.375, 0.375, 0.375]
		},
		"firstperson_righthand": {
			"rotation": [0, 45, 0],
			"scale": [0.4, 0.4, 0.4]
		},
		"firstperson_lefthand": {
			"rotation": [0, 225, 0],
			"scale": [0.4, 0.4, 0.4]
		},
		"ground": {
			"translation": [0, 3, 0],
			"scale": [0.25, 0.25, 0.25]
		},
		"gui": {
			"rotation": [30, 225, 0],
			"translation": [0, 0.5, 0],
			"scale": [0.5, 0.5, 0.5]
		},
		"fixed": {
			"scale": [0.5, 0.5, 0.5]
		}
	}
}