{
	"credit": "Yuushya",
	"ambientocclusion": false,
	"textures": {
		"0": "block/grass/fern1",
		"2": "block/grass/fern3",
		"particle": "block/grass/fern2",
		"1_0": "block/grass/fern2"
	},
	"elements": [
		{
			"from": [0, 4, 1],
			"to": [16, 4, 17],
			
			"faces": {
				"north": {"uv": [0, 0, 16, 0], "texture": "#0", "tintindex": 0},
				"east": {"uv": [0, 0, 16, 0], "texture": "#0", "tintindex": 0},
				"south": {"uv": [0, 0, 16, 0], "texture": "#0", "tintindex": 0},
				"west": {"uv": [0, 0, 16, 0], "texture": "#0", "tintindex": 0},
				"up": {"uv": [0, 0, 16, 16], "texture": "#0", "tintindex": 0},
				"down": {"uv": [0, 0, 16, 16], "texture": "#0", "tintindex": 0}
			}
		},
		{
			"from": [10, 3.5, 10],
			"to": [13, 3.5, 13],
			
			"faces": {
				"north": {"uv": [0, 0, 3, 0], "texture": "#0", "tintindex": 0},
				"east": {"uv": [0, 0, 3, 0], "texture": "#0", "tintindex": 0},
				"south": {"uv": [0, 0, 3, 0], "texture": "#0", "tintindex": 0},
				"west": {"uv": [0, 0, 3, 0], "texture": "#0", "tintindex": 0},
				"up": {"uv": [4, 1, 7, 4], "texture": "#0", "tintindex": 0},
				"down": {"uv": [4, 1, 7, 4], "texture": "#0", "tintindex": 0}
			}
		},
		{
			"from": [1, 3, 8],
			"to": [4, 3, 11],
			
			"faces": {
				"north": {"uv": [0, 0, 3, 0], "texture": "#missing", "tintindex": 0},
				"east": {"uv": [0, 0, 3, 0], "texture": "#missing", "tintindex": 0},
				"south": {"uv": [0, 0, 3, 0], "texture": "#missing", "tintindex": 0},
				"west": {"uv": [0, 0, 3, 0], "texture": "#missing", "tintindex": 0},
				"up": {"uv": [4, 1, 7, 4], "rotation": 180, "texture": "#1_0", "tintindex": 0},
				"down": {"uv": [4, 1, 7, 4], "rotation": 180, "texture": "#1_0", "tintindex": 0}
			}
		},
		{
			"from": [0, 3.5, 7],
			"to": [5, 3.5, 12],
			
			"faces": {
				"north": {"uv": [0, 0, 16, 0], "texture": "#1_0", "tintindex": 0},
				"east": {"uv": [0, 0, 16, 0], "texture": "#1_0", "tintindex": 0},
				"south": {"uv": [0, 0, 16, 0], "texture": "#1_0", "tintindex": 0},
				"west": {"uv": [0, 0, 16, 0], "texture": "#1_0", "tintindex": 0},
				"up": {"uv": [9, 8, 14, 13], "texture": "#2", "tintindex": 0},
				"down": {"uv": [9, 8, 14, 13], "texture": "#1_0", "tintindex": 0}
			}
		},
		{
			"from": [9, 4, 2],
			"to": [12, 4, 5],
			"rotation": {"angle": 45, "axis": "y", "origin": [11.5, 4.25, 2.5]},
			"faces": {
				"north": {"uv": [0, 0, 3, 0], "texture": "#missing", "tintindex": 0},
				"east": {"uv": [0, 0, 3, 0], "texture": "#missing", "tintindex": 0},
				"south": {"uv": [0, 0, 3, 0], "texture": "#missing", "tintindex": 0},
				"west": {"uv": [0, 0, 3, 0], "texture": "#missing", "tintindex": 0},
				"up": {"uv": [4, 1, 7, 4], "rotation": 180, "texture": "#1_0", "tintindex": 0},
				"down": {"uv": [4, 1, 7, 4], "rotation": 180, "texture": "#1_0", "tintindex": 0}
			}
		},
		{
			"from": [8, 4.5, 1],
			"to": [13, 4.5, 6],
			"rotation": {"angle": 45, "axis": "y", "origin": [11.5, 4.25, 2.5]},
			"faces": {
				"north": {"uv": [0, 0, 16, 0], "texture": "#1_0", "tintindex": 0},
				"east": {"uv": [0, 0, 16, 0], "texture": "#1_0", "tintindex": 0},
				"south": {"uv": [0, 0, 16, 0], "texture": "#1_0", "tintindex": 0},
				"west": {"uv": [0, 0, 16, 0], "texture": "#1_0", "tintindex": 0},
				"up": {"uv": [9, 8, 14, 13], "texture": "#1_0", "tintindex": 0},
				"down": {"uv": [9, 8, 14, 13], "texture": "#1_0", "tintindex": 0}
			}
		}
	],
	"display": {
		"thirdperson_righthand": {
			"rotation": [75, 45, 0],
			"translation": [0, 2.5, 0],
			"scale": [0.375, 0.375, 0.375]
		},
		"thirdperson_lefthand": {
			"rotation": [75, 45, 0],
			"translation": [0, 2.5, 0],
			"scale": [0.375, 0.375, 0.375]
		},
		"firstperson_righthand": {
			"rotation": [0, 45, 0],
			"scale": [0.4, 0.4, 0.4]
		},
		"firstperson_lefthand": {
			"rotation": [0, 225, 0],
			"scale": [0.4, 0.4, 0.4]
		},
		"ground": {
			"translation": [0, 3, 0],
			"scale": [0.25, 0.25, 0.25]
		},
		"gui": {
			"rotation": [30, 225, 0],
			"scale": [0.625, 0.625, 0.625]
		},
		"fixed": {
			"scale": [0.5, 0.5, 0.5]
		}
	}
}