{
	"credit": "Yuushya",
	"ambientocclusion": false,
	"textures": {
		"0": "block/grass/fern2",
		"1": "block/grass/fern3",
		"2": "block/grass/fern4",
		"particle": "block/grass/fern2"
	},
	"elements": [
		{
			"from": [1, 3.7, -1],
			"to": [17, 3.7, 15],
			
			"faces": {
				"north": {"uv": [0, 0, 16, 0], "texture": "#0", "tintindex": 0},
				"east": {"uv": [0, 0, 16, 0], "texture": "#0", "tintindex": 0},
				"south": {"uv": [0, 0, 16, 0], "texture": "#0", "tintindex": 0},
				"west": {"uv": [0, 0, 16, 0], "texture": "#0", "tintindex": 0},
				"up": {"uv": [0, 0, 16, 16], "rotation": 270, "texture": "#1", "tintindex": 0},
				"down": {"uv": [0, 0, 16, 16], "rotation": 90, "texture": "#0", "tintindex": 0}
			}
		},
		{
			"from": [1, 4.2, 7],
			"to": [6, 4.2, 12],
			
			"faces": {
				"north": {"uv": [0, 0, 16, 0], "texture": "#0", "tintindex": 0},
				"east": {"uv": [0, 0, 16, 0], "texture": "#0", "tintindex": 0},
				"south": {"uv": [0, 0, 16, 0], "texture": "#0", "tintindex": 0},
				"west": {"uv": [0, 0, 16, 0], "texture": "#0", "tintindex": 0},
				"up": {"uv": [9, 8, 14, 13], "texture": "#0", "tintindex": 0},
				"down": {"uv": [9, 8, 14, 13], "texture": "#0", "tintindex": 0}
			}
		},
		{
			"from": [8, 5.2, 10],
			"to": [13, 5.2, 15],
			"rotation": {"angle": -45, "axis": "y", "origin": [10.5, 4.95, 12.5]},
			"faces": {
				"north": {"uv": [0, 0, 16, 0], "texture": "#0", "tintindex": 0},
				"east": {"uv": [0, 0, 16, 0], "texture": "#0", "tintindex": 0},
				"south": {"uv": [0, 0, 16, 0], "texture": "#0", "tintindex": 0},
				"west": {"uv": [0, 0, 16, 0], "texture": "#0", "tintindex": 0},
				"up": {"uv": [9, 8, 14, 13], "texture": "#2", "tintindex": 0},
				"down": {"uv": [9, 8, 14, 13], "texture": "#0", "tintindex": 0}
			}
		},
		{
			"from": [1, 3.8, 13],
			"to": [2, 3.8, 14],
			
			"faces": {
				"north": {"uv": [0, 0, 1, 0], "texture": "#0", "tintindex": 0},
				"east": {"uv": [0, 0, 1, 0], "texture": "#0", "tintindex": 0},
				"south": {"uv": [0, 0, 1, 0], "texture": "#0", "tintindex": 0},
				"west": {"uv": [0, 0, 1, 0], "texture": "#0", "tintindex": 0},
				"up": {"uv": [5, 2, 6, 3], "texture": "#0", "tintindex": 0},
				"down": {"uv": [5, 2, 6, 3], "texture": "#0", "tintindex": 0}
			}
		},
		{
			"from": [4, 3.7, 0],
			"to": [6, 3.7, 2],
			
			"faces": {
				"north": {"uv": [0, 0, 2, 0], "texture": "#0", "tintindex": 0},
				"east": {"uv": [0, 0, 2, 0], "texture": "#0", "tintindex": 0},
				"south": {"uv": [0, 0, 2, 0], "texture": "#0", "tintindex": 0},
				"west": {"uv": [0, 0, 2, 0], "texture": "#0", "tintindex": 0},
				"up": {"uv": [5, 12, 7, 14], "texture": "#0", "tintindex": 0},
				"down": {"uv": [5, 12, 7, 14], "texture": "#0", "tintindex": 0}
			}
		},
		{
			"from": [10, 3.2, 2],
			"to": [13, 3.2, 5],
			
			"faces": {
				"north": {"uv": [0, 0, 3, 0], "texture": "#0", "tintindex": 0},
				"east": {"uv": [0, 0, 3, 0], "texture": "#0", "tintindex": 0},
				"south": {"uv": [0, 0, 3, 0], "texture": "#0", "tintindex": 0},
				"west": {"uv": [0, 0, 3, 0], "texture": "#0", "tintindex": 0},
				"up": {"uv": [4, 1, 7, 4], "rotation": 90, "texture": "#0", "tintindex": 0},
				"down": {"uv": [4, 1, 7, 4], "texture": "#0", "tintindex": 0}
			}
		},
		{
			"from": [9, 4.7, 11],
			"to": [12, 4.7, 14],
			"rotation": {"angle": -45, "axis": "y", "origin": [10.5, 4.95, 12.5]},
			"faces": {
				"north": {"uv": [0, 0, 3, 0], "texture": "#missing", "tintindex": 0},
				"east": {"uv": [0, 0, 3, 0], "texture": "#missing", "tintindex": 0},
				"south": {"uv": [0, 0, 3, 0], "texture": "#missing", "tintindex": 0},
				"west": {"uv": [0, 0, 3, 0], "texture": "#missing", "tintindex": 0},
				"up": {"uv": [4, 1, 7, 4], "rotation": 180, "texture": "#0", "tintindex": 0},
				"down": {"uv": [4, 1, 7, 4], "rotation": 180, "texture": "#0", "tintindex": 0}
			}
		}
	],
	"gui_light": "front",
	"display": {
		"thirdperson_righthand": {
			"rotation": [75, 45, 0],
			"translation": [0, 2.5, 0],
			"scale": [0.375, 0.375, 0.375]
		},
		"thirdperson_lefthand": {
			"rotation": [75, 45, 0],
			"translation": [0, 2.5, 0],
			"scale": [0.375, 0.375, 0.375]
		},
		"firstperson_righthand": {
			"rotation": [0, 45, 0],
			"scale": [0.4, 0.4, 0.4]
		},
		"firstperson_lefthand": {
			"rotation": [0, 225, 0],
			"scale": [0.4, 0.4, 0.4]
		},
		"ground": {
			"translation": [0, 3, 0],
			"scale": [0.25, 0.25, 0.25]
		},
		"gui": {
			"rotation": [90, 225, 0],
			"scale": [0.8, 0.8, 0.8]
		},
		"fixed": {
			"scale": [0.5, 0.5, 0.5]
		}
	}
}