{
	"credit": "Yuushya",
	"textures": {
		"0": "block/fletching_table_front",
		"1": "block/fletching_table_side",
		"2": "block/fletching_table_top",
		"3": "block/oak_log",
		"4": "block/oak_log1",
		"5": "block/white_wool",
		"6": "block/oak_planks2",
		"7": "item/arrow1",
		"8": "block/dark_oak_planks1",
		"particle": "block/fletching_table_front"
	},
	"elements": [
		{
			"from": [0, 0, 0],
			"to": [16, 16, 16],
			"faces": {
				"north": {"uv": [0, 0, 16, 16], "texture": "#0", "cullface": "north"},
				"east": {"uv": [0, 0, 16, 16], "texture": "#1", "cullface": "east"},
				"south": {"uv": [0, 0, 16, 16], "texture": "#0", "cullface": "south"},
				"west": {"uv": [0, 0, 16, 16], "texture": "#1", "cullface": "west"},
				"up": {"uv": [0, 0, 16, 16], "texture": "#2", "cullface": "up"},
				"down": {"uv": [0, 0, 16, 16], "texture": "#2", "cullface": "down"}
			}
		},
		{
			"from": [4.3, 18.4, 2.6],
			"to": [6.3, 19.4, 3.6],
			"rotation": {"angle": 45, "axis": "y", "origin": [5.23945, 18.74032, 4.92528]},
			"faces": {
				"north": {"uv": [1, 0, 2, 2], "rotation": 90, "texture": "#3", "cullface": "up"},
				"east": {"uv": [1, 1, 2, 2], "rotation": 90, "texture": "#3", "cullface": "up"},
				"south": {"uv": [1, 0, 2, 2], "rotation": 90, "texture": "#3", "cullface": "up"},
				"west": {"uv": [1, 1, 2, 2], "rotation": 90, "texture": "#3", "cullface": "up"},
				"up": {"uv": [1, 0, 2, 2], "rotation": 90, "texture": "#3", "cullface": "up"},
				"down": {"uv": [1, 0, 2, 2], "rotation": 90, "texture": "#3", "cullface": "up"}
			}
		},
		{
			"from": [4.3, 18.3, -2.4],
			"to": [6.3, 20.4, 2.6],
			"rotation": {"angle": 45, "axis": "y", "origin": [5.23945, 18.74032, 4.92528]},
			"faces": {
				"north": {"uv": [0, 0, 2, 2.1], "texture": "#3", "cullface": "up"},
				"east": {"uv": [0, 0, 5, 2.1], "texture": "#3", "cullface": "up"},
				"south": {"uv": [0, 0, 2, 2.1], "texture": "#3", "cullface": "up"},
				"west": {"uv": [0, 0, 5, 2.1], "texture": "#3", "cullface": "up"},
				"up": {"uv": [0, 0, 5, 2], "rotation": 90, "texture": "#3", "cullface": "up"},
				"down": {"uv": [0, 0, 2, 5], "texture": "#3", "cullface": "up"}
			}
		},
		{
			"from": [4.3, 18.4, 9.6],
			"to": [6.3, 20.4, 21.6],
			"rotation": {"angle": 45, "axis": "y", "origin": [5.23945, 18.74032, 4.92528]},
			"faces": {
				"north": {"uv": [0, 0, 2, 2], "texture": "#3", "cullface": "up"},
				"east": {"uv": [0, 0, 12, 2], "texture": "#4", "cullface": "up"},
				"south": {"uv": [0, 0, 2, 2], "texture": "#3", "cullface": "up"},
				"west": {"uv": [0, 0, 12, 2], "texture": "#4", "cullface": "up"},
				"up": {"uv": [0, 0, 2, 12], "texture": "#3", "cullface": "up"},
				"down": {"uv": [0, 0, 2, 12], "texture": "#3", "cullface": "up"}
			}
		},
		{
			"from": [4.3, 18.4, 3.6],
			"to": [6.3, 19.4, 9.6],
			"rotation": {"angle": 45, "axis": "y", "origin": [5.23945, 18.74032, 4.92528]},
			"faces": {
				"north": {"uv": [0, 0, 2, 1], "texture": "#6", "cullface": "up"},
				"east": {"uv": [0, 0, 6, 1], "texture": "#6", "cullface": "up"},
				"south": {"uv": [0, 0, 2, 1], "texture": "#6", "cullface": "up"},
				"west": {"uv": [0, 0, 6, 1], "texture": "#6", "cullface": "up"},
				"up": {"uv": [1, 0, 7, 2], "rotation": 90, "texture": "#6", "cullface": "up"},
				"down": {"uv": [0, 0, 2, 6], "texture": "#6", "cullface": "up"}
			}
		},
		{
			"from": [2.3, 18.4, 1.6],
			"to": [3.3, 19.41, 19.6],
			"rotation": {"angle": 45, "axis": "y", "origin": [5.23945, 18.74032, 4.92528]},
			"faces": {
				"north": {"uv": [0, 0, 1, 1.01], "texture": "#4", "cullface": "up"},
				"east": {"uv": [0, 0, 16, 1.01], "texture": "#4", "cullface": "up"},
				"south": {"uv": [0, 0, 1, 1.01], "texture": "#4", "cullface": "up"},
				"west": {"uv": [0, 0, 16, 1.01], "texture": "#4", "cullface": "up"},
				"up": {"uv": [0, 0, 1, 16], "texture": "#3", "cullface": "up"},
				"down": {"uv": [0, 0, 1, 16], "texture": "#4", "cullface": "up"}
			}
		},
		{
			"from": [7.3, 18.4, 1.6],
			"to": [8.3, 19.41, 19.6],
			"rotation": {"angle": 45, "axis": "y", "origin": [5.23945, 18.74032, 4.92528]},
			"faces": {
				"north": {"uv": [0, 0, 1, 1.01], "texture": "#4", "cullface": "up"},
				"east": {"uv": [0, 0, 16, 1.01], "texture": "#4", "cullface": "up"},
				"south": {"uv": [0, 0, 1, 1.01], "texture": "#4", "cullface": "up"},
				"west": {"uv": [0, 0, 16, 1.01], "texture": "#4", "cullface": "up"},
				"up": {"uv": [0, 0, 1, 16], "texture": "#3", "cullface": "up"},
				"down": {"uv": [0, 0, 1, 16], "texture": "#4", "cullface": "up"}
			}
		},
		{
			"from": [2.8, 17.4, -1.4],
			"to": [7.8, 18.4, 22.6],
			"rotation": {"angle": 45, "axis": "y", "origin": [5.23945, 18.74032, 4.92528]},
			"faces": {
				"north": {"uv": [0, 0, 5, 1], "texture": "#3", "cullface": "up"},
				"east": {"uv": [0, 0, 16, 1], "texture": "#4", "cullface": "up"},
				"south": {"uv": [0, 0, 5, 1], "texture": "#3", "cullface": "up"},
				"west": {"uv": [0, 0, 16, 1], "texture": "#4", "cullface": "up"},
				"up": {"uv": [0, 0, 5, 16], "texture": "#3", "cullface": "up"},
				"down": {"uv": [0, 0, 5, 16], "texture": "#3", "cullface": "up"}
			}
		},
		{
			"from": [2.9, 14, 5.6],
			"to": [7.7, 18, 17.6],
			"rotation": {"angle": 45, "axis": "y", "origin": [5.23945, 18.74032, 4.92528]},
			"faces": {
				"north": {"uv": [0, 0, 4.8, 4], "texture": "#4", "cullface": "up"},
				"east": {"uv": [0, 0, 15, 4], "texture": "#4", "cullface": "up"},
				"south": {"uv": [0, 0, 4.8, 4], "texture": "#4", "cullface": "up"},
				"west": {"uv": [0, 0, 15, 4], "texture": "#4", "cullface": "up"},
				"up": {"uv": [0, 0, 4.8, 15], "texture": "#4", "cullface": "up"},
				"down": {"uv": [0, 0, 4.8, 15], "texture": "#4", "cullface": "up"}
			}
		},
		{
			"from": [2.9, 16, 3.6],
			"to": [7.7, 18, 5.6],
			"rotation": {"angle": 45, "axis": "y", "origin": [5.23945, 18.74032, 4.92528]},
			"faces": {
				"north": {"uv": [0, 0, 4.8, 2], "texture": "#4", "cullface": "up"},
				"east": {"uv": [0, 0, 2, 2], "texture": "#4", "cullface": "up"},
				"south": {"uv": [0, 0, 4.8, 2], "texture": "#4", "cullface": "up"},
				"west": {"uv": [0, 0, 2, 2], "texture": "#4", "cullface": "up"},
				"up": {"uv": [0, 0, 4.8, 2], "texture": "#4", "cullface": "up"},
				"down": {"uv": [0, 0, 4.8, 2], "texture": "#4", "cullface": "up"}
			}
		},
		{
			"from": [2.3, 18.4, -2.9],
			"to": [8.3, 19.9, 1.6],
			"rotation": {"angle": 45, "axis": "y", "origin": [5.23945, 18.74032, 4.92528]},
			"faces": {
				"north": {"uv": [0, 0, 6, 1], "texture": "#3", "cullface": "up"},
				"east": {"uv": [0, 0, 4.5, 1.5], "texture": "#3", "cullface": "up"},
				"south": {"uv": [0, 0, 6, 1.5], "texture": "#3", "cullface": "up"},
				"west": {"uv": [0, 0, 4.5, 1.5], "texture": "#3", "cullface": "up"},
				"up": {"uv": [10, 2, 16, 6], "texture": "#3", "cullface": "up"},
				"down": {"uv": [10, 2, 16, 6], "texture": "#3", "cullface": "up"}
			}
		},
		{
			"from": [3.3, 19.4, -1.9],
			"to": [4.3, 21.4, -0.9],
			"rotation": {"angle": 45, "axis": "y", "origin": [5.23945, 18.74032, 4.92528]},
			"faces": {
				"north": {"uv": [0, 0, 1, 2], "texture": "#4", "cullface": "up"},
				"east": {"uv": [0, 0, 1, 2], "texture": "#4", "cullface": "up"},
				"south": {"uv": [0, 0, 1, 2], "texture": "#4", "cullface": "up"},
				"west": {"uv": [0, 0, 1, 2], "texture": "#4", "cullface": "up"},
				"up": {"uv": [0, 0, 1, 1], "texture": "#4", "cullface": "up"},
				"down": {"uv": [0, 0, 1, 1], "texture": "#4", "cullface": "up"}
			}
		},
		{
			"from": [6.3, 19.4, -1.9],
			"to": [7.3, 21.4, -0.9],
			"rotation": {"angle": 45, "axis": "y", "origin": [5.23945, 18.74032, 4.92528]},
			"faces": {
				"north": {"uv": [0, 0, 1, 2], "texture": "#4", "cullface": "up"},
				"east": {"uv": [0, 0, 1, 2], "texture": "#4", "cullface": "up"},
				"south": {"uv": [0, 0, 1, 2], "texture": "#4", "cullface": "up"},
				"west": {"uv": [0, 0, 1, 2], "texture": "#4", "cullface": "up"},
				"up": {"uv": [0, 0, 1, 1], "texture": "#4", "cullface": "up"},
				"down": {"uv": [0, 0, 1, 1], "texture": "#4", "cullface": "up"}
			}
		},
		{
			"from": [-1.88623, 18.4, 5.10057],
			"to": [-0.38623, 19.4, 11.10057],
			"rotation": {"angle": -22.5, "axis": "y", "origin": [5.23945, 18.74032, 4.92528]},
			"faces": {
				"north": {"uv": [0, 0, 1.5, 1], "texture": "#6", "cullface": "up"},
				"east": {"uv": [0, 0, 6, 1], "texture": "#6", "cullface": "up"},
				"south": {"uv": [0, 0, 1.5, 1], "texture": "#6", "cullface": "up"},
				"west": {"uv": [0, 0, 6, 1], "texture": "#6", "cullface": "up"},
				"up": {"uv": [0, 0, 6, 2], "rotation": 270, "texture": "#6", "cullface": "up"},
				"down": {"uv": [0, 0, 6, 2], "rotation": 90, "texture": "#6", "cullface": "up"}
			}
		},
		{
			"from": [4.965, 18.39, -2.1565],
			"to": [10.965, 19.39, -0.6565],
			"rotation": {"angle": 22.5, "axis": "y", "origin": [5.23945, 18.74032, 4.92528]},
			"faces": {
				"north": {"uv": [0, 0, 6, 1], "texture": "#6", "cullface": "up"},
				"east": {"uv": [0, 0, 1.5, 1], "texture": "#6", "cullface": "up"},
				"south": {"uv": [0, 0, 6, 1], "texture": "#6", "cullface": "up"},
				"west": {"uv": [0, 0, 1.5, 1], "texture": "#6", "cullface": "up"},
				"up": {"uv": [0, 0, 6, 2], "texture": "#6", "cullface": "up"},
				"down": {"uv": [0, 0, 6, 2], "texture": "#6", "cullface": "up"}
			}
		},
		{
			"from": [7.79828, 18.4, -3.79946],
			"to": [13.79828, 19.4, -2.29946],
			
			"faces": {
				"north": {"uv": [0, 0, 6, 1], "texture": "#6", "cullface": "up"},
				"east": {"uv": [0, 0, 1.5, 1], "texture": "#6", "cullface": "up"},
				"south": {"uv": [0, 0, 6, 1], "texture": "#6", "cullface": "up"},
				"west": {"uv": [0, 0, 1.5, 1], "texture": "#6", "cullface": "up"},
				"up": {"uv": [0, 0, 6, 2], "texture": "#6", "cullface": "up"},
				"down": {"uv": [0, 0, 6, 2], "texture": "#6", "cullface": "up"}
			}
		},
		{
			"from": [-3.70739, 18.39, 7.88094],
			"to": [-2.20739, 19.39, 13.88094],
			
			"faces": {
				"north": {"uv": [0, 0, 1.5, 1], "texture": "#6", "cullface": "up"},
				"east": {"uv": [0, 0, 6, 1], "texture": "#6", "cullface": "up"},
				"south": {"uv": [0, 0, 1.5, 1], "texture": "#6", "cullface": "up"},
				"west": {"uv": [0, 0, 6, 1], "texture": "#6", "cullface": "up"},
				"up": {"uv": [0, 0, 6, 2], "rotation": 270, "texture": "#6", "cullface": "up"},
				"down": {"uv": [0, 0, 6, 2], "rotation": 90, "texture": "#6", "cullface": "up"}
			}
		},
		{
			"from": [-5.44641, 19, 9.27547],
			"to": [6.55359, 19.3, 9.57547],
			"rotation": {"angle": 22.5, "axis": "y", "origin": [5.23945, 18.74032, 4.92528]},
			"faces": {
				"north": {"uv": [0, 0, 8, 0.3], "texture": "#5", "cullface": "up"},
				"east": {"uv": [0, 0, 8, 0.3], "texture": "#5", "cullface": "up"},
				"south": {"uv": [0, 0, 8, 0.3], "texture": "#5", "cullface": "up"},
				"west": {"uv": [0, 0, 8, 0.3], "texture": "#5", "cullface": "up"},
				"up": {"uv": [0, 0, 8, 0.3], "texture": "#5", "cullface": "up"},
				"down": {"uv": [0, 0, 8, 0.3], "texture": "#5", "cullface": "up"}
			}
		},
		{
			"from": [9.53598, 19, -5.87245],
			"to": [9.83598, 19.3, 6.12755],
			"rotation": {"angle": -22.5, "axis": "y", "origin": [5.23945, 18.74032, 4.92528]},
			"faces": {
				"north": {"uv": [0, 0, 8, 0.3], "texture": "#5", "cullface": "up"},
				"east": {"uv": [0, 0, 8, 0.3], "texture": "#5", "cullface": "up"},
				"south": {"uv": [0, 0, 8, 0.3], "texture": "#5", "cullface": "up"},
				"west": {"uv": [0, 0, 8, 0.3], "texture": "#5", "cullface": "up"},
				"up": {"uv": [0, 0, 8, 0.3], "rotation": 90, "texture": "#5", "cullface": "up"},
				"down": {"uv": [0, 0, 8, 0.3], "rotation": 270, "texture": "#5", "cullface": "up"}
			}
		},
		{
			"name": "arrow1_0",
			"from": [-0.6, 1.9, 3.5],
			"to": [-0.1, 16.9, 4.5],
			
			"faces": {
				"north": {"uv": [8, 0, 9, 15], "texture": "#7", "cullface": "west"},
				"east": {"uv": [8, 15, 9, 0], "rotation": 180, "texture": "#7", "cullface": "west"},
				"south": {"uv": [8, 0, 9, 15], "texture": "#7", "cullface": "west"},
				"west": {"uv": [8, 0, 9, 15], "texture": "#7", "cullface": "west"},
				"up": {"uv": [9, 0, 8, 1], "rotation": 270, "texture": "#7", "cullface": "west"},
				"down": {"uv": [8, 14, 9, 15], "rotation": 270, "texture": "#7", "cullface": "west"}
			}
		},
		{
			"name": "arrow1_1",
			"from": [-0.6, 12.9, 2.5],
			"to": [-0.1, 15.9, 3.5],
			
			"faces": {
				"north": {"uv": [7, 1, 8, 4], "texture": "#7", "cullface": "west"},
				"east": {"uv": [7, 4, 8, 1], "rotation": 180, "texture": "#7", "cullface": "west"},
				"south": {"uv": [7, 1, 8, 4], "texture": "#7", "cullface": "west"},
				"west": {"uv": [7, 1, 8, 4], "texture": "#7", "cullface": "west"},
				"up": {"uv": [8, 1, 7, 2], "rotation": 270, "texture": "#7", "cullface": "west"},
				"down": {"uv": [7, 3, 8, 4], "rotation": 270, "texture": "#7", "cullface": "west"}
			}
		},
		{
			"name": "arrow1_2",
			"from": [-0.6, 12.9, 4.5],
			"to": [-0.1, 15.9, 5.5],
			
			"faces": {
				"north": {"uv": [9, 1, 10, 4], "texture": "#7", "cullface": "west"},
				"east": {"uv": [9, 4, 10, 1], "rotation": 180, "texture": "#7", "cullface": "west"},
				"south": {"uv": [9, 1, 10, 4], "texture": "#7", "cullface": "west"},
				"west": {"uv": [9, 1, 10, 4], "texture": "#7", "cullface": "west"},
				"up": {"uv": [10, 1, 9, 2], "rotation": 270, "texture": "#7", "cullface": "west"},
				"down": {"uv": [9, 3, 10, 4], "rotation": 270, "texture": "#7", "cullface": "west"}
			}
		},
		{
			"name": "arrow1_3",
			"from": [-0.6, 0.9, 2.5],
			"to": [-0.1, 3.9, 3.5],
			
			"faces": {
				"north": {"uv": [7, 13, 8, 16], "texture": "#7", "cullface": "west"},
				"east": {"uv": [7, 16, 8, 13], "rotation": 180, "texture": "#7", "cullface": "west"},
				"south": {"uv": [7, 13, 8, 16], "texture": "#7", "cullface": "west"},
				"west": {"uv": [7, 13, 8, 16], "texture": "#7", "cullface": "west"},
				"up": {"uv": [8, 13, 7, 14], "rotation": 270, "texture": "#7", "cullface": "west"},
				"down": {"uv": [7, 15, 8, 16], "rotation": 270, "texture": "#7", "cullface": "west"}
			}
		},
		{
			"name": "arrow1_4",
			"from": [-0.6, 0.9, 4.5],
			"to": [-0.1, 3.9, 5.5],
			
			"faces": {
				"north": {"uv": [9, 13, 10, 16], "texture": "#7", "cullface": "west"},
				"east": {"uv": [9, 16, 10, 13], "rotation": 180, "texture": "#7", "cullface": "west"},
				"south": {"uv": [9, 13, 10, 16], "texture": "#7", "cullface": "west"},
				"west": {"uv": [9, 13, 10, 16], "texture": "#7", "cullface": "west"},
				"up": {"uv": [10, 13, 9, 14], "rotation": 270, "texture": "#7", "cullface": "west"},
				"down": {"uv": [9, 15, 10, 16], "rotation": 270, "texture": "#7", "cullface": "west"}
			}
		},
		{
			"name": "arrow1_0",
			"from": [-0.6, 1.9, 11.5],
			"to": [-0.1, 16.9, 12.5],
			
			"faces": {
				"north": {"uv": [8, 0, 9, 15], "texture": "#7", "cullface": "west"},
				"east": {"uv": [8, 15, 9, 0], "rotation": 180, "texture": "#7", "cullface": "west"},
				"south": {"uv": [8, 0, 9, 15], "texture": "#7", "cullface": "west"},
				"west": {"uv": [8, 0, 9, 15], "texture": "#7", "cullface": "west"},
				"up": {"uv": [9, 0, 8, 1], "rotation": 270, "texture": "#7", "cullface": "west"},
				"down": {"uv": [8, 14, 9, 15], "rotation": 270, "texture": "#7", "cullface": "west"}
			}
		},
		{
			"name": "arrow1_1",
			"from": [-0.6, 12.9, 10.5],
			"to": [-0.1, 15.9, 11.5],
			
			"faces": {
				"north": {"uv": [7, 1, 8, 4], "texture": "#7", "cullface": "west"},
				"east": {"uv": [7, 4, 8, 1], "rotation": 180, "texture": "#7", "cullface": "west"},
				"south": {"uv": [7, 1, 8, 4], "texture": "#7", "cullface": "west"},
				"west": {"uv": [7, 1, 8, 4], "texture": "#7", "cullface": "west"},
				"up": {"uv": [8, 1, 7, 2], "rotation": 270, "texture": "#7", "cullface": "west"},
				"down": {"uv": [7, 3, 8, 4], "rotation": 270, "texture": "#7", "cullface": "west"}
			}
		},
		{
			"name": "arrow1_2",
			"from": [-0.6, 12.9, 12.5],
			"to": [-0.1, 15.9, 13.5],
			
			"faces": {
				"north": {"uv": [9, 1, 10, 4], "texture": "#7", "cullface": "west"},
				"east": {"uv": [9, 4, 10, 1], "rotation": 180, "texture": "#7", "cullface": "west"},
				"south": {"uv": [9, 1, 10, 4], "texture": "#7", "cullface": "west"},
				"west": {"uv": [9, 1, 10, 4], "texture": "#7", "cullface": "west"},
				"up": {"uv": [10, 1, 9, 2], "rotation": 270, "texture": "#7", "cullface": "west"},
				"down": {"uv": [9, 3, 10, 4], "rotation": 270, "texture": "#7", "cullface": "west"}
			}
		},
		{
			"name": "arrow1_3",
			"from": [-0.6, 0.9, 10.5],
			"to": [-0.1, 3.9, 11.5],
			
			"faces": {
				"north": {"uv": [7, 13, 8, 16], "texture": "#7", "cullface": "west"},
				"east": {"uv": [7, 16, 8, 13], "rotation": 180, "texture": "#7", "cullface": "west"},
				"south": {"uv": [7, 13, 8, 16], "texture": "#7", "cullface": "west"},
				"west": {"uv": [7, 13, 8, 16], "texture": "#7", "cullface": "west"},
				"up": {"uv": [8, 13, 7, 14], "rotation": 270, "texture": "#7", "cullface": "west"},
				"down": {"uv": [7, 15, 8, 16], "rotation": 270, "texture": "#7", "cullface": "west"}
			}
		},
		{
			"name": "arrow1_4",
			"from": [-0.6, 0.9, 12.5],
			"to": [-0.1, 3.9, 13.5],
			
			"faces": {
				"north": {"uv": [9, 13, 10, 16], "texture": "#7", "cullface": "west"},
				"east": {"uv": [9, 16, 10, 13], "rotation": 180, "texture": "#7", "cullface": "west"},
				"south": {"uv": [9, 13, 10, 16], "texture": "#7", "cullface": "west"},
				"west": {"uv": [9, 13, 10, 16], "texture": "#7", "cullface": "west"},
				"up": {"uv": [10, 13, 9, 14], "rotation": 270, "texture": "#7", "cullface": "west"},
				"down": {"uv": [9, 15, 10, 16], "rotation": 270, "texture": "#7", "cullface": "west"}
			}
		},
		{
			"name": "arrow1_0",
			"from": [15.9, 1.9, 3.5],
			"to": [16.4, 16.9, 4.5],
			
			"faces": {
				"north": {"uv": [8, 0, 9, 15], "texture": "#7", "cullface": "east"},
				"east": {"uv": [8, 15, 9, 0], "rotation": 180, "texture": "#7", "cullface": "east"},
				"south": {"uv": [8, 0, 9, 15], "texture": "#7", "cullface": "east"},
				"west": {"uv": [8, 0, 9, 15], "texture": "#7", "cullface": "east"},
				"up": {"uv": [9, 0, 8, 1], "rotation": 270, "texture": "#7", "cullface": "east"},
				"down": {"uv": [8, 14, 9, 15], "rotation": 270, "texture": "#7", "cullface": "east"}
			}
		},
		{
			"name": "arrow1_1",
			"from": [15.9, 12.9, 2.5],
			"to": [16.4, 15.9, 3.5],
			
			"faces": {
				"north": {"uv": [7, 1, 8, 4], "texture": "#7", "cullface": "east"},
				"east": {"uv": [7, 4, 8, 1], "rotation": 180, "texture": "#7", "cullface": "east"},
				"south": {"uv": [7, 1, 8, 4], "texture": "#7", "cullface": "east"},
				"west": {"uv": [7, 1, 8, 4], "texture": "#7", "cullface": "east"},
				"up": {"uv": [8, 1, 7, 2], "rotation": 270, "texture": "#7", "cullface": "east"},
				"down": {"uv": [7, 3, 8, 4], "rotation": 270, "texture": "#7", "cullface": "east"}
			}
		},
		{
			"name": "arrow1_2",
			"from": [15.9, 12.9, 4.5],
			"to": [16.4, 15.9, 5.5],
			
			"faces": {
				"north": {"uv": [9, 1, 10, 4], "texture": "#7", "cullface": "east"},
				"east": {"uv": [9, 4, 10, 1], "rotation": 180, "texture": "#7", "cullface": "east"},
				"south": {"uv": [9, 1, 10, 4], "texture": "#7", "cullface": "east"},
				"west": {"uv": [9, 1, 10, 4], "texture": "#7", "cullface": "east"},
				"up": {"uv": [10, 1, 9, 2], "rotation": 270, "texture": "#7", "cullface": "east"},
				"down": {"uv": [9, 3, 10, 4], "rotation": 270, "texture": "#7", "cullface": "east"}
			}
		},
		{
			"name": "arrow1_3",
			"from": [15.9, 0.9, 2.5],
			"to": [16.4, 3.9, 3.5],
			
			"faces": {
				"north": {"uv": [7, 13, 8, 16], "texture": "#7", "cullface": "east"},
				"east": {"uv": [7, 16, 8, 13], "rotation": 180, "texture": "#7", "cullface": "east"},
				"south": {"uv": [7, 13, 8, 16], "texture": "#7", "cullface": "east"},
				"west": {"uv": [7, 13, 8, 16], "texture": "#7", "cullface": "east"},
				"up": {"uv": [8, 13, 7, 14], "rotation": 270, "texture": "#7", "cullface": "east"},
				"down": {"uv": [7, 15, 8, 16], "rotation": 270, "texture": "#7", "cullface": "east"}
			}
		},
		{
			"name": "arrow1_4",
			"from": [15.9, 0.9, 4.5],
			"to": [16.4, 3.9, 5.5],
			
			"faces": {
				"north": {"uv": [9, 13, 10, 16], "texture": "#7", "cullface": "east"},
				"east": {"uv": [9, 16, 10, 13], "rotation": 180, "texture": "#7", "cullface": "east"},
				"south": {"uv": [9, 13, 10, 16], "texture": "#7", "cullface": "east"},
				"west": {"uv": [9, 13, 10, 16], "texture": "#7", "cullface": "east"},
				"up": {"uv": [10, 13, 9, 14], "rotation": 270, "texture": "#7", "cullface": "east"},
				"down": {"uv": [9, 15, 10, 16], "rotation": 270, "texture": "#7", "cullface": "east"}
			}
		},
		{
			"name": "arrow1_0",
			"from": [15.9, 1.9, 11.5],
			"to": [16.4, 16.9, 12.5],
			
			"faces": {
				"north": {"uv": [8, 0, 9, 15], "texture": "#7", "cullface": "east"},
				"east": {"uv": [8, 15, 9, 0], "rotation": 180, "texture": "#7", "cullface": "east"},
				"south": {"uv": [8, 0, 9, 15], "texture": "#7", "cullface": "east"},
				"west": {"uv": [8, 0, 9, 15], "texture": "#7", "cullface": "east"},
				"up": {"uv": [9, 0, 8, 1], "rotation": 270, "texture": "#7", "cullface": "east"},
				"down": {"uv": [8, 14, 9, 15], "rotation": 270, "texture": "#7", "cullface": "east"}
			}
		},
		{
			"name": "arrow1_1",
			"from": [15.9, 12.9, 10.5],
			"to": [16.4, 15.9, 11.5],
			
			"faces": {
				"north": {"uv": [7, 1, 8, 4], "texture": "#7", "cullface": "east"},
				"east": {"uv": [7, 4, 8, 1], "rotation": 180, "texture": "#7", "cullface": "east"},
				"south": {"uv": [7, 1, 8, 4], "texture": "#7", "cullface": "east"},
				"west": {"uv": [7, 1, 8, 4], "texture": "#7", "cullface": "east"},
				"up": {"uv": [8, 1, 7, 2], "rotation": 270, "texture": "#7", "cullface": "east"},
				"down": {"uv": [7, 3, 8, 4], "rotation": 270, "texture": "#7", "cullface": "east"}
			}
		},
		{
			"name": "arrow1_2",
			"from": [15.9, 12.9, 12.5],
			"to": [16.4, 15.9, 13.5],
			
			"faces": {
				"north": {"uv": [9, 1, 10, 4], "texture": "#7", "cullface": "east"},
				"east": {"uv": [9, 4, 10, 1], "rotation": 180, "texture": "#7", "cullface": "east"},
				"south": {"uv": [9, 1, 10, 4], "texture": "#7", "cullface": "east"},
				"west": {"uv": [9, 1, 10, 4], "texture": "#7", "cullface": "east"},
				"up": {"uv": [10, 1, 9, 2], "rotation": 270, "texture": "#7", "cullface": "east"},
				"down": {"uv": [9, 3, 10, 4], "rotation": 270, "texture": "#7", "cullface": "east"}
			}
		},
		{
			"name": "arrow1_3",
			"from": [15.9, 0.9, 10.5],
			"to": [16.4, 3.9, 11.5],
			
			"faces": {
				"north": {"uv": [7, 13, 8, 16], "texture": "#7", "cullface": "east"},
				"east": {"uv": [7, 16, 8, 13], "rotation": 180, "texture": "#7", "cullface": "east"},
				"south": {"uv": [7, 13, 8, 16], "texture": "#7", "cullface": "east"},
				"west": {"uv": [7, 13, 8, 16], "texture": "#7", "cullface": "east"},
				"up": {"uv": [8, 13, 7, 14], "rotation": 270, "texture": "#7", "cullface": "east"},
				"down": {"uv": [7, 15, 8, 16], "rotation": 270, "texture": "#7", "cullface": "east"}
			}
		},
		{
			"name": "arrow1_4",
			"from": [15.9, 0.9, 12.5],
			"to": [16.4, 3.9, 13.5],
			
			"faces": {
				"north": {"uv": [9, 13, 10, 16], "texture": "#7", "cullface": "east"},
				"east": {"uv": [9, 16, 10, 13], "rotation": 180, "texture": "#7", "cullface": "east"},
				"south": {"uv": [9, 13, 10, 16], "texture": "#7", "cullface": "east"},
				"west": {"uv": [9, 13, 10, 16], "texture": "#7", "cullface": "east"},
				"up": {"uv": [10, 13, 9, 14], "rotation": 270, "texture": "#7", "cullface": "east"},
				"down": {"uv": [9, 15, 10, 16], "rotation": 270, "texture": "#7", "cullface": "east"}
			}
		},
		{
			"from": [16, 7, 0.2],
			"to": [17, 10, 15.9],
			
			"faces": {
				"north": {"uv": [0, 0, 1, 3], "texture": "#8", "cullface": "east"},
				"east": {"uv": [0, 0, 16, 3], "texture": "#8", "cullface": "east"},
				"south": {"uv": [0, 0, 1, 3], "texture": "#8", "cullface": "east"},
				"west": {"uv": [0, 0, 16, 3], "texture": "#8", "cullface": "east"},
				"up": {"uv": [0, 0, 1, 16], "texture": "#8", "cullface": "east"},
				"down": {"uv": [0, 0, 1, 16], "texture": "#8", "cullface": "east"}
			}
		},
		{
			"from": [-1, 7, 0.1],
			"to": [0, 10, 15.9],
			
			"faces": {
				"north": {"uv": [0, 0, 1, 3], "texture": "#8", "cullface": "west"},
				"east": {"uv": [0, 0, 16, 3], "texture": "#8", "cullface": "west"},
				"south": {"uv": [0, 0, 1, 3], "texture": "#8", "cullface": "west"},
				"west": {"uv": [0, 0, 16, 3], "texture": "#8", "cullface": "west"},
				"up": {"uv": [0, 0, 1, 16], "texture": "#8", "cullface": "west"},
				"down": {"uv": [0, 0, 1, 16], "texture": "#8", "cullface": "west"}
			}
		}
	],
	"display": {
		"thirdperson_righthand": {
			"rotation": [75, 45, 0],
			"translation": [0, 2.5, 0],
			"scale": [0.375, 0.375, 0.375]
		},
		"thirdperson_lefthand": {
			"rotation": [75, 45, 0],
			"translation": [0, 2.5, 0],
			"scale": [0.375, 0.375, 0.375]
		},
		"firstperson_righthand": {
			"rotation": [0, 45, 0],
			"scale": [0.4, 0.4, 0.4]
		},
		"firstperson_lefthand": {
			"rotation": [0, 225, 0],
			"scale": [0.4, 0.4, 0.4]
		},
		"ground": {
			"translation": [0, 3, 0],
			"scale": [0.25, 0.25, 0.25]
		},
		"gui": {
			"rotation": [30, 225, 0],
			"scale": [0.625, 0.625, 0.625]
		},
		"fixed": {
			"scale": [0.5, 0.5, 0.5]
		}
	}
}