{
	"credit": "Yuushya",
	"ambientocclusion": false,
	"textures": {
		"0": "block/azalea_branch",
		"1": "block/grass/azalea_leaves_flowers",
		"2": "block/flowering_azalea_side",
		"3": "block/flowering_azalea_top",
		"particle": "block/azalea_branch"
	},
	"elements": [
		{
			"from": [-9, 9, 6],
			"to": [-9, 14, 11],
			"rotation": {"angle": -45, "axis": "z", "origin": [-9, 0, 6]},
			"faces": {
				"north": {"uv": [0, 0, 0, 5], "texture": "#1"},
				"east": {"uv": [0, 0, 5, 5], "texture": "#1"},
				"south": {"uv": [0, 0, 0, 5], "texture": "#1"},
				"west": {"uv": [0, 0, 5, 5], "texture": "#1"},
				"up": {"uv": [0, 0, 0, 5], "texture": "#1"},
				"down": {"uv": [0, 0, 0, 5], "texture": "#1"}
			}
		},
		{
			"from": [10, 9, -4],
			"to": [15, 14, -4],
			"rotation": {"angle": 22.5, "axis": "x", "origin": [15, 0, -4]},
			"faces": {
				"north": {"uv": [0, 0, 5, 5], "texture": "#1"},
				"east": {"uv": [0, 0, 0, 5], "texture": "#1"},
				"south": {"uv": [0, 0, 5, 5], "texture": "#1"},
				"west": {"uv": [0, 0, 0, 5], "texture": "#1"},
				"up": {"uv": [0, 0, 0, 5], "rotation": 90, "texture": "#1"},
				"down": {"uv": [0, 0, 0, 5], "rotation": 270, "texture": "#1"}
			}
		},
		{
			"from": [14, 0, 5],
			"to": [19, 0, 10],
			"rotation": {"angle": -22.5, "axis": "z", "origin": [28, 0, 10]},
			"faces": {
				"north": {"uv": [0, 0, 0, 5], "rotation": 90, "texture": "#1"},
				"east": {"uv": [0, 0, 0, 5], "rotation": 90, "texture": "#1"},
				"south": {"uv": [0, 0, 0, 5], "rotation": 270, "texture": "#1"},
				"west": {"uv": [0, 0, 0, 5], "rotation": 90, "texture": "#1"},
				"up": {"uv": [0, 0, 5, 5], "rotation": 270, "texture": "#1"},
				"down": {"uv": [0, 0, 5, 5], "rotation": 270, "texture": "#1"}
			}
		},
		{
			"from": [10, 13, 23],
			"to": [15, 18, 23],
			"rotation": {"angle": -45, "axis": "x", "origin": [15, 4, 23]},
			"faces": {
				"north": {"uv": [0, 0, 5, 5], "texture": "#1"},
				"east": {"uv": [0, 0, 0, 5], "texture": "#1"},
				"south": {"uv": [0, 0, 5, 5], "texture": "#1"},
				"west": {"uv": [0, 0, 0, 5], "texture": "#1"},
				"up": {"uv": [0, 0, 0, 5], "rotation": 90, "texture": "#1"},
				"down": {"uv": [0, 0, 0, 5], "rotation": 270, "texture": "#1"}
			}
		},
		{
			"from": [2, 3, 22],
			"to": [7, 8, 22],
			"rotation": {"angle": -22.5, "axis": "x", "origin": [7, -6, 22]},
			"faces": {
				"north": {"uv": [0, 0, 5, 5], "texture": "#1"},
				"east": {"uv": [0, 0, 0, 5], "texture": "#1"},
				"south": {"uv": [0, 0, 5, 5], "texture": "#1"},
				"west": {"uv": [0, 0, 0, 5], "texture": "#1"},
				"up": {"uv": [0, 0, 0, 5], "rotation": 90, "texture": "#1"},
				"down": {"uv": [0, 0, 0, 5], "rotation": 270, "texture": "#1"}
			}
		},
		{
			"from": [0, 5, 0],
			"to": [5, 5, 5],
			"rotation": {"angle": 22.5, "axis": "z", "origin": [-9, 5, 0]},
			"faces": {
				"north": {"uv": [0, 0, 0, 5], "rotation": 270, "texture": "#1"},
				"east": {"uv": [0, 0, 0, 5], "rotation": 90, "texture": "#1"},
				"south": {"uv": [0, 0, 0, 5], "rotation": 90, "texture": "#1"},
				"west": {"uv": [0, 0, 0, 5], "rotation": 90, "texture": "#1"},
				"up": {"uv": [0, 0, 5, 5], "rotation": 90, "texture": "#1"},
				"down": {"uv": [0, 0, 5, 5], "rotation": 90, "texture": "#1"}
			}
		},
		{
			"from": [3, 3, -9],
			"to": [8, 8, -9],
			"rotation": {"angle": 45, "axis": "x", "origin": [8, -6, -9]},
			"faces": {
				"north": {"uv": [0, 0, 5, 5], "texture": "#1"},
				"east": {"uv": [0, 0, 0, 5], "texture": "#1"},
				"south": {"uv": [0, 0, 5, 5], "texture": "#1"},
				"west": {"uv": [0, 0, 0, 5], "texture": "#1"},
				"up": {"uv": [0, 0, 0, 5], "rotation": 90, "texture": "#1"},
				"down": {"uv": [0, 0, 0, 5], "rotation": 270, "texture": "#1"}
			}
		},
		{
			"from": [-9, 8.6, 6],
			"to": [-9, 13.6, 11],
			"rotation": {"angle": -45, "axis": "z", "origin": [-9, -0.4, 6]},
			"faces": {
				"north": {"uv": [5, 0, 10, 5], "texture": "#1"},
				"east": {"uv": [5, 0, 10, 5], "texture": "#1"},
				"south": {"uv": [5, 0, 10, 5], "texture": "#1"},
				"west": {"uv": [5, 0, 10, 5], "texture": "#1"},
				"up": {"uv": [5, 0, 10, 5], "texture": "#1"},
				"down": {"uv": [5, 0, 10, 5], "texture": "#1"}
			}
		},
		{
			"from": [10, 8.6, -4],
			"to": [15, 13.6, -4],
			"rotation": {"angle": 22.5, "axis": "x", "origin": [15, -0.4, -4]},
			"faces": {
				"north": {"uv": [5, 0, 10, 5], "texture": "#1"},
				"east": {"uv": [5, 0, 10, 5], "texture": "#1"},
				"south": {"uv": [5, 0, 10, 5], "texture": "#1"},
				"west": {"uv": [5, 0, 5, 5], "texture": "#1"},
				"up": {"uv": [5, 0, 10, 5], "texture": "#1"},
				"down": {"uv": [5, 0, 10, 5], "texture": "#1"}
			}
		},
		{
			"from": [14, -0.4, 5],
			"to": [19, -0.4, 10],
			"rotation": {"angle": -22.5, "axis": "z", "origin": [28, -0.4, 10]},
			"faces": {
				"north": {"uv": [5, 0, 10, 5], "texture": "#1"},
				"east": {"uv": [5, 0, 10, 5], "texture": "#1"},
				"south": {"uv": [5, 0, 10, 5], "texture": "#1"},
				"west": {"uv": [5, 0, 5, 5], "rotation": 90, "texture": "#1"},
				"up": {"uv": [5, 0, 10, 5], "texture": "#1"},
				"down": {"uv": [5, 0, 10, 5], "texture": "#1"}
			}
		},
		{
			"from": [10, 12.6, 23],
			"to": [15, 17.6, 23],
			"rotation": {"angle": -45, "axis": "x", "origin": [15, 3.6, 23]},
			"faces": {
				"north": {"uv": [5, 0, 10, 5], "texture": "#1"},
				"east": {"uv": [5, 0, 10, 5], "texture": "#1"},
				"south": {"uv": [5, 0, 10, 5], "texture": "#1"},
				"west": {"uv": [5, 0, 5, 5], "texture": "#1"},
				"up": {"uv": [5, 0, 10, 5], "texture": "#1"},
				"down": {"uv": [5, 0, 10, 5], "texture": "#1"}
			}
		},
		{
			"from": [2, 2.6, 22],
			"to": [7, 7.6, 22],
			"rotation": {"angle": -22.5, "axis": "x", "origin": [7, -6.4, 22]},
			"faces": {
				"north": {"uv": [5, 0, 10, 5], "texture": "#1"},
				"east": {"uv": [5, 0, 10, 5], "texture": "#1"},
				"south": {"uv": [5, 0, 10, 5], "texture": "#1"},
				"west": {"uv": [5, 0, 5, 5], "texture": "#1"},
				"up": {"uv": [5, 0, 10, 5], "texture": "#1"},
				"down": {"uv": [5, 0, 10, 5], "texture": "#1"}
			}
		},
		{
			"from": [0, 4.6, 0],
			"to": [5, 4.6, 5],
			"rotation": {"angle": 22.5, "axis": "z", "origin": [-9, 4.6, 0]},
			"faces": {
				"north": {"uv": [5, 0, 10, 5], "texture": "#1"},
				"east": {"uv": [5, 0, 10, 5], "texture": "#1"},
				"south": {"uv": [5, 0, 10, 5], "texture": "#1"},
				"west": {"uv": [5, 0, 5, 5], "rotation": 90, "texture": "#1"},
				"up": {"uv": [5, 0, 10, 5], "texture": "#1"},
				"down": {"uv": [5, 0, 10, 5], "texture": "#1"}
			}
		},
		{
			"from": [3, 2.6, -9],
			"to": [8, 7.6, -9],
			"rotation": {"angle": 45, "axis": "x", "origin": [8, -6.4, -9]},
			"faces": {
				"north": {"uv": [5, 0, 10, 5], "texture": "#1"},
				"east": {"uv": [5, 0, 10, 5], "texture": "#1"},
				"south": {"uv": [5, 0, 10, 5], "texture": "#1"},
				"west": {"uv": [5, 0, 5, 5], "texture": "#1"},
				"up": {"uv": [5, 0, 10, 5], "texture": "#1"},
				"down": {"uv": [5, 0, 10, 5], "texture": "#1"}
			}
		},
		{
			"from": [-5, -5, -1],
			"to": [16, 10, -1],
			"rotation": {"angle": -45, "axis": "x", "origin": [6, 22, 2]},
			"faces": {
				"north": {"uv": [13, 7.5, 2.5, 15], "texture": "#0"},
				"south": {"uv": [13, 7.5, 2.5, 15], "texture": "#0"}
			}
		},
		{
			"from": [0, 10, -4],
			"to": [15, 10, 17],
			"rotation": {"angle": 22.5, "axis": "z", "origin": [18, -5, 8]},
			"faces": {
				"up": {"uv": [2.5, 7.5, 13, 15], "rotation": 90, "texture": "#0"},
				"down": {"uv": [2.5, 7.5, 13, 15], "rotation": 90, "texture": "#0"}
			}
		},
		{
			"from": [-1, 4, 11],
			"to": [20, 19, 11],
			"rotation": {"angle": 45, "axis": "x", "origin": [10, 7, 8]},
			"faces": {
				"north": {"uv": [13, 7.5, 2.5, 15], "rotation": 180, "texture": "#0"},
				"south": {"uv": [13, 7.5, 2.5, 15], "rotation": 180, "texture": "#0"}
			}
		},
		{
			"from": [13, 10, -5],
			"to": [28, 10, 16],
			"rotation": {"angle": -45, "axis": "z", "origin": [11, 15, 11]},
			"faces": {
				"up": {"uv": [3, 7.5, 13.5, 15], "rotation": 270, "texture": "#0"},
				"down": {"uv": [3, 7.5, 13.5, 15], "rotation": 270, "texture": "#0"}
			}
		},
		{
			"from": [0, 4, -11],
			"to": [21, 4, 5],
			"rotation": {"angle": -22.5, "axis": "x", "origin": [10, 14, 2]},
			"faces": {
				"up": {"uv": [2.5, 7.5, 13, 15.5], "rotation": 180, "texture": "#0"},
				"down": {"uv": [2.5, 5.5, 13, 13.5], "texture": "#0"}
			}
		},
		{
			"from": [10, 1, -2],
			"to": [10, 16, 19],
			
			"faces": {
				"east": {"uv": [13, 7.5, 2.5, 15], "rotation": 180, "texture": "#0"},
				"west": {"uv": [13, 7.5, 2.5, 15], "rotation": 180, "texture": "#0"}
			}
		},
		{
			"from": [-2, 1, 5],
			"to": [19, 16, 5],
			"rotation": {"angle": 22.5, "axis": "y", "origin": [8, 7, 8]},
			"faces": {
				"north": {"uv": [13, 7.5, 2.5, 15], "rotation": 180, "texture": "#0"},
				"south": {"uv": [13, 7.5, 2.5, 15], "rotation": 180, "texture": "#0"}
			}
		},
		{
			"from": [0, 6, 0],
			"to": [16, 16, 16],
			
			"faces": {
				"north": {"uv": [0, 0, 16, 10], "texture": "#2", "cullface": "north"},
				"east": {"uv": [0, 0, 16, 10], "texture": "#2", "cullface": "east"},
				"south": {"uv": [0, 0, 16, 10], "texture": "#2", "cullface": "south"},
				"west": {"uv": [0, 0, 16, 10], "texture": "#2", "cullface": "west"},
				"up": {"uv": [0, 0, 16, 16], "texture": "#3", "cullface": "up"}
			}
		},
		{
			"from": [0, 6, 16],
			"to": [16, 16, 0],
			
			"faces": {
				"north": {"uv": [0, 0, 16, 10], "texture": "#2", "cullface": "south"},
				"east": {"uv": [0, 0, 16, 10], "texture": "#2", "cullface": "east"},
				"south": {"uv": [0, 0, 16, 10], "texture": "#2", "cullface": "north"},
				"west": {"uv": [0, 0, 16, 10], "texture": "#2", "cullface": "west"},
				"up": {"uv": [0, 0, 16, 16], "texture": "#3", "cullface": "up"}
			}
		},
		{
			"from": [0, 6, 0],
			"to": [16, 16, 0],
			"rotation": {"angle": 45, "axis": "x", "origin": [8, 13, 0]},
			"faces": {
				"north": {"uv": [0, 0, 16, 10], "texture": "#2", "cullface": "north"},
				"south": {"uv": [0, 0, 16, 10], "texture": "#2", "cullface": "north"}
			}
		},
		{
			"from": [0, 6, 16],
			"to": [16, 16, 16],
			"rotation": {"angle": -45, "axis": "x", "origin": [8, 13, 16]},
			"faces": {
				"north": {"uv": [0, 0, 16, 10], "texture": "#2", "cullface": "south"},
				"south": {"uv": [0, 0, 16, 10], "texture": "#2", "cullface": "south"}
			}
		},
		{
			"from": [0, 6, 0],
			"to": [0, 16, 16],
			"rotation": {"angle": -45, "axis": "z", "origin": [0, 13, 8]},
			"faces": {
				"east": {"uv": [0, 0, 16, 10], "texture": "#2", "cullface": "west"},
				"west": {"uv": [0, 0, 16, 10], "texture": "#2", "cullface": "west"}
			}
		},
		{
			"from": [16, 6, 0],
			"to": [16, 16, 16],
			"rotation": {"angle": 45, "axis": "z", "origin": [16, 13, 8]},
			"faces": {
				"east": {"uv": [0, 0, 16, 10], "texture": "#2", "cullface": "east"},
				"west": {"uv": [0, 0, 16, 10], "texture": "#2", "cullface": "east"}
			}
		}
	],
	"display": {
		"thirdperson_righthand": {
			"rotation": [75, 45, 0],
			"translation": [0, 2.5, 0],
			"scale": [0.375, 0.375, 0.375]
		},
		"thirdperson_lefthand": {
			"rotation": [75, 45, 0],
			"translation": [0, 2.5, 0],
			"scale": [0.375, 0.375, 0.375]
		},
		"firstperson_righthand": {
			"rotation": [0, 45, 0],
			"scale": [0.4, 0.4, 0.4]
		},
		"firstperson_lefthand": {
			"rotation": [0, 225, 0],
			"scale": [0.4, 0.4, 0.4]
		},
		"ground": {
			"translation": [0, 3, 0],
			"scale": [0.25, 0.25, 0.25]
		},
		"gui": {
			"rotation": [30, 225, 0],
			"scale": [0.6, 0.6, 0.6]
		},
		"fixed": {
			"scale": [0.5, 0.5, 0.5]
		}
	}
}