{
	"credit": "Yuushya",
	"parent": "minecraft:block/template_item_frame",
	"textures": {
		"particle": "block/smooth_quartz",
		"2_back": "block/smooth_quartz",
		"2_wood": "block/birch_door_top"
	},
	"elements": [
		{
			"from": [2, 2, 15.5],
			"to": [14, 14, 16],
			"faces": {
				"north": {"uv": [2, 2, 14, 14], "texture": "#2_back"},
				"south": {"uv": [2, 2, 14, 14], "texture": "#2_back"}
			}
		},
		{
			"from": [1, 1, 14.5],
			"to": [15, 2, 16],
			
			"faces": {
				"north": {"uv": [2, 2, 16, 3], "texture": "#2_wood"},
				"east": {"uv": [0, 13, 1, 14], "texture": "#2_wood"},
				"south": {"uv": [2, 2, 16, 3], "texture": "#2_wood"},
				"west": {"uv": [15, 13, 16, 14], "texture": "#2_wood"},
				"up": {"uv": [16, 2, 2, 3], "texture": "#2_wood"},
				"down": {"uv": [16, 2, 2, 3], "texture": "#2_wood"}
			}
		},
		{
			"from": [1, 14, 14.5],
			"to": [15, 15, 16],
			
			"faces": {
				"north": {"uv": [2, 2, 16, 3], "texture": "#2_wood"},
				"east": {"uv": [0, 2, 1, 3], "texture": "#2_wood"},
				"south": {"uv": [16, 2, 2, 3], "texture": "#2_wood"},
				"west": {"uv": [15, 2, 16, 3], "texture": "#2_wood"},
				"up": {"uv": [16, 2, 2, 3], "texture": "#2_wood"},
				"down": {"uv": [16, 2, 2, 3], "texture": "#2_wood"}
			}
		},
		{
			"from": [1, 2, 14.5],
			"to": [2, 14, 16],
			
			"faces": {
				"north": {"uv": [2, 3, 3, 15], "texture": "#2_wood"},
				"east": {"uv": [2, 3, 3, 15], "texture": "#2_wood"},
				"south": {"uv": [2, 3, 3, 15], "texture": "#2_wood"},
				"west": {"uv": [2, 3, 3, 15], "texture": "#2_wood"}
			}
		},
		{
			"from": [14, 2, 14.5],
			"to": [15, 14, 16],
			
			"faces": {
				"north": {"uv": [2, 3, 3, 15], "texture": "#2_wood"},
				"east": {"uv": [2, 3, 3, 15], "texture": "#2_wood"},
				"south": {"uv": [13, 3, 14, 15], "texture": "#2_wood"},
				"west": {"uv": [2, 3, 3, 15], "texture": "#2_wood"}
			}
		}
	],
	"display": {
		"thirdperson_righthand": {
			"rotation": [75, 45, 0],
			"translation": [0, 2.5, 0],
			"scale": [0.375, 0.375, 0.375]
		},
		"thirdperson_lefthand": {
			"rotation": [75, 45, 0],
			"translation": [0, 2.5, 0],
			"scale": [0.375, 0.375, 0.375]
		},
		"firstperson_righthand": {
			"rotation": [0, 45, 0],
			"scale": [0.4, 0.4, 0.4]
		},
		"firstperson_lefthand": {
			"rotation": [0, 225, 0],
			"scale": [0.4, 0.4, 0.4]
		},
		"ground": {
			"translation": [0, 3, 0],
			"scale": [0.25, 0.25, 0.25]
		},
		"gui": {
			"rotation": [30, 225, 0],
			"scale": [0.625, 0.625, 0.625]
		},
		"fixed": {
			"scale": [0.5, 0.5, 0.5]
		}
	},
	"groups": [
		{
			"name": "item_frame",
			"origin": [8, 8, 8],
			"children": []
		},
		{
			"name": "template_item_frame",
			"origin": [8, 8, 8],
			"children": [0, 1, 2, 3, 4]
		}
	]
}