{
	"credit": "Yuushya",
	"parent": "block/leaves",
	"ambientocclusion": false,
	"textures": {
		"particle": "block/glow_lichen",
		"all": "block/glow_lichen"
	},
	"elements": [
		{
			"from": [8, 5.2, 2],
			"to": [16, 13.2, 2],
			"shade": false,
			"rotation": {"angle": 22.5, "axis": "y", "origin": [11, 10.2, 2]},
			"faces": {
				"north": {"uv": [3, 0, 11, 8], "rotation": 270, "texture": "#all"},
				"east": {"uv": [0, 0, 0, 0], "rotation": 270, "texture": "#all"},
				"south": {"uv": [5, 1, 13, 9], "rotation": 90, "texture": "#all"},
				"west": {"uv": [0, 0, 0, 0], "rotation": 90, "texture": "#all"},
				"up": {"uv": [0, 0, 0, 0], "rotation": 180, "texture": "#all"},
				"down": {"uv": [0, 0, 0, 0], "texture": "#all"}
			}
		},
		{
			"from": [4, 0.2, 2],
			"to": [12, 8.2, 2],
			"shade": false,
			"rotation": {"angle": 22.5, "axis": "x", "origin": [7, 5.2, 2]},
			"faces": {
				"north": {"uv": [4, 7, 12, 15], "rotation": 180, "texture": "#all"},
				"east": {"uv": [0, 0, 0, 0], "rotation": 270, "texture": "#all"},
				"south": {"uv": [0, 8, 8, 16], "texture": "#all"},
				"west": {"uv": [0, 0, 0, 0], "rotation": 90, "texture": "#all"},
				"up": {"uv": [0, 0, 0, 0], "rotation": 180, "texture": "#all"},
				"down": {"uv": [0, 0, 0, 0], "texture": "#all"}
			}
		},
		{
			"from": [-2, 4.2, 2],
			"to": [6, 12.2, 2],
			"shade": false,
			"rotation": {"angle": -22.5, "axis": "y", "origin": [1, 9.2, 2]},
			"faces": {
				"north": {"uv": [1, 8, 9, 16], "texture": "#all"},
				"east": {"uv": [0, 0, 0, 0], "rotation": 270, "texture": "#all"},
				"south": {"uv": [1, 8, 9, 16], "rotation": 180, "texture": "#all"},
				"west": {"uv": [0, 0, 0, 0], "rotation": 90, "texture": "#all"},
				"up": {"uv": [0, 0, 0, 0], "rotation": 180, "texture": "#all"},
				"down": {"uv": [0, 0, 0, 0], "texture": "#all"}
			}
		},
		{
			"from": [3, 8.2, -1],
			"to": [11, 16.2, -1],
			"shade": false,
			"rotation": {"angle": -22.5, "axis": "x", "origin": [6, 13.2, -1]},
			"faces": {
				"north": {"uv": [5, 7, 13, 15], "rotation": 180, "texture": "#all"},
				"east": {"uv": [0, 0, 0, 0], "rotation": 270, "texture": "#all"},
				"south": {"uv": [5, 7, 13, 15], "rotation": 180, "texture": "#all"},
				"west": {"uv": [0, 0, 0, 0], "rotation": 90, "texture": "#all"},
				"up": {"uv": [0, 0, 0, 0], "rotation": 180, "texture": "#all"},
				"down": {"uv": [0, 0, 0, 0], "texture": "#all"}
			}
		}
	],
	"display": {
		"thirdperson_righthand": {
			"rotation": [75, 45, 0],
			"translation": [0, 2.5, 0],
			"scale": [0.375, 0.375, 0.375]
		},
		"thirdperson_lefthand": {
			"rotation": [75, 45, 0],
			"translation": [0, 2.5, 0],
			"scale": [0.375, 0.375, 0.375]
		},
		"firstperson_righthand": {
			"rotation": [0, 45, 0],
			"scale": [0.4, 0.4, 0.4]
		},
		"firstperson_lefthand": {
			"rotation": [0, 225, 0],
			"scale": [0.4, 0.4, 0.4]
		},
		"ground": {
			"translation": [0, 3, 0],
			"scale": [0.25, 0.25, 0.25]
		},
		"gui": {
			"rotation": [30, 225, 0],
			"translation": [0, 0.5, 0],
			"scale": [0.5, 0.5, 0.5]
		},
		"fixed": {
			"scale": [0.5, 0.5, 0.5]
		}
	}
}