{
	"credit": "Yuushya",
	"parent": "block/thin_block",
	"textures": {
		"1": "block/iron_trapdoor",
		"2": "block/iron_trapdoor_cross",
		"particle": "block/iron_trapdoor"
	},
	"elements": [
		{
			"name": "iron_trapdoor_0",
			"from": [0, 0, 0],
			"to": [16, 1, 3],
			
			"faces": {
				"north": {"uv": [16, 0, 0, 1], "texture": "#1"},
				"east": {"uv": [15, 0, 16, 3], "rotation": 90, "texture": "#1"},
				"south": {"uv": [0, 2, 16, 3], "texture": "#1"},
				"west": {"uv": [0, 0, 1, 3], "rotation": 270, "texture": "#1"},
				"up": {"uv": [0, 0, 16, 3], "texture": "#1"},
				"down": {"uv": [0, 3, 16, 0], "texture": "#1"}
			}
		},
		{
			"name": "iron_trapdoor_1",
			"from": [0, 0, 3],
			"to": [3, 1, 16],
			
			"faces": {
				"north": {"uv": [3, 3, 0, 4], "texture": "#1"},
				"east": {"uv": [2, 3, 3, 16], "rotation": 90, "texture": "#1"},
				"south": {"uv": [0, 15, 3, 16], "texture": "#1"},
				"west": {"uv": [0, 3, 1, 16], "rotation": 270, "texture": "#1"},
				"up": {"uv": [0, 3, 3, 16], "texture": "#1"},
				"down": {"uv": [0, 16, 3, 3], "texture": "#1"}
			}
		},
		{
			"name": "iron_trapdoor_2",
			"from": [13, 0, 3],
			"to": [16, 1, 16],
			
			"faces": {
				"north": {"uv": [16, 3, 13, 4], "texture": "#1"},
				"east": {"uv": [15, 3, 16, 16], "rotation": 90, "texture": "#1"},
				"south": {"uv": [13, 15, 16, 16], "texture": "#1"},
				"west": {"uv": [13, 3, 14, 16], "rotation": 270, "texture": "#1"},
				"up": {"uv": [13, 3, 16, 16], "texture": "#1"},
				"down": {"uv": [13, 16, 16, 3], "texture": "#1"}
			}
		},
		{
			"name": "iron_trapdoor_3",
			"from": [3, 0, 13],
			"to": [13, 1, 16],
			
			"faces": {
				"north": {"uv": [13, 13, 3, 14], "texture": "#1"},
				"east": {"uv": [12, 13, 13, 16], "rotation": 90, "texture": "#1"},
				"south": {"uv": [3, 15, 13, 16], "texture": "#1"},
				"west": {"uv": [3, 13, 4, 16], "rotation": 270, "texture": "#1"},
				"up": {"uv": [3, 13, 13, 16], "texture": "#1"},
				"down": {"uv": [3, 16, 13, 13], "texture": "#1"}
			}
		},
		{
			"name": "iron_trapdoor_0",
			"from": [0, 2, 0],
			"to": [16, 3, 3],
			
			"faces": {
				"north": {"uv": [16, 0, 0, 1], "texture": "#1"},
				"east": {"uv": [15, 0, 16, 3], "rotation": 90, "texture": "#1"},
				"south": {"uv": [0, 2, 16, 3], "texture": "#1"},
				"west": {"uv": [0, 0, 1, 3], "rotation": 270, "texture": "#1"},
				"up": {"uv": [0, 0, 16, 3], "texture": "#1"},
				"down": {"uv": [0, 3, 16, 0], "texture": "#1"}
			}
		},
		{
			"name": "iron_trapdoor_1",
			"from": [0, 2, 3],
			"to": [3, 3, 16],
			
			"faces": {
				"north": {"uv": [3, 3, 0, 4], "texture": "#1"},
				"east": {"uv": [2, 3, 3, 16], "rotation": 90, "texture": "#1"},
				"south": {"uv": [0, 15, 3, 16], "texture": "#1"},
				"west": {"uv": [0, 3, 1, 16], "rotation": 270, "texture": "#1"},
				"up": {"uv": [0, 3, 3, 16], "texture": "#1"},
				"down": {"uv": [0, 16, 3, 3], "texture": "#1"}
			}
		},
		{
			"from": [3, 1.5, 3],
			"to": [13, 1.5, 13],
			
			"faces": {
				"north": {"uv": [0, 0, 10, 0], "texture": "#1"},
				"east": {"uv": [0, 0, 10, 0], "texture": "#1"},
				"south": {"uv": [0, 0, 10, 0], "texture": "#1"},
				"west": {"uv": [0, 0, 10, 0], "texture": "#1"},
				"up": {"uv": [3, 3, 13, 13], "texture": "#1"},
				"down": {"uv": [3, 3, 13, 13], "texture": "#1"}
			}
		},
		{
			"name": "iron_trapdoor_0",
			"from": [-0.32733, 1.4, 6.59613],
			"to": [15.67267, 2.4, 9.59613],
			"rotation": {"angle": 45, "axis": "y", "origin": [7.90963, 1.53529, 8.57451]},
			"faces": {
				"north": {"uv": [16, 0, 0, 1], "texture": "#2"},
				"east": {"uv": [15, 0, 16, 3], "rotation": 90, "texture": "#2"},
				"south": {"uv": [0, 2, 16, 3], "texture": "#2"},
				"west": {"uv": [0, 0, 1, 3], "rotation": 270, "texture": "#2"},
				"up": {"uv": [0, 5, 16, 8], "texture": "#2"},
				"down": {"uv": [0, 3, 16, 0], "texture": "#2"}
			}
		},
		{
			"name": "iron_trapdoor_0",
			"from": [6.77267, 1.9, 0.09613],
			"to": [9.77267, 2.9, 16.09613],
			"rotation": {"angle": 45, "axis": "y", "origin": [7.90963, 1.53529, 8.57451]},
			"faces": {
				"north": {"uv": [15, 0, 16, 3], "rotation": 90, "texture": "#2"},
				"east": {"uv": [0, 2, 16, 3], "texture": "#2"},
				"south": {"uv": [0, 0, 1, 3], "rotation": 270, "texture": "#2"},
				"west": {"uv": [16, 0, 0, 1], "texture": "#2"},
				"up": {"uv": [0, 0, 16, 3], "rotation": 270, "texture": "#2"},
				"down": {"uv": [0, 3, 16, 0], "rotation": 90, "texture": "#2"}
			}
		},
		{
			"name": "iron_trapdoor_0",
			"from": [6.77267, 0.9, 0.09613],
			"to": [9.77267, 1.9, 16.09613],
			"rotation": {"angle": 45, "axis": "y", "origin": [7.90963, 1.53529, 8.57451]},
			"faces": {
				"north": {"uv": [15, 0, 16, 3], "rotation": 90, "texture": "#2"},
				"east": {"uv": [0, 2, 16, 3], "texture": "#2"},
				"south": {"uv": [0, 0, 1, 3], "rotation": 270, "texture": "#2"},
				"west": {"uv": [16, 0, 0, 1], "texture": "#2"},
				"up": {"uv": [0, 0, 16, 3], "rotation": 270, "texture": "#2"},
				"down": {"uv": [0, 8, 16, 5], "rotation": 90, "texture": "#2"}
			}
		},
		{
			"name": "iron_trapdoor_0",
			"from": [-0.32733, 0.4, 6.59613],
			"to": [15.67267, 1.4, 9.59613],
			"rotation": {"angle": 45, "axis": "y", "origin": [7.90963, 1.53529, 8.57451]},
			"faces": {
				"north": {"uv": [16, 0, 0, 1], "texture": "#2"},
				"east": {"uv": [15, 0, 16, 3], "rotation": 90, "texture": "#2"},
				"south": {"uv": [0, 2, 16, 3], "texture": "#2"},
				"west": {"uv": [0, 0, 1, 3], "rotation": 270, "texture": "#2"},
				"up": {"uv": [0, 0, 16, 3], "texture": "#2"},
				"down": {"uv": [0, 3, 16, 0], "texture": "#2"}
			}
		},
		{
			"name": "iron_trapdoor_2",
			"from": [13, 2, 3],
			"to": [16, 3, 16],
			
			"faces": {
				"north": {"uv": [16, 3, 13, 4], "texture": "#1"},
				"east": {"uv": [15, 3, 16, 16], "rotation": 90, "texture": "#1"},
				"south": {"uv": [13, 15, 16, 16], "texture": "#1"},
				"west": {"uv": [13, 3, 14, 16], "rotation": 270, "texture": "#1"},
				"up": {"uv": [13, 3, 16, 16], "texture": "#1"},
				"down": {"uv": [13, 16, 16, 3], "texture": "#1"}
			}
		},
		{
			"name": "iron_trapdoor_3",
			"from": [3, 2, 13],
			"to": [13, 3, 16],
			
			"faces": {
				"north": {"uv": [13, 13, 3, 14], "texture": "#1"},
				"east": {"uv": [12, 13, 13, 16], "rotation": 90, "texture": "#1"},
				"south": {"uv": [3, 15, 13, 16], "texture": "#1"},
				"west": {"uv": [3, 13, 4, 16], "rotation": 270, "texture": "#1"},
				"up": {"uv": [3, 13, 13, 16], "texture": "#1"},
				"down": {"uv": [3, 16, 13, 13], "texture": "#1"}
			}
		},
		{
			"name": "iron_trapdoor_0",
			"from": [0, 1, 0],
			"to": [16, 2, 3],
			
			"faces": {
				"north": {"uv": [16, 1, 0, 2], "texture": "#1"},
				"east": {"uv": [14, 0, 15, 3], "rotation": 90, "texture": "#1"},
				"south": {"uv": [0, 2, 16, 3], "texture": "#1"},
				"west": {"uv": [1, 0, 2, 3], "rotation": 270, "texture": "#1"},
				"up": {"uv": [0, 0, 16, 3], "texture": "#1"},
				"down": {"uv": [0, 3, 16, 0], "texture": "#1"}
			}
		},
		{
			"name": "iron_trapdoor_1",
			"from": [0, 1, 3],
			"to": [3, 2, 16],
			
			"faces": {
				"north": {"uv": [3, 3, 0, 4], "texture": "#1"},
				"east": {"uv": [2, 3, 3, 16], "rotation": 90, "texture": "#1"},
				"south": {"uv": [0, 14, 3, 15], "texture": "#1"},
				"west": {"uv": [1, 3, 2, 16], "rotation": 270, "texture": "#1"},
				"up": {"uv": [0, 3, 3, 16], "texture": "#1"},
				"down": {"uv": [0, 16, 3, 3], "texture": "#1"}
			}
		},
		{
			"name": "iron_trapdoor_2",
			"from": [13, 1, 3],
			"to": [16, 2, 16],
			
			"faces": {
				"north": {"uv": [16, 3, 13, 4], "texture": "#1"},
				"east": {"uv": [14, 3, 15, 16], "rotation": 90, "texture": "#1"},
				"south": {"uv": [13, 14, 16, 15], "texture": "#1"},
				"west": {"uv": [13, 3, 14, 16], "rotation": 270, "texture": "#1"},
				"up": {"uv": [13, 3, 16, 16], "texture": "#1"},
				"down": {"uv": [13, 16, 16, 3], "texture": "#1"}
			}
		},
		{
			"name": "iron_trapdoor_3",
			"from": [3, 1, 13],
			"to": [13, 2, 16],
			
			"faces": {
				"north": {"uv": [13, 13, 3, 14], "texture": "#1"},
				"east": {"uv": [12, 13, 13, 16], "rotation": 90, "texture": "#1"},
				"south": {"uv": [3, 14, 13, 15], "texture": "#1"},
				"west": {"uv": [3, 13, 4, 16], "rotation": 270, "texture": "#1"},
				"up": {"uv": [3, 13, 13, 16], "texture": "#1"},
				"down": {"uv": [3, 16, 13, 13], "texture": "#1"}
			}
		}
	],
	"display": {
		"thirdperson_righthand": {
			"rotation": [75, 45, 0],
			"translation": [0, 2.5, 0],
			"scale": [0.375, 0.375, 0.375]
		},
		"thirdperson_lefthand": {
			"rotation": [75, 45, 0],
			"translation": [0, 2.5, 0],
			"scale": [0.375, 0.375, 0.375]
		},
		"firstperson_righthand": {
			"rotation": [0, 45, 0],
			"translation": [0, 3.5, 0],
			"scale": [0.4, 0.4, 0.4]
		},
		"firstperson_lefthand": {
			"rotation": [0, 45, 0],
			"translation": [0, 3.5, 0],
			"scale": [0.4, 0.4, 0.4]
		},
		"ground": {
			"translation": [0, 3, 0],
			"scale": [0.25, 0.25, 0.25]
		},
		"gui": {
			"rotation": [30, 225, 0],
			"scale": [0.625, 0.625, 0.625]
		},
		"fixed": {
			"scale": [0.5, 0.5, 0.5]
		}
	},
	"groups": [
		{
			"name": "iron_trapdoor",
			"origin": [8, 8, 8],
			"color": 0,
			"children": [
				0,
				1,
				2,
				3,
				{
					"name": "iron_trapdoor",
					"origin": [8, 8, 8],
					"color": 0,
					"children": [4, 5, 6, 7, 8, 9, 10, 11, 12]
				},
				{
					"name": "iron_trapdoor",
					"origin": [8, 8, 8],
					"color": 0,
					"children": [13, 14, 15, 16]
				}
			]
		}
	]
}