{
	"credit": "Yuushya",
	"ambientocclusion": false,
	"textures": {
		"0": "block/iron_bars",
		"1": "block/iron_bar",
		"particle": "block/iron_bar"
	},
	"elements": [
		{
			"name": "Bar1",
			"from": [7, 0, 12],
			"to": [9, 16, 14],
			"faces": {
				"north": {"uv": [7, 0, 9, 16], "texture": "#0"},
				"east": {"uv": [2, 0, 4, 16], "texture": "#0"},
				"south": {"uv": [7, 0, 9, 16], "texture": "#0"},
				"west": {"uv": [12, 0, 14, 16], "texture": "#0"},
				"up": {"uv": [7, 2, 9, 4], "texture": "#0"},
				"down": {"uv": [8, 3, 9, 4], "texture": "#0"}
			}
		},
		{
			"name": "Bar",
			"from": [7, 0, 7],
			"to": [9, 16, 9],
			"faces": {
				"north": {"uv": [7, 0, 9, 16], "texture": "#0"},
				"east": {"uv": [7, 0, 9, 16], "texture": "#0"},
				"south": {"uv": [7, 0, 9, 16], "texture": "#0"},
				"west": {"uv": [7, 0, 9, 16], "texture": "#0"},
				"up": {"uv": [7, 2, 9, 4], "texture": "#0"},
				"down": {"uv": [8, 3, 9, 4], "texture": "#0"}
			}
		},
		{
			"name": "Top",
			"from": [6, 11.98, 8],
			"to": [10, 13.98, 16],
			"faces": {
				"east": {"uv": [0, 2, 8, 4], "texture": "#0"},
				"south": {"uv": [4, 2, 6, 4], "texture": "#0"},
				"west": {"uv": [8, 2, 16, 4], "texture": "#0"},
				"up": {"uv": [3, 5, 7, 13], "texture": "#1"},
				"down": {"uv": [9, 2, 13, 10], "texture": "#1"}
			}
		}
	]
}