{
	"credit": "Yuushya",
	"ambientocclusion": false,
	"textures": {
		"0": "block/iron_bars"
	},
	"elements": [
		{
			"name": "Cube",
			"from": [7, 0, 8],
			"to": [9, 16, 9],
			"faces": {
				"north": {"uv": [7, 0, 9, 16], "texture": "#0"},
				"east": {"uv": [7, 0, 8, 16], "texture": "#0"},
				"south": {"uv": [7, 0, 9, 16], "texture": "#0"},
				"west": {"uv": [8, 0, 9, 16], "texture": "#0"},
				"up": {"uv": [7, 3, 9, 4], "texture": "#0"},
				"down": {"uv": [8, 3, 9, 4], "texture": "#0"}
			}
		}
	]
}