{
	"credit": "Yuushya",
	"ambientocclusion": false,
	"textures": {
		"0": "block/iron_bars",
		"1": "block/iron_bar",
		"particle": "block/iron_bar"
	},
	"elements": [
		{
			"name": "Bar",
			"from": [7, 0, 7],
			"to": [9, 16, 9],
			"faces": {
				"north": {"uv": [7, 0, 9, 16], "texture": "#0"},
				"east": {"uv": [7, 0, 9, 16], "texture": "#0"},
				"south": {"uv": [7, 0, 9, 16], "texture": "#0"},
				"west": {"uv": [7, 0, 9, 16], "texture": "#0"},
				"up": {"uv": [7, 2, 9, 4], "texture": "#0"},
				"down": {"uv": [8, 3, 9, 4], "texture": "#0"}
			}
		},
		{
			"name": "Bar1",
			"from": [7, 0, 2],
			"to": [9, 16, 4],
			"faces": {
				"north": {"uv": [7, 0, 9, 16], "texture": "#0"},
				"east": {"uv": [12, 0, 14, 16], "texture": "#0"},
				"south": {"uv": [7, 0, 9, 16], "texture": "#0"},
				"west": {"uv": [2, 0, 4, 16], "texture": "#0"},
				"up": {"uv": [7, 2, 9, 4], "texture": "#0"},
				"down": {"uv": [8, 3, 9, 4], "texture": "#0"}
			}
		},
		{
			"name": "Top",
			"from": [6, 12, 2],
			"to": [10, 14, 6],
			"faces": {
				"north": {"uv": [10, 2, 14, 4], "texture": "#0"},
				"east": {"uv": [8, 2, 12, 4], "texture": "#0"},
				"west": {"uv": [0, 2, 4, 4], "texture": "#0"},
				"up": {"uv": [3, 2, 7, 6], "texture": "#1"},
				"down": {"uv": [9, 2, 13, 6], "texture": "#1"}
			}
		},
		{
			"name": "Top",
			"from": [6, 12.02, 0],
			"to": [10, 14.02, 2],
			
			"faces": {
				"north": {"uv": [10, 2, 14, 4], "texture": "#0"},
				"east": {"uv": [8, 2, 10, 4], "texture": "#0"},
				"west": {"uv": [0, 2, 2, 4], "texture": "#0"},
				"up": {"uv": [3, 2, 7, 4], "texture": "#1"},
				"down": {"uv": [9, 2, 13, 4], "texture": "#1"}
			}
		},
		{
			"name": "Top",
			"from": [6, 12.02, 6],
			"to": [10, 14.02, 8],
			"faces": {
				"north": {"uv": [10, 2, 14, 4], "texture": "#0"},
				"east": {"uv": [8, 2, 10, 4], "texture": "#0"},
				"west": {"uv": [0, 2, 2, 4], "texture": "#0"},
				"up": {"uv": [3, 2, 7, 4], "texture": "#1"},
				"down": {"uv": [9, 2, 13, 4], "texture": "#1"}
			}
		}
	]
}