{
	"credit": "Yuushya",
	"parent": "minecraft:block/template_item_frame",
	"textures": {
		"3": "block/anvil",
		"particle": "block/anvil"
	},
	"elements": [
		{
			"from": [7, 7, 15.9],
			"to": [9, 9, 16],
			"faces": {
				"north": {"uv": [14, 3, 16, 5], "texture": "#3"},
				"east": {"uv": [0, 0, 0.1, 2], "texture": "#3"},
				"south": {"uv": [4, 13, 6, 15], "texture": "#3"},
				"west": {"uv": [0, 0, 0.1, 2], "texture": "#3"},
				"up": {"uv": [0, 0, 2, 0.1], "texture": "#3"},
				"down": {"uv": [0, 0, 2, 0.1], "texture": "#3"}
			}
		}
	],
	"display": {
		"thirdperson_righthand": {
			"rotation": [75, 45, 0],
			"translation": [0, 2.5, 0],
			"scale": [0.375, 0.375, 0.375]
		},
		"thirdperson_lefthand": {
			"rotation": [75, 45, 0],
			"translation": [0, 2.5, 0],
			"scale": [0.375, 0.375, 0.375]
		},
		"firstperson_righthand": {
			"rotation": [0, 45, 0],
			"scale": [0.4, 0.4, 0.4]
		},
		"firstperson_lefthand": {
			"rotation": [0, 225, 0],
			"scale": [0.4, 0.4, 0.4]
		},
		"ground": {
			"translation": [0, 3, 0],
			"scale": [0.25, 0.25, 0.25]
		},
		"gui": {
			"rotation": [30, 225, 0],
			"scale": [0.625, 0.625, 0.625]
		},
		"fixed": {
			"scale": [0.5, 0.5, 0.5]
		}
	}
}