{
	"credit": "Yuushya",
	"textures": {
		"2": "block/jungle_fence_post",
		"particle": "block/jungle_fence_post"
	},
	"elements": [
		{
			"from": [6, 0, 6],
			"to": [10, 10, 10],
			
			"faces": {
				"north": {"uv": [12, 6, 16, 16], "texture": "#2"},
				"east": {"uv": [12, 6, 16, 16], "texture": "#2"},
				"south": {"uv": [12, 6, 16, 16], "texture": "#2"},
				"west": {"uv": [12, 6, 16, 16], "texture": "#2"},
				"up": {"uv": [12, 15, 13, 16], "texture": "#2"},
				"down": {"uv": [0, 0, 4, 4], "texture": "#2"}
			}
		},
		{
			"from": [6, 12, 6],
			"to": [10, 16, 10],
			
			"faces": {
				"north": {"uv": [0, 0, 4, 4], "texture": "#2"},
				"east": {"uv": [0, 0, 4, 4], "texture": "#2"},
				"south": {"uv": [0, 0, 4, 4], "texture": "#2"},
				"west": {"uv": [0, 0, 4, 4], "texture": "#2"},
				"up": {"uv": [0, 0, 4, 4], "texture": "#2"},
				"down": {"uv": [0, 0, 4, 4], "texture": "#2"}
			}
		},
		{
			"from": [6.5, 10, 6.5],
			"to": [9.5, 12, 9.5],
			
			"faces": {
				"north": {"uv": [0, 7, 3, 9], "texture": "#2"},
				"east": {"uv": [0, 7, 3, 9], "texture": "#2"},
				"south": {"uv": [0, 7, 3, 9], "texture": "#2"},
				"west": {"uv": [0, 7, 3, 9], "texture": "#2"},
				"up": {"uv": [0, 0, 3, 3], "texture": "#2"},
				"down": {"uv": [0, 0, 3, 3], "texture": "#2"}
			}
		}
	]
}