{
	"credit": "Yuushya",
	"parent": "block/template_fence_gate_open",
	"textures": {
		"texture": "block/jungle_fence_gate"
	},
	"elements": [
		{
			"from": [14.5, 0, 14.5],
			"to": [16.5, 14, 16.5],
			
			"faces": {
				"north": {"uv": [8, 2, 10, 16], "texture": "#texture"},
				"east": {"uv": [8, 2, 10, 16], "texture": "#texture"},
				"south": {"uv": [8, 2, 10, 16], "texture": "#texture"},
				"west": {"uv": [8, 2, 10, 16], "texture": "#texture"},
				"up": {"uv": [9, 0, 11, 2], "rotation": 270, "texture": "#texture"},
				"down": {"uv": [9, 0, 11, 2], "rotation": 90, "texture": "#texture"}
			}
		},
		{
			"from": [-1, 0, 6.6],
			"to": [2, 15.9, 9.6],
			
			"faces": {
				"north": {"uv": [7, 0, 10, 16], "texture": "#texture"},
				"east": {"uv": [7, 0, 10, 16], "texture": "#texture"},
				"south": {"uv": [7, 0, 10, 16], "texture": "#texture"},
				"west": {"uv": [7, 0, 10, 16], "texture": "#texture"},
				"up": {"uv": [7, 0, 10, 3], "texture": "#texture"},
				"down": {"uv": [7, 0, 10, 3], "rotation": 90, "texture": "#texture"}
			}
		},
		{
			"from": [14, 0, 6.4],
			"to": [17, 16, 9.4],
			
			"faces": {
				"north": {"uv": [7, 0, 10, 16], "texture": "#texture"},
				"east": {"uv": [7, 0, 10, 16], "texture": "#texture"},
				"south": {"uv": [7, 0, 10, 16], "texture": "#texture"},
				"west": {"uv": [7, 0, 10, 16], "texture": "#texture"},
				"up": {"uv": [7, 0, 10, 3], "texture": "#texture"},
				"down": {"uv": [7, 0, 10, 3], "texture": "#texture"}
			}
		},
		{
			"from": [14, 0, 10.5],
			"to": [17, 15, 13.5],
			
			"faces": {
				"north": {"uv": [7, 1, 10, 16], "texture": "#texture"},
				"east": {"uv": [7, 1, 10, 16], "texture": "#texture"},
				"south": {"uv": [7, 1, 10, 16], "texture": "#texture"},
				"west": {"uv": [7, 1, 10, 16], "texture": "#texture"},
				"up": {"uv": [7, 0, 10, 3], "rotation": 270, "texture": "#texture"},
				"down": {"uv": [7, 0, 10, 3], "rotation": 90, "texture": "#texture"}
			}
		},
		{
			"from": [14, 0, 17.5],
			"to": [17, 15, 20.5],
			
			"faces": {
				"north": {"uv": [7, 1, 10, 16], "texture": "#texture"},
				"east": {"uv": [7, 1, 10, 16], "texture": "#texture"},
				"south": {"uv": [7, 1, 10, 16], "texture": "#texture"},
				"west": {"uv": [7, 1, 10, 16], "texture": "#texture"},
				"up": {"uv": [7, 0, 10, 3], "rotation": 270, "texture": "#texture"},
				"down": {"uv": [7, 0, 10, 3], "rotation": 90, "texture": "#texture"}
			}
		},
		{
			"from": [15, 11, 9.3],
			"to": [16, 12, 19.5],
			
			"faces": {
				"north": {"uv": [7, 0, 10, 16], "texture": "#texture"},
				"east": {"uv": [0, 0, 10, 1], "texture": "#texture"},
				"south": {"uv": [7, 0, 10, 16], "texture": "#texture"},
				"west": {"uv": [0, 0, 10, 1], "texture": "#texture"},
				"up": {"uv": [6, 0, 16, 1], "rotation": 270, "texture": "#texture"},
				"down": {"uv": [6, 0, 16, 1], "rotation": 90, "texture": "#texture"}
			}
		},
		{
			"from": [15, 4, 9.3],
			"to": [16, 5, 19.5],
			
			"faces": {
				"north": {"uv": [7, 0, 10, 16], "texture": "#texture"},
				"east": {"uv": [0, 0, 10, 1], "texture": "#texture"},
				"south": {"uv": [7, 0, 10, 16], "texture": "#texture"},
				"west": {"uv": [0, 0, 10, 1], "texture": "#texture"},
				"up": {"uv": [6, 0, 16, 1], "rotation": 270, "texture": "#texture"},
				"down": {"uv": [6, 0, 16, 1], "rotation": 90, "texture": "#texture"}
			}
		}
	]
}