{
	"credit": "Yuushya",
	"parent": "block/template_fence_gate",
	"textures": {
		"1": "block/jungle_fence_gate",
		"particle": "block/jungle_fence_gate"
	},
	"elements": [
		{
			"from": [-1, 0, 6.52],
			"to": [2, 15.9, 9.52],
			
			"faces": {
				"north": {"uv": [7, 0, 10, 16], "texture": "#1"},
				"east": {"uv": [7, 0, 10, 16], "texture": "#1"},
				"south": {"uv": [7, 0, 10, 16], "texture": "#1"},
				"west": {"uv": [7, 0, 10, 16], "texture": "#1"},
				"up": {"uv": [7, 0, 10, 3], "texture": "#1"},
				"down": {"uv": [7, 0, 10, 3], "texture": "#1"}
			}
		},
		{
			"from": [14, 0, 6.4],
			"to": [17, 16, 9.4],
			
			"faces": {
				"north": {"uv": [7, 0, 10, 16], "texture": "#1"},
				"east": {"uv": [7, 0, 10, 16], "texture": "#1"},
				"south": {"uv": [7, 0, 10, 16], "texture": "#1"},
				"west": {"uv": [7, 0, 10, 16], "texture": "#1"},
				"up": {"uv": [7, 0, 10, 3], "texture": "#1"},
				"down": {"uv": [7, 0, 10, 3], "texture": "#1"}
			}
		},
		{
			"from": [10, 0, 6.5],
			"to": [13, 15, 9.5],
			
			"faces": {
				"north": {"uv": [7, 1, 10, 16], "texture": "#1"},
				"east": {"uv": [7, 1, 10, 16], "texture": "#1"},
				"south": {"uv": [7, 1, 10, 16], "texture": "#1"},
				"west": {"uv": [7, 1, 10, 16], "texture": "#1"},
				"up": {"uv": [7, 0, 10, 3], "texture": "#1"},
				"down": {"uv": [7, 0, 10, 3], "texture": "#1"}
			}
		},
		{
			"from": [3, 0, 6.5],
			"to": [6, 15, 9.5],
			
			"faces": {
				"north": {"uv": [7, 1, 10, 16], "texture": "#1"},
				"east": {"uv": [7, 1, 10, 16], "texture": "#1"},
				"south": {"uv": [7, 1, 10, 16], "texture": "#1"},
				"west": {"uv": [7, 1, 10, 16], "texture": "#1"},
				"up": {"uv": [7, 0, 10, 3], "texture": "#1"},
				"down": {"uv": [7, 0, 10, 3], "texture": "#1"}
			}
		},
		{
			"from": [7, 0, 7],
			"to": [9, 14, 9],
			
			"faces": {
				"north": {"uv": [8, 2, 10, 16], "texture": "#1"},
				"east": {"uv": [8, 2, 10, 16], "texture": "#1"},
				"south": {"uv": [8, 2, 10, 16], "texture": "#1"},
				"west": {"uv": [8, 2, 10, 16], "texture": "#1"},
				"up": {"uv": [9, 0, 11, 2], "texture": "#1"},
				"down": {"uv": [9, 0, 11, 2], "texture": "#1"}
			}
		},
		{
			"from": [2, 4, 7.5],
			"to": [14, 5, 8.5],
			
			"faces": {
				"north": {"uv": [0, 0, 12, 1], "texture": "#1"},
				"east": {"uv": [7, 0, 10, 16], "texture": "#1"},
				"south": {"uv": [0, 0, 12, 1], "texture": "#1"},
				"west": {"uv": [7, 0, 10, 16], "texture": "#1"},
				"up": {"uv": [7, 0, 10, 3], "texture": "#1"},
				"down": {"uv": [7, 0, 10, 3], "texture": "#1"}
			}
		},
		{
			"from": [2, 11, 7.5],
			"to": [14, 12, 8.5],
			
			"faces": {
				"north": {"uv": [0, 0, 12, 1], "texture": "#1"},
				"east": {"uv": [7, 0, 10, 16], "texture": "#1"},
				"south": {"uv": [0, 0, 12, 1], "texture": "#1"},
				"west": {"uv": [7, 0, 10, 16], "texture": "#1"},
				"up": {"uv": [7, 0, 10, 3], "texture": "#1"},
				"down": {"uv": [7, 0, 10, 3], "texture": "#1"}
			}
		}
	]
}