{
	"credit": "Yuushya",
	"ambientocclusion": false,
	"textures": {
		"1": "block/oak_crate",
		"particle": "block/oak_crate",
		"texture": "block/oak_door_bottom"
	},
	"elements": [
		{
			"from": [1, 3, 14],
			"to": [15, 5, 16],
			
			"faces": {
				"north": {"uv": [1, 14, 15, 16], "texture": "#1"},
				"east": {"uv": [1, 14, 3, 16], "texture": "#1"},
				"south": {"uv": [1, 14, 3, 16], "texture": "#1"},
				"west": {"uv": [1, 14, 3, 16], "texture": "#1"},
				"up": {"uv": [1, 14, 15, 16], "texture": "#1"},
				"down": {"uv": [1, 0, 15, 2], "texture": "#1"}
			}
		},
		{
			"from": [1, 11, 14],
			"to": [15, 13, 16],
			
			"faces": {
				"north": {"uv": [2, 6, 16, 8], "texture": "#1"},
				"east": {"uv": [1, 14, 3, 16], "texture": "#1"},
				"south": {"uv": [1, 14, 3, 16], "texture": "#1"},
				"west": {"uv": [1, 14, 3, 16], "texture": "#1"},
				"up": {"uv": [1, 14, 15, 16], "texture": "#1"},
				"down": {"uv": [1, 0, 15, 2], "texture": "#1"}
			}
		},
		{
			"from": [2, 13, 15],
			"to": [4, 16, 16],
			
			"faces": {
				"north": {"uv": [14, 13, 16, 16], "texture": "#texture"},
				"east": {"uv": [15, 0, 16, 3], "texture": "#texture"},
				"south": {"uv": [1, 13, 2, 16], "texture": "#texture"},
				"west": {"uv": [15, 0, 16, 3], "texture": "#texture"},
				"up": {"uv": [0, 0, 2, 0], "texture": "#texture"},
				"down": {"uv": [0, 0, 2, 0], "texture": "#texture"}
			}
		},
		{
			"from": [2, 8, 15],
			"to": [4, 11, 16],
			
			"faces": {
				"north": {"uv": [14, 13, 16, 16], "texture": "#texture"},
				"east": {"uv": [15, 0, 16, 3], "texture": "#texture"},
				"south": {"uv": [1, 13, 2, 16], "texture": "#texture"},
				"west": {"uv": [15, 0, 16, 3], "texture": "#texture"},
				"up": {"uv": [0, 0, 2, 0], "texture": "#texture"},
				"down": {"uv": [0, 0, 2, 0], "texture": "#texture"}
			}
		},
		{
			"from": [2, 5, 15],
			"to": [4, 8, 16],
			
			"faces": {
				"north": {"uv": [14, 0, 16, 3], "texture": "#texture"},
				"east": {"uv": [15, 0, 16, 3], "texture": "#texture"},
				"south": {"uv": [1, 13, 2, 16], "texture": "#texture"},
				"west": {"uv": [15, 0, 16, 3], "texture": "#texture"},
				"up": {"uv": [0, 0, 2, 0], "texture": "#texture"},
				"down": {"uv": [0, 0, 2, 0], "texture": "#texture"}
			}
		},
		{
			"from": [2, 0, 15],
			"to": [4, 3, 16],
			
			"faces": {
				"north": {"uv": [14, 13, 16, 16], "texture": "#texture"},
				"east": {"uv": [15, 0, 16, 3], "texture": "#texture"},
				"south": {"uv": [1, 13, 2, 16], "texture": "#texture"},
				"west": {"uv": [15, 0, 16, 3], "texture": "#texture"},
				"up": {"uv": [0, 0, 2, 0], "texture": "#texture"},
				"down": {"uv": [0, 0, 2, 0], "texture": "#texture"}
			}
		},
		{
			"from": [12, 13, 15],
			"to": [14, 16, 16],
			
			"faces": {
				"north": {"uv": [14, 13, 16, 16], "texture": "#texture"},
				"east": {"uv": [15, 0, 16, 3], "texture": "#texture"},
				"south": {"uv": [1, 13, 2, 16], "texture": "#texture"},
				"west": {"uv": [15, 0, 16, 3], "texture": "#texture"},
				"up": {"uv": [0, 0, 2, 0], "texture": "#texture"},
				"down": {"uv": [0, 0, 2, 0], "texture": "#texture"}
			}
		},
		{
			"from": [12, 8, 15],
			"to": [14, 11, 16],
			
			"faces": {
				"north": {"uv": [14, 13, 16, 16], "texture": "#texture"},
				"east": {"uv": [15, 0, 16, 3], "texture": "#texture"},
				"south": {"uv": [1, 13, 2, 16], "texture": "#texture"},
				"west": {"uv": [15, 0, 16, 3], "texture": "#texture"},
				"up": {"uv": [0, 0, 2, 0], "texture": "#texture"},
				"down": {"uv": [0, 0, 2, 0], "texture": "#texture"}
			}
		},
		{
			"from": [12, 5, 15],
			"to": [14, 8, 16],
			
			"faces": {
				"north": {"uv": [14, 0, 16, 3], "texture": "#texture"},
				"east": {"uv": [15, 0, 16, 3], "texture": "#texture"},
				"south": {"uv": [1, 13, 2, 16], "texture": "#texture"},
				"west": {"uv": [15, 0, 16, 3], "texture": "#texture"},
				"up": {"uv": [0, 0, 2, 0], "texture": "#texture"},
				"down": {"uv": [0, 0, 2, 0], "texture": "#texture"}
			}
		},
		{
			"from": [12, 0, 15],
			"to": [14, 3, 16],
			
			"faces": {
				"north": {"uv": [14, 13, 16, 16], "texture": "#texture"},
				"east": {"uv": [15, 0, 16, 3], "texture": "#texture"},
				"south": {"uv": [1, 13, 2, 16], "texture": "#texture"},
				"west": {"uv": [15, 0, 16, 3], "texture": "#texture"},
				"up": {"uv": [0, 0, 2, 0], "texture": "#texture"},
				"down": {"uv": [0, 0, 2, 0], "texture": "#texture"}
			}
		}
	],
	"display": {
		"thirdperson_righthand": {
			"rotation": [75, 45, 0],
			"translation": [0, 2.5, 0],
			"scale": [0.375, 0.375, 0.375]
		},
		"thirdperson_lefthand": {
			"rotation": [75, 45, 0],
			"translation": [0, 2.5, 0],
			"scale": [0.375, 0.375, 0.375]
		},
		"firstperson_righthand": {
			"rotation": [0, 45, 0],
			"scale": [0.4, 0.4, 0.4]
		},
		"firstperson_lefthand": {
			"rotation": [0, 225, 0],
			"scale": [0.4, 0.4, 0.4]
		},
		"ground": {
			"translation": [0, 3, 0],
			"scale": [0.25, 0.25, 0.25]
		},
		"gui": {
			"rotation": [20, 225, 0],
			"translation": [4, -0.75, 0],
			"scale": [0.8, 0.8, 0.8]
		},
		"fixed": {
			"scale": [0.5, 0.5, 0.5]
		}
	}
}