{
	"credit": "Yuushya",
	"textures": {
		"0": "block/amethyst_",
		"particle": "block/amethyst_"
	},
	"elements": [
		{
			"from": [7, 0, 4],
			"to": [10, 11, 7],
			
			"faces": {
				"north": {"uv": [9, 3, 12, 14], "texture": "#0"},
				"east": {"uv": [9, 3, 12, 14], "texture": "#0"},
				"south": {"uv": [9, 3, 12, 14], "texture": "#0"},
				"west": {"uv": [9, 3, 12, 14], "texture": "#0"},
				"up": {"uv": [9, 3, 12, 6], "texture": "#0"},
				"down": {"uv": [12, 0, 15, 3], "texture": "#0"}
			}
		},
		{
			"from": [6, 0, 9],
			"to": [9, 11, 12],
			
			"faces": {
				"north": {"uv": [9, 3, 12, 14], "texture": "#0"},
				"east": {"uv": [9, 3, 12, 14], "texture": "#0"},
				"south": {"uv": [9, 3, 12, 14], "texture": "#0"},
				"west": {"uv": [9, 3, 12, 14], "texture": "#0"},
				"up": {"uv": [9, 3, 12, 6], "texture": "#0"},
				"down": {"uv": [12, 0, 15, 3], "texture": "#0"}
			}
		},
		{
			"from": [4, 0, 7],
			"to": [7, 9, 10],
			
			"faces": {
				"north": {"uv": [6, 5, 9, 14], "texture": "#0"},
				"east": {"uv": [6, 5, 9, 14], "texture": "#0"},
				"south": {"uv": [6, 5, 9, 14], "texture": "#0"},
				"west": {"uv": [6, 5, 9, 14], "texture": "#0"},
				"up": {"uv": [6, 5, 9, 8], "texture": "#0"},
				"down": {"uv": [12, 0, 15, 3], "texture": "#0"}
			}
		},
		{
			"from": [4, 0, 12],
			"to": [7, 8, 15],
			
			"faces": {
				"north": {"uv": [3, 6, 6, 14], "texture": "#0"},
				"east": {"uv": [3, 6, 6, 14], "texture": "#0"},
				"south": {"uv": [3, 6, 6, 14], "texture": "#0"},
				"west": {"uv": [3, 6, 6, 14], "texture": "#0"},
				"up": {"uv": [3, 6, 6, 9], "texture": "#0"},
				"down": {"uv": [12, 0, 15, 3], "texture": "#0"}
			}
		},
		{
			"from": [3, 0, 3],
			"to": [6, 8, 6],
			
			"faces": {
				"north": {"uv": [3, 6, 6, 14], "texture": "#0"},
				"east": {"uv": [3, 6, 6, 14], "texture": "#0"},
				"south": {"uv": [3, 6, 6, 14], "texture": "#0"},
				"west": {"uv": [3, 6, 6, 14], "texture": "#0"},
				"up": {"uv": [3, 6, 6, 9], "texture": "#0"},
				"down": {"uv": [12, 0, 15, 3], "texture": "#0"}
			}
		},
		{
			"from": [10, 0, 11],
			"to": [13, 6, 14],
			
			"faces": {
				"north": {"uv": [0, 8, 3, 14], "texture": "#0"},
				"east": {"uv": [0, 8, 3, 14], "texture": "#0"},
				"south": {"uv": [0, 8, 3, 14], "texture": "#0"},
				"west": {"uv": [0, 8, 3, 14], "texture": "#0"},
				"up": {"uv": [0, 8, 3, 11], "texture": "#0"},
				"down": {"uv": [0, 8, 3, 11], "texture": "#0"}
			}
		},
		{
			"from": [1, 0, 6],
			"to": [4, 6, 9],
			
			"faces": {
				"north": {"uv": [0, 8, 3, 14], "texture": "#0"},
				"east": {"uv": [0, 8, 3, 14], "texture": "#0"},
				"south": {"uv": [0, 8, 3, 14], "texture": "#0"},
				"west": {"uv": [0, 8, 3, 14], "texture": "#0"},
				"up": {"uv": [0, 8, 3, 11], "texture": "#0"},
				"down": {"uv": [0, 8, 3, 11], "texture": "#0"}
			}
		},
		{
			"from": [6, 0, 1],
			"to": [9, 6, 4],
			
			"faces": {
				"north": {"uv": [0, 8, 3, 14], "texture": "#0"},
				"east": {"uv": [0, 8, 3, 14], "texture": "#0"},
				"south": {"uv": [0, 8, 3, 14], "texture": "#0"},
				"west": {"uv": [0, 8, 3, 14], "texture": "#0"},
				"up": {"uv": [0, 8, 3, 11], "texture": "#0"},
				"down": {"uv": [0, 8, 3, 11], "texture": "#0"}
			}
		},
		{
			"from": [12, 0, 5],
			"to": [15, 6, 8],
			
			"faces": {
				"north": {"uv": [0, 8, 3, 14], "texture": "#0"},
				"east": {"uv": [0, 8, 3, 14], "texture": "#0"},
				"south": {"uv": [0, 8, 3, 14], "texture": "#0"},
				"west": {"uv": [0, 8, 3, 14], "texture": "#0"},
				"up": {"uv": [0, 8, 3, 11], "texture": "#0"},
				"down": {"uv": [0, 8, 3, 11], "texture": "#0"}
			}
		},
		{
			"from": [9, 0, 7],
			"to": [12, 7, 10],
			
			"faces": {
				"north": {"uv": [3, 6, 6, 13], "texture": "#0"},
				"east": {"uv": [3, 6, 6, 13], "texture": "#0"},
				"south": {"uv": [3, 6, 6, 13], "texture": "#0"},
				"west": {"uv": [3, 6, 6, 13], "texture": "#0"},
				"up": {"uv": [3, 6, 6, 9], "texture": "#0"},
				"down": {"uv": [12, 0, 15, 3], "texture": "#0"}
			}
		},
		{
			"from": [9, 0, 2],
			"to": [12, 9, 5],
			
			"faces": {
				"north": {"uv": [6, 5, 9, 14], "texture": "#0"},
				"east": {"uv": [6, 5, 9, 14], "texture": "#0"},
				"south": {"uv": [6, 5, 9, 14], "texture": "#0"},
				"west": {"uv": [6, 5, 9, 14], "texture": "#0"},
				"up": {"uv": [6, 5, 9, 8], "texture": "#0"},
				"down": {"uv": [12, 0, 15, 3], "texture": "#0"}
			}
		}
	],
	"display": {
		"thirdperson_righthand": {
			"rotation": [75, 45, 0],
			"translation": [0, 2.5, 0],
			"scale": [0.375, 0.375, 0.375]
		},
		"thirdperson_lefthand": {
			"rotation": [75, 45, 0],
			"translation": [0, 2.5, 0],
			"scale": [0.375, 0.375, 0.375]
		},
		"firstperson_righthand": {
			"rotation": [0, 45, 0],
			"scale": [0.4, 0.4, 0.4]
		},
		"firstperson_lefthand": {
			"rotation": [0, 225, 0],
			"scale": [0.4, 0.4, 0.4]
		},
		"ground": {
			"translation": [0, 3, 0],
			"scale": [0.25, 0.25, 0.25]
		},
		"gui": {
			"rotation": [30, 225, 0],
			"scale": [0.7, 0.7, 0.7]
		},
		"fixed": {
			"scale": [0.5, 0.5, 0.5]
		}
	}
}