{
	"credit": "Yuushya",
	"textures": {
		"0": "block/lodestone_side",
		"1": "block/lodestone_top",
		"particle": "block/lodestone_side"
	},
	"elements": [
		{
			"from": [0, 14, 0],
			"to": [16, 16, 16],
			"faces": {
				"north": {"uv": [0, 0, 16, 2], "texture": "#0", "cullface": "north"},
				"east": {"uv": [0, 0, 16, 2], "texture": "#0", "cullface": "east"},
				"south": {"uv": [0, 0, 16, 2], "texture": "#0", "cullface": "south"},
				"west": {"uv": [0, 0, 16, 2], "texture": "#0", "cullface": "west"},
				"up": {"uv": [0, 0, 16, 16], "texture": "#1", "cullface": "up"},
				"down": {"uv": [0, 0, 16, 16], "texture": "#0"}
			}
		},
		{
			"from": [0, 0, 0],
			"to": [16, 2, 16],
			
			"faces": {
				"north": {"uv": [0, 14, 16, 16], "texture": "#0", "cullface": "north"},
				"east": {"uv": [0, 14, 16, 16], "texture": "#0", "cullface": "east"},
				"south": {"uv": [0, 14, 16, 16], "texture": "#0", "cullface": "south"},
				"west": {"uv": [0, 14, 16, 16], "texture": "#0", "cullface": "west"},
				"up": {"uv": [0, 0, 16, 16], "texture": "#0"},
				"down": {"uv": [0, 0, 16, 16], "texture": "#0", "cullface": "down"}
			}
		},
		{
			"from": [0, 2, 0],
			"to": [2, 14, 2],
			
			"faces": {
				"north": {"uv": [14, 2, 16, 14], "texture": "#0", "cullface": "north"},
				"east": {"uv": [0, 2, 2, 14], "texture": "#0", "cullface": "north"},
				"south": {"uv": [14, 2, 16, 14], "texture": "#0", "cullface": "west"},
				"west": {"uv": [0, 2, 2, 14], "texture": "#0", "cullface": "west"}
			}
		},
		{
			"from": [0, 2, 14],
			"to": [2, 14, 16],
			
			"faces": {
				"north": {"uv": [0, 2, 2, 14], "texture": "#0", "cullface": "west"},
				"east": {"uv": [14, 2, 16, 14], "texture": "#0", "cullface": "west"},
				"south": {"uv": [0, 2, 2, 14], "texture": "#0", "cullface": "south"},
				"west": {"uv": [14, 2, 16, 14], "texture": "#0", "cullface": "west"}
			}
		},
		{
			"from": [14, 2, 0],
			"to": [16, 14, 2],
			
			"faces": {
				"north": {"uv": [0, 2, 2, 14], "texture": "#0", "cullface": "north"},
				"east": {"uv": [14, 2, 16, 14], "texture": "#0", "cullface": "east"},
				"south": {"uv": [0, 2, 2, 14], "texture": "#0", "cullface": "east"},
				"west": {"uv": [14, 2, 16, 14], "texture": "#0", "cullface": "north"}
			}
		},
		{
			"from": [14, 2, 14],
			"to": [16, 14, 16],
			
			"faces": {
				"north": {"uv": [14, 2, 16, 14], "texture": "#0", "cullface": "east"},
				"east": {"uv": [0, 2, 2, 14], "texture": "#0", "cullface": "east"},
				"south": {"uv": [14, 2, 16, 14], "texture": "#0", "cullface": "south"},
				"west": {"uv": [0, 2, 2, 14], "texture": "#0", "cullface": "west"}
			}
		},
		{
			"from": [1, 2, 1],
			"to": [15, 14, 15],
			
			"faces": {
				"north": {"uv": [1, 2, 15, 14], "texture": "#0", "cullface": "north"},
				"east": {"uv": [1, 2, 15, 14], "texture": "#0", "cullface": "east"},
				"south": {"uv": [1, 2, 15, 14], "texture": "#0", "cullface": "south"},
				"west": {"uv": [1, 2, 15, 14], "texture": "#0", "cullface": "west"}
			}
		}
	],
	"display": {
		"thirdperson_righthand": {
			"rotation": [75, 45, 0],
			"translation": [0, 2.5, 0],
			"scale": [0.375, 0.375, 0.375]
		},
		"thirdperson_lefthand": {
			"rotation": [75, 45, 0],
			"translation": [0, 2.5, 0],
			"scale": [0.375, 0.375, 0.375]
		},
		"firstperson_righthand": {
			"rotation": [0, 45, 0],
			"scale": [0.4, 0.4, 0.4]
		},
		"firstperson_lefthand": {
			"rotation": [0, 225, 0],
			"scale": [0.4, 0.4, 0.4]
		},
		"ground": {
			"translation": [0, 3, 0],
			"scale": [0.25, 0.25, 0.25]
		},
		"gui": {
			"rotation": [30, 225, 0],
			"scale": [0.625, 0.625, 0.625]
		},
		"fixed": {
			"scale": [0.5, 0.5, 0.5]
		}
	}
}