{
	"credit": "Yuushya",
	"textures": {
		"0": "block/raw_oak_wood_sides",
		"1": "block/white_wool",
		"2": "block/blue_wool",
		"3": "block/smooth_stonetile",
		"particle": "block/raw_oak_wood_sides"
	},
	"elements": [
		{
			"from": [0, 0, 0],
			"to": [16, 1, 16],
			
			"faces": {
				"north": {"uv": [16, 15, 0, 16], "texture": "#0", "cullface": "north"},
				"east": {"uv": [16, 15, 0, 16], "texture": "#0", "cullface": "east"},
				"south": {"uv": [16, 15, 0, 16], "texture": "#0", "cullface": "south"},
				"west": {"uv": [16, 15, 0, 16], "texture": "#0", "cullface": "west"},
				"up": {"uv": [0, 16, 16, 0], "texture": "#0", "cullface": "north"},
				"down": {"uv": [0, 16, 16, 0], "texture": "#0", "cullface": "down"}
			}
		},
		{
			"from": [0, 14, 0],
			"to": [16, 16, 16],
			
			"faces": {
				"north": {"uv": [0, 0, 16, 2], "texture": "#3", "cullface": "north"},
				"east": {"uv": [0, 0, 16, 2], "texture": "#3", "cullface": "east"},
				"south": {"uv": [0, 0, 16, 2], "texture": "#3", "cullface": "south"},
				"west": {"uv": [0, 0, 16, 2], "texture": "#3", "cullface": "west"},
				"up": {"uv": [0, 0, 16, 16], "texture": "#3", "cullface": "up"},
				"down": {"uv": [0, 0, 16, 16], "texture": "#3", "cullface": "north"}
			}
		},
		{
			"from": [0, 1, 0],
			"to": [1, 14, 16],
			
			"faces": {
				"north": {"uv": [13, 4, 0, 5], "rotation": 90, "texture": "#0", "cullface": "north"},
				"east": {"uv": [16, 0, 0, 13], "texture": "#0", "cullface": "north"},
				"south": {"uv": [16, 0, 15, 13], "texture": "#0", "cullface": "south"},
				"west": {"uv": [16, 0, 0, 13], "texture": "#0", "cullface": "west"}
			}
		},
		{
			"from": [15, 1, 0],
			"to": [16, 14, 16],
			
			"faces": {
				"north": {"uv": [13, 4, 0, 5], "rotation": 90, "texture": "#0", "cullface": "north"},
				"east": {"uv": [16, 0, 0, 13], "texture": "#0", "cullface": "east"},
				"south": {"uv": [1, 0, 0, 13], "texture": "#0", "cullface": "south"},
				"west": {"uv": [16, 0, 0, 13], "texture": "#0", "cullface": "north"}
			}
		},
		{
			"from": [1, 1, 15],
			"to": [15, 14, 16],
			
			"faces": {
				"north": {"uv": [15, 0, 1, 13], "texture": "#0", "cullface": "north"},
				"south": {"uv": [15, 0, 1, 13], "texture": "#0", "cullface": "south"}
			}
		},
		{
			"from": [1, 1, 5],
			"to": [15, 9, 15],
			
			"faces": {
				"north": {"uv": [15, 4, 1, 12], "texture": "#2", "cullface": "north"},
				"up": {"uv": [1, 11, 15, 1], "texture": "#2", "cullface": "north"}
			}
		},
		{
			"from": [1, 10, 10],
			"to": [15, 14, 15],
			
			"faces": {
				"north": {"uv": [15, 2, 1, 6], "texture": "#0", "cullface": "north"},
				"down": {"uv": [1, 15, 15, 10], "texture": "#0", "cullface": "north"}
			}
		},
		{
			"from": [1, 10, 4],
			"to": [15, 12, 5],
			
			"faces": {
				"north": {"uv": [15, 3, 1, 5], "texture": "#0", "cullface": "north"},
				"up": {"uv": [1, 12, 15, 11], "texture": "#0", "cullface": "north"},
				"down": {"uv": [1, 5, 15, 4], "texture": "#0", "cullface": "north"}
			}
		},
		{
			"from": [1, 13, 5],
			"to": [15, 15, 15],
			
			"faces": {
				"north": {"uv": [15, 0, 1, 2], "texture": "#0", "cullface": "north"},
				"down": {"uv": [1, 15, 15, 5], "texture": "#0", "cullface": "north"}
			}
		},
		{
			"from": [1.5, 8.3, 4.7],
			"to": [2.5, 9.7, 4.7],
			"rotation": {"angle": -45, "axis": "x", "origin": [8, 9, 4]},
			"faces": {
				"north": {"uv": [13, 15, 12, 16], "texture": "#1", "cullface": "north"}
			}
		},
		{
			"from": [7.5, 8.3, 4.7],
			"to": [8.5, 9.7, 4.7],
			"rotation": {"angle": -45, "axis": "x", "origin": [8, 9, 4]},
			"faces": {
				"north": {"uv": [1, 0, 0, 1], "texture": "#2", "cullface": "north"}
			}
		},
		{
			"from": [5.5, 8.3, 4.7],
			"to": [6.5, 9.7, 4.7],
			"rotation": {"angle": -45, "axis": "x", "origin": [8, 9, 4]},
			"faces": {
				"north": {"uv": [8, 16, 9, 15], "texture": "#1", "cullface": "north"}
			}
		},
		{
			"from": [11.5, 8.3, 4.7],
			"to": [12.5, 9.7, 4.7],
			"rotation": {"angle": -45, "axis": "x", "origin": [8, 9, 4]},
			"faces": {
				"north": {"uv": [3, 15, 2, 16], "texture": "#2", "cullface": "north"}
			}
		},
		{
			"from": [3.5, 8.3, 4.7],
			"to": [4.5, 9.7, 4.7],
			"rotation": {"angle": -45, "axis": "x", "origin": [8, 9, 4]},
			"faces": {
				"north": {"uv": [11, 15, 10, 16], "texture": "#2", "cullface": "north"}
			}
		},
		{
			"from": [9.5, 8.3, 4.7],
			"to": [10.5, 9.7, 4.7],
			"rotation": {"angle": -45, "axis": "x", "origin": [8, 9, 4]},
			"faces": {
				"north": {"uv": [5, 15, 4, 16], "texture": "#1", "cullface": "north"}
			}
		},
		{
			"from": [13.5, 8.3, 4.7],
			"to": [14.5, 9.7, 4.7],
			"rotation": {"angle": -45, "axis": "x", "origin": [8, 9, 4]},
			"faces": {
				"north": {"uv": [1, 0, 0, 1], "texture": "#1", "cullface": "north"}
			}
		},
		{
			"from": [1.5, 10, 3.98],
			"to": [2.5, 15, 3.98],
			
			"faces": {
				"north": {"uv": [13, 0, 12, 5], "texture": "#1", "cullface": "north"}
			}
		},
		{
			"from": [3.5, 10, 3.98],
			"to": [4.5, 15, 3.98],
			
			"faces": {
				"north": {"uv": [11, 0, 10, 5], "texture": "#2", "cullface": "north"}
			}
		},
		{
			"from": [5.5, 10, 3.98],
			"to": [6.5, 15, 3.98],
			
			"faces": {
				"north": {"uv": [9, 0, 8, 5], "texture": "#1", "cullface": "north"}
			}
		},
		{
			"from": [13.5, 10, 3.98],
			"to": [14.5, 15, 3.98],
			
			"faces": {
				"north": {"uv": [1, 0, 0, 5], "texture": "#1", "cullface": "north"}
			}
		},
		{
			"from": [11.5, 10, 3.98],
			"to": [12.5, 15, 3.98],
			
			"faces": {
				"north": {"uv": [3, 0, 2, 5], "texture": "#2", "cullface": "north"}
			}
		},
		{
			"from": [9.5, 10, 3.98],
			"to": [10.5, 15, 3.98],
			
			"faces": {
				"north": {"uv": [5, 0, 4, 5], "texture": "#1", "cullface": "north"}
			}
		},
		{
			"from": [7.5, 10, 3.98],
			"to": [8.5, 15, 3.98],
			
			"faces": {
				"north": {"uv": [7, 0, 6, 5], "texture": "#2", "cullface": "north"}
			}
		},
		{
			"from": [1, 1, 1],
			"to": [10, 4, 4],
			
			"faces": {
				"north": {"uv": [9, 0, 0, 3], "texture": "#2", "cullface": "north"},
				"east": {"uv": [3, 0, 0, 3], "texture": "#2", "cullface": "north"},
				"up": {"uv": [0, 3, 9, 0], "texture": "#2", "cullface": "north"}
			}
		},
		{
			"from": [12, 1, 1],
			"to": [15, 10, 4],
			
			"faces": {
				"north": {"uv": [0, 3, 9, 0], "rotation": 90, "texture": "#1", "cullface": "north"},
				"west": {"uv": [0, 3, 9, 0], "rotation": 90, "texture": "#1", "cullface": "north"},
				"up": {"uv": [3, 0, 0, 3], "rotation": 90, "texture": "#1", "cullface": "north"}
			}
		},
		{
			"from": [3, 4, 2],
			"to": [10, 6, 4],
			
			"faces": {
				"north": {"uv": [7, 0, 0, 2], "texture": "#1", "cullface": "north"},
				"east": {"uv": [2, 0, 0, 2], "texture": "#1", "cullface": "north"},
				"west": {"uv": [2, 0, 0, 2], "texture": "#1", "cullface": "north"},
				"up": {"uv": [0, 2, 7, 0], "texture": "#1", "cullface": "north"}
			}
		}
	],
	"display": {
		"thirdperson_righthand": {
			"rotation": [75, 45, 0],
			"translation": [0, 2.5, 0],
			"scale": [0.375, 0.375, 0.375]
		},
		"thirdperson_lefthand": {
			"rotation": [75, 45, 0],
			"translation": [0, 2.5, 0],
			"scale": [0.375, 0.375, 0.375]
		},
		"firstperson_righthand": {
			"rotation": [0, 45, 0],
			"scale": [0.4, 0.4, 0.4]
		},
		"firstperson_lefthand": {
			"rotation": [0, 225, 0],
			"scale": [0.4, 0.4, 0.4]
		},
		"ground": {
			"translation": [0, 3, 0],
			"scale": [0.25, 0.25, 0.25]
		},
		"gui": {
			"rotation": [30, 225, 0],
			"scale": [0.625, 0.625, 0.625]
		},
		"fixed": {
			"scale": [0.5, 0.5, 0.5]
		}
	},
	"groups": [
		{
			"name": "BODY",
			"origin": [0, 0, 0],
			"color": 0,
			"children": [0, 1, 2, 3, 4, 5, 6, 7, 8]
		},
		9,
		10,
		11,
		12,
		13,
		14,
		15,
		16,
		17,
		18,
		19,
		20,
		21,
		22,
		23,
		24,
		25
	]
}