{
	"credit": "Yuushya",
	"parent": "block/thin_block",
	"textures": {
		"1": "block/mangrove_trapdoor",
		"particle": "block/mangrove_trapdoor"
	},
	"elements": [
		{
			"from": [0, 0, 11],
			"to": [16, 2, 16],
			
			"faces": {
				"north": {"uv": [0, 0, 16, 2], "texture": "#1"},
				"east": {"uv": [0, 0, 5, 2], "texture": "#1"},
				"south": {"uv": [0, 0, 16, 2], "texture": "#1"},
				"west": {"uv": [0, 0, 5, 2], "texture": "#1"},
				"up": {"uv": [0, 11, 16, 16], "texture": "#1"},
				"down": {"uv": [0, 0, 16, 5], "texture": "#1"}
			}
		},
		{
			"from": [0, 0, 0],
			"to": [16, 2, 5],
			"faces": {
				"north": {"uv": [0, 0, 16, 2], "texture": "#1"},
				"east": {"uv": [0, 0, 5, 2], "texture": "#1"},
				"south": {"uv": [0, 0, 16, 2], "texture": "#1"},
				"west": {"uv": [0, 0, 5, 2], "texture": "#1"},
				"up": {"uv": [0, 0, 16, 5], "texture": "#1"},
				"down": {"uv": [0, 11, 16, 16], "texture": "#1"}
			}
		},
		{
			"from": [0, 0, 5],
			"to": [5, 2, 11],
			
			"faces": {
				"north": {"uv": [0, 0, 5, 2], "texture": "#1"},
				"east": {"uv": [0, 0, 6, 2], "texture": "#1"},
				"south": {"uv": [0, 0, 5, 2], "texture": "#1"},
				"west": {"uv": [5, 0, 11, 2], "texture": "#1"},
				"up": {"uv": [11, 5, 16, 11], "texture": "#1"},
				"down": {"uv": [0, 5, 5, 11], "texture": "#1"}
			}
		},
		{
			"from": [11, 0, 5],
			"to": [16, 2, 11],
			
			"faces": {
				"north": {"uv": [0, 0, 5, 2], "texture": "#1"},
				"east": {"uv": [5, 0, 11, 2], "texture": "#1"},
				"south": {"uv": [0, 0, 5, 2], "texture": "#1"},
				"west": {"uv": [0, 0, 6, 2], "texture": "#1"},
				"up": {"uv": [0, 5, 5, 11], "texture": "#1"},
				"down": {"uv": [11, 5, 16, 11], "texture": "#1"}
			}
		}
	],
	"display": {
		"thirdperson_righthand": {
			"rotation": [75, 45, 0],
			"translation": [0, 2.5, 0],
			"scale": [0.375, 0.375, 0.375]
		},
		"thirdperson_lefthand": {
			"rotation": [75, 45, 0],
			"translation": [0, 2.5, 0],
			"scale": [0.375, 0.375, 0.375]
		},
		"firstperson_righthand": {
			"rotation": [0, 45, 0],
			"translation": [0, 3.5, 0],
			"scale": [0.4, 0.4, 0.4]
		},
		"firstperson_lefthand": {
			"rotation": [0, 45, 0],
			"translation": [0, 3.5, 0],
			"scale": [0.4, 0.4, 0.4]
		},
		"ground": {
			"translation": [0, 3, 0],
			"scale": [0.25, 0.25, 0.25]
		},
		"gui": {
			"rotation": [30, 225, 0],
			"scale": [0.625, 0.625, 0.625]
		},
		"fixed": {
			"scale": [0.5, 0.5, 0.5]
		}
	}
}