{
	"credit": "Yuushya",
	"textures": {
		"0": "block/amethyst_",
		"particle": "block/amethyst_"
	},
	"elements": [
		{
			"from": [5, 0, 10],
			"to": [8, 9, 13],
			
			"faces": {
				"north": {"uv": [6, 5, 9, 14], "texture": "#0"},
				"east": {"uv": [6, 5, 9, 14], "texture": "#0"},
				"south": {"uv": [6, 5, 9, 14], "texture": "#0"},
				"west": {"uv": [6, 5, 9, 14], "texture": "#0"},
				"up": {"uv": [6, 5, 9, 8], "texture": "#0"},
				"down": {"uv": [12, 0, 15, 3], "texture": "#0"}
			}
		},
		{
			"from": [8, 0, 3],
			"to": [11, 8, 6],
			
			"faces": {
				"north": {"uv": [3, 6, 6, 14], "texture": "#0"},
				"east": {"uv": [3, 6, 6, 14], "texture": "#0"},
				"south": {"uv": [3, 6, 6, 14], "texture": "#0"},
				"west": {"uv": [3, 6, 6, 14], "texture": "#0"},
				"up": {"uv": [3, 6, 6, 9], "texture": "#0"},
				"down": {"uv": [12, 0, 15, 3], "texture": "#0"}
			}
		},
		{
			"from": [9, 0, 10],
			"to": [12, 6, 13],
			
			"faces": {
				"north": {"uv": [0, 8, 3, 14], "texture": "#0"},
				"east": {"uv": [0, 8, 3, 14], "texture": "#0"},
				"south": {"uv": [0, 8, 3, 14], "texture": "#0"},
				"west": {"uv": [0, 8, 3, 14], "texture": "#0"},
				"up": {"uv": [0, 8, 3, 11], "texture": "#0"},
				"down": {"uv": [0, 8, 3, 11], "texture": "#0"}
			}
		},
		{
			"from": [5, 0, 4],
			"to": [8, 6, 7],
			
			"faces": {
				"north": {"uv": [0, 8, 3, 14], "texture": "#0"},
				"east": {"uv": [0, 8, 3, 14], "texture": "#0"},
				"south": {"uv": [0, 8, 3, 14], "texture": "#0"},
				"west": {"uv": [0, 8, 3, 14], "texture": "#0"},
				"up": {"uv": [0, 8, 3, 11], "texture": "#0"},
				"down": {"uv": [0, 8, 3, 11], "texture": "#0"}
			}
		},
		{
			"from": [11, 0, 5],
			"to": [14, 6, 8],
			
			"faces": {
				"north": {"uv": [0, 8, 3, 14], "texture": "#0"},
				"east": {"uv": [0, 8, 3, 14], "texture": "#0"},
				"south": {"uv": [0, 8, 3, 14], "texture": "#0"},
				"west": {"uv": [0, 8, 3, 14], "texture": "#0"},
				"up": {"uv": [0, 8, 3, 11], "texture": "#0"},
				"down": {"uv": [0, 8, 3, 11], "texture": "#0"}
			}
		},
		{
			"from": [8, 0, 7],
			"to": [11, 7, 10],
			
			"faces": {
				"north": {"uv": [3, 6, 6, 13], "texture": "#0"},
				"east": {"uv": [3, 6, 6, 13], "texture": "#0"},
				"south": {"uv": [3, 6, 6, 13], "texture": "#0"},
				"west": {"uv": [3, 6, 6, 13], "texture": "#0"},
				"up": {"uv": [3, 6, 6, 9], "texture": "#0"},
				"down": {"uv": [12, 0, 15, 3], "texture": "#0"}
			}
		},
		{
			"from": [3, 0, 7],
			"to": [6, 7, 10],
			
			"faces": {
				"north": {"uv": [3, 6, 6, 13], "texture": "#0"},
				"east": {"uv": [3, 6, 6, 13], "texture": "#0"},
				"south": {"uv": [3, 6, 6, 13], "texture": "#0"},
				"west": {"uv": [3, 6, 6, 13], "texture": "#0"},
				"up": {"uv": [3, 6, 6, 9], "texture": "#0"},
				"down": {"uv": [12, 0, 15, 3], "texture": "#0"}
			}
		}
	],
	"display": {
		"thirdperson_righthand": {
			"rotation": [75, 45, 0],
			"translation": [0, 2.5, 0],
			"scale": [0.375, 0.375, 0.375]
		},
		"thirdperson_lefthand": {
			"rotation": [75, 45, 0],
			"translation": [0, 2.5, 0],
			"scale": [0.375, 0.375, 0.375]
		},
		"firstperson_righthand": {
			"rotation": [0, 45, 0],
			"scale": [0.4, 0.4, 0.4]
		},
		"firstperson_lefthand": {
			"rotation": [0, 225, 0],
			"scale": [0.4, 0.4, 0.4]
		},
		"ground": {
			"translation": [0, 3, 0],
			"scale": [0.25, 0.25, 0.25]
		},
		"gui": {
			"rotation": [30, 225, 0],
			"scale": [0.7, 0.7, 0.7]
		},
		"fixed": {
			"scale": [0.5, 0.5, 0.5]
		}
	}
}