{
	"credit": "Yuushya",
	"parent": "minecraft:block/carpet",
	"textures": {
		"wool": "block/moss_block"
	},
	"elements": [
		{
			"from": [0, 0, 0],
			"to": [16, 1, 16],
			
			"faces": {
				"north": {"uv": [0, 15, 16, 16], "texture": "#wool"},
				"east": {"uv": [0, 15, 16, 16], "texture": "#wool"},
				"south": {"uv": [0, 15, 16, 16], "texture": "#wool"},
				"west": {"uv": [0, 15, 16, 16], "texture": "#wool"},
				"up": {"uv": [0, 0, 16, 16], "texture": "#wool"},
				"down": {"uv": [0, 0, 16, 16], "texture": "#wool"}
			}
		}
	]
}