{
	"credit": "Yuushya",
	"textures": {
		"1": "block/nether_bricks_fence",
		"particle": "block/nether_bricks_fence"
	},
	"elements": [
		{
			"name": "top bar",
			"from": [7, 9, 0],
			"to": [9, 11, 9],
			"faces": {
				"north": {"uv": [7, 1, 9, 4], "texture": "#1", "cullface": "north"},
				"east": {"uv": [3, 7, 12, 9], "texture": "#1"},
				"south": {"uv": [0, 0, 0, 0], "texture": "#1"},
				"west": {"uv": [3, 7, 12, 9], "texture": "#1"},
				"up": {"uv": [12, 3, 3, 5], "rotation": 90, "texture": "#1"},
				"down": {"uv": [7, 0, 9, 9], "texture": "#1"}
			}
		},
		{
			"name": "lower bar",
			"from": [6.5, 12, 0],
			"to": [9.5, 15, 9],
			"faces": {
				"north": {"uv": [11, 3, 14, 6], "texture": "#1", "cullface": "north"},
				"east": {"uv": [0, 0, 9, 3], "texture": "#1"},
				"south": {"uv": [0, 0, 0, 0], "texture": "#1"},
				"west": {"uv": [9, 0, 0, 3], "texture": "#1"},
				"up": {"uv": [9, 3, 0, 6], "rotation": 90, "texture": "#1"},
				"down": {"uv": [0, 3, 9, 6], "rotation": 90, "texture": "#1"}
			}
		},
		{
			"name": "lower bar",
			"from": [6.5, 1, 0],
			"to": [9.5, 4, 9],
			
			"faces": {
				"north": {"uv": [11, 3, 14, 6], "texture": "#1", "cullface": "north"},
				"east": {"uv": [0, 0, 9, 3], "texture": "#1"},
				"south": {"uv": [0, 0, 0, 0], "texture": "#1"},
				"west": {"uv": [9, 0, 0, 3], "texture": "#1"},
				"up": {"uv": [9, 3, 0, 6], "rotation": 90, "texture": "#1"},
				"down": {"uv": [0, 3, 9, 6], "rotation": 90, "texture": "#1"}
			}
		},
		{
			"name": "lower bar",
			"from": [7.5, 4, 0],
			"to": [8.5, 9, 9],
			"faces": {
				"north": {"uv": [7, 7, 9, 10], "texture": "#1", "cullface": "north"},
				"east": {"uv": [16, 9, 7, 14], "texture": "#1"},
				"south": {"uv": [0, 0, 0, 0], "texture": "#1"},
				"west": {"uv": [7, 9, 16, 14], "texture": "#1"},
				"up": {"uv": [7, 0, 9, 9], "texture": "#1"},
				"down": {"uv": [7, 0, 9, 9], "texture": "#1"}
			}
		}
	]
}